image_id,label,prob_0,prob_1,prob_2,prob_3,prob_4,pred_label,pred_confidence,self_confidence,true_label_probability,max_other_probability,normalized_margin,entropy,is_misclassified
4080945037.jpg,3,0.006118750444,0.00788470826,0.0486551447999999,0.91476854,0.0225728576,3,0.91476854,0.91476854,0.91476854,0.0486551447999999,0.8661133952000001,0.3835175714049381,False
2190663985.jpg,3,0.00968081096,0.00908401308,0.01302605164,0.9581271,0.0100819977942,3,0.9581271,0.9581271,0.9581271,0.01302605164,0.94510104836,0.23147619054834734,False
1892848839.jpg,3,0.0075928022914,0.007758617508,0.0463694407999999,0.929514242,0.0087648964896,3,0.929514242,0.929514242,0.929514242,0.0463694407999999,0.8831448012,0.3266221407766352,False
1584698721.jpg,0,0.93398074,0.01833065396,0.02686196162,0.00969233278,0.0111342956,0,0.93398074,0.93398074,0.93398074,0.02686196162,0.90711877838,0.32927560459149596,False
1071136061.jpg,3,0.009433103368,0.0342166681999999,0.00868939172,0.935828558,0.011832252683138,3,0.935828558,0.935828558,0.935828558,0.0342166681999999,0.9016118898000001,0.3152768734931473,False
1222634459.jpg,3,0.22634435,0.0565695042,0.02494722604,0.0987800326,0.593358868,4,0.593358868,0.0987800326,0.0987800326,0.593358868,-0.4945788354,1.12921215625463,True
1910478563.jpg,3,0.0091183777599999,0.01076170498,0.0383756716,0.93220725,0.009536979444,3,0.93220725,0.93220725,0.93220725,0.0383756716,0.8938315784,0.3265327410807934,False
2059048377.jpg,1,0.0660645632,0.763693892,0.045846345,0.0165421442,0.107853056,1,0.763693892,0.763693892,0.763693892,0.107853056,0.6558408360000001,0.8347484275838969,False
2373885965.jpg,3,0.007553107958,0.008315089852,0.0074122331619999,0.96626378,0.01045580698,3,0.96626378,0.96626378,0.96626378,0.01045580698,0.95580797302,0.19392918043034665,False
1117635403.jpg,3,0.008777559836,0.01012078205,0.01294195154,0.937637,0.03052272692,3,0.937637,0.937637,0.937637,0.03052272692,0.90711427308,0.3111945008206347,False
1278314475.jpg,2,0.00785604662,0.0120168196,0.70513748,0.0881622855999999,0.186827352,2,0.70513748,0.70513748,0.70513748,0.186827352,0.518310128,0.8650792714107846,False
2813469800.jpg,3,0.01072640222,0.01372468518,0.020618892082,0.945451104,0.00947891148,3,0.945451104,0.945451104,0.945451104,0.020618892082,0.924832211918,0.2847296338869044,False
4048354655.jpg,3,0.00885353136816,0.007612136774,0.008738853218,0.966798412,0.0079970290412,3,0.966798412,0.966798412,0.966798412,0.00885353136816,0.95794488063184,0.19166349608461206,False
573623784.jpg,3,0.00637136296604,0.0095702748868,0.00948667838,0.9143237,0.060247952,3,0.9143237,0.9143237,0.9143237,0.060247952,0.854075748,0.37204432997841985,False
4196010375.jpg,3,0.0111583075,0.010419626866,0.010470662376,0.959033764,0.0089176250656,3,0.959033764,0.959033764,0.959033764,0.0111583075,0.9478754564999999,0.2276605854865276,False
1172769653.jpg,3,0.01086820396,0.01644186804,0.0259977658,0.93058868,0.016103493636,3,0.93058868,0.93058868,0.93058868,0.0259977658,0.9045909141999999,0.345003637396008,False
3474016452.jpg,3,0.00903468042,0.01086293172,0.0115452009,0.934039836,0.0345173562,3,0.934039836,0.934039836,0.934039836,0.0345173562,0.8995224798,0.32308950507010487,False
2038601042.jpg,0,0.637987196,0.101088718,0.0137601686,0.01945466642,0.227709244,0,0.637987196,0.637987196,0.637987196,0.227709244,0.41027795199999995,0.9909646607507077,False
1812204593.jpg,3,0.0088947333602,0.00992505996,0.0143054698,0.95842914,0.0084456196998,3,0.95842914,0.95842914,0.95842914,0.0143054698,0.9441236702,0.2295566214331053,False
2292154193.jpg,0,0.628299956,0.20743652,0.02255956862,0.0278832828,0.113820706,0,0.628299956,0.628299956,0.628299956,0.20743652,0.420863436,1.0509763355346846,False
2962857550.jpg,4,0.00898839408,0.01083489072,0.882172624,0.01043733808,0.0875667404,2,0.882172624,0.0875667404,0.0875667404,0.882172624,-0.7946058836,0.46285017323461664,True
3222771047.jpg,1,0.00621773366,0.9368531,0.0144233808,0.0333944998,0.00911127752,1,0.9368531,0.9368531,0.9368531,0.0333944998,0.9034586002,0.31016444189607617,False
1339311059.jpg,3,0.01155434564,0.01121405246,0.0186886666,0.939287982,0.01925493582,3,0.939287982,0.939287982,0.939287982,0.01925493582,0.9200330461799999,0.31116328073950494,False
3571866681.jpg,0,0.1552785876,0.458504392,0.0317168412,0.1260965282,0.228403624,1,0.458504392,0.1552785876,0.1552785876,0.458504392,-0.3032258044,1.3545778114114064,True
51748275.jpg,2,0.01169011916,0.229058836,0.70387055,0.039200557,0.01617998446,2,0.70387055,0.70387055,0.70387055,0.229058836,0.474811714,0.830461796137726,False
3359054336.jpg,3,0.0128461804,0.1369552452,0.062042528,0.77797276,0.010183327,3,0.77797276,0.77797276,0.77797276,0.1369552452,0.6410175148,0.742728182159142,False
1165169660.jpg,3,0.0095170307902,0.0107381621,0.010115569,0.960446336,0.00918291846,3,0.960446336,0.960446336,0.960446336,0.0107381621,0.9497081739,0.22128519695728815,False
2961976125.jpg,3,0.0080831051656,0.0172754878,0.0296255582,0.9002656,0.0447502382,3,0.9002656,0.9002656,0.9002656,0.0447502382,0.8555153618,0.44692257121460277,False
4175214629.jpg,3,0.008506147702,0.010042086168,0.0115425456,0.961351832,0.0085573618498,3,0.961351832,0.961351832,0.961351832,0.0115425456,0.9498092864,0.21688421502222163,False
3241869544.jpg,3,0.009569459008,0.009884272446,0.007920072838,0.958460158,0.01416602616,3,0.958460158,0.958460158,0.958460158,0.01416602616,0.94429413184,0.2294124009836389,False
646999993.jpg,1,0.039676177,0.7905409800000001,0.0349281393999999,0.03787815632,0.096976548,1,0.7905409800000001,0.7905409800000001,0.7905409800000001,0.096976548,0.6935644320000001,0.7812709853852652,False
3850927712.jpg,3,0.008048846442,0.008199533832,0.0122004357,0.96264857,0.00890259868,3,0.96264857,0.96264857,0.96264857,0.0122004357,0.9504481343000001,0.21063771173582407,False
1666228761.jpg,3,0.0110935674,0.008006937509,0.280424756,0.686806726,0.013668039448,3,0.686806726,0.686806726,0.686806726,0.280424756,0.40638197000000004,0.761843179587996,False
2785296630.jpg,3,0.1608364179999999,0.136061941,0.0744484004,0.475125004,0.153528224,3,0.475125004,0.475125004,0.475125004,0.1608364179999999,0.3142885860000001,1.3999626562458387,False
4197342074.jpg,3,0.00827677007,0.013701318488,0.01272904778,0.95566116,0.00963170474,3,0.95566116,0.95566116,0.95566116,0.013701318488,0.941959841512,0.24206957742333257,False
1442952438.jpg,3,0.01300856909,0.007852436365,0.02203597958,0.947931236,0.0091717478244,3,0.947931236,0.947931236,0.947931236,0.02203597958,0.9258952564199999,0.2723337857500559,False
2579865055.jpg,3,0.01009493326,0.01733305762,0.0744804259999999,0.879012244,0.019079318,3,0.879012244,0.879012244,0.879012244,0.0744804259999999,0.8045318180000001,0.4990156351864179,False
526290781.jpg,4,0.02236271036,0.0126980236,0.0889319668,0.075852156,0.80015514,4,0.80015514,0.80015514,0.80015514,0.0889319668,0.7112231732,0.7296495375410817,False
3267710591.jpg,3,0.0132951038,0.01851583576,0.0176195782,0.92271196,0.027857525,3,0.92271196,0.92271196,0.92271196,0.027857525,0.894854435,0.37643202100864215,False
3736581727.jpg,0,0.6126454,0.072532908,0.2269856919999999,0.0421181736,0.0457177775999999,0,0.6126454,0.6126454,0.6126454,0.2269856919999999,0.3856597080000001,1.1015242755282424,False
20550531.jpg,3,0.007546315436,0.007874930044,0.01026627758,0.96401616,0.01029629264,3,0.96401616,0.96401616,0.96401616,0.01029629264,0.95371986736,0.20447548596016704,False
540729599.jpg,3,0.00913245654,0.00888749139,0.01112793862,0.946739324,0.0241127582,3,0.946739324,0.946739324,0.946739324,0.0241127582,0.9226265658,0.27655547862422913,False
542067115.jpg,2,0.01091417474,0.0109560012199999,0.32132484,0.6405091,0.01629591032,3,0.6405091,0.32132484,0.32132484,0.6405091,-0.31918426000000005,0.8159911135663518,True
461574055.jpg,3,0.1745767556,0.0171337534,0.0158236678,0.774488328,0.017977512092,3,0.774488328,0.774488328,0.774488328,0.1745767556,0.5999115724,0.7101590459000172,False
176734204.jpg,3,0.00871062422,0.00969592798,0.0321050896,0.93767574,0.011812630886,3,0.93767574,0.93767574,0.93767574,0.0321050896,0.9055706504,0.3094400402568927,False
84024270.jpg,3,0.04969563,0.00959067318,0.126426688,0.80480978,0.009477177856,3,0.80480978,0.80480978,0.80480978,0.126426688,0.678383092,0.6741246971651109,False
1213498907.jpg,3,0.00876249541,0.00868540948,0.010606169818,0.9629601,0.00898581274,3,0.9629601,0.9629601,0.9629601,0.010606169818,0.952353930182,0.20963871296344433,False
3918240878.jpg,3,0.0087202976,0.0086638219899999,0.01017626436,0.964770446,0.007669148768,3,0.964770446,0.964770446,0.964770446,0.01017626436,0.95459418164,0.20113372418583428,False
1172185263.jpg,3,0.0131371429839999,0.008111944539,0.00942361284,0.959793218,0.00953409132,3,0.959793218,0.959793218,0.959793218,0.0131371429839999,0.946656075016,0.22367370472987322,False
1432853954.jpg,3,0.007920085016,0.00853941306,0.0295277368,0.947130876,0.006881908168,3,0.947130876,0.947130876,0.947130876,0.0295277368,0.9176031392,0.2687134796808776,False
3271089723.jpg,2,0.0077522353376,0.007545292456,0.96742788,0.0081989946732,0.0090756071,2,0.96742788,0.96742788,0.96742788,0.0090756071,0.9583522729,0.18864334904698932,False
480419575.jpg,3,0.009051426248,0.009776549094,0.01082689748,0.96245404,0.0078910952848,3,0.96245404,0.96245404,0.96245404,0.01082689748,0.95162714252,0.211869544987769,False
902299178.jpg,3,0.0101139864028,0.01063112059,0.0077325663902,0.96142558,0.01009673736,3,0.96142558,0.96142558,0.96142558,0.01063112059,0.95079445941,0.21658831594808314,False
1463695600.jpg,3,0.00805456634,0.00906212548,0.01124176228,0.91697148,0.0546700442,3,0.91697148,0.91697148,0.91697148,0.0546700442,0.8623014358,0.37029193175586167,False
1913067109.jpg,3,0.007461179685,0.0079935375,0.0175402766,0.95718066,0.00982433724,3,0.95718066,0.95718066,0.95718066,0.0175402766,0.9396403834,0.2333728319721047,False
2189224346.jpg,4,0.0850619416,0.1695056399999999,0.0428856624,0.484230828,0.218315948,3,0.484230828,0.218315948,0.218315948,0.484230828,-0.26591487999999996,1.328928080675714,True
1612152421.jpg,3,0.0075794464812,0.0120945582,0.007588199588,0.964327044,0.008410725152,3,0.964327044,0.964327044,0.964327044,0.0120945582,0.9522324858,0.20265943906940026,False
217477861.jpg,3,0.0070468112,0.008518555588,0.0145044384,0.962279978,0.0076502187399999,3,0.962279978,0.962279978,0.962279978,0.0145044384,0.9477755395999999,0.2111942964230894,False
2532813742.jpg,2,0.009744999048,0.006908475962,0.89475721,0.0796074092,0.00898188625,2,0.89475721,0.89475721,0.89475721,0.0796074092,0.8151498008,0.4227842685584159,False
437398008.jpg,3,0.009694571341,0.0120463189944,0.007827326538,0.960398806,0.010032976231,3,0.960398806,0.960398806,0.960398806,0.0120463189944,0.9483524870056,0.2211191272714396,False
3859028489.jpg,2,0.013212318606,0.01705425318,0.933615288,0.0214285883,0.01468955114,2,0.933615288,0.933615288,0.933615288,0.0214285883,0.9121866997,0.33507891489569586,False
1436835230.jpg,3,0.0124497789,0.009989135164,0.00928621908,0.95570592,0.012568944452,3,0.95570592,0.95570592,0.95570592,0.012568944452,0.943136975548,0.24237680537586526,False
2815915727.jpg,3,0.008559148768,0.011462734316,0.01254000668,0.954078632,0.0133594910788,3,0.954078632,0.954078632,0.954078632,0.0133594910788,0.9407191409212,0.24938529431120082,False
1616411405.jpg,3,0.01512442496,0.0311242978,0.0236153606,0.91255696,0.01757893562,3,0.91255696,0.91255696,0.91255696,0.0311242978,0.8814326621999999,0.4143877602038917,False
3196839385.jpg,1,0.40515645,0.516943836,0.019145674402,0.0330142596,0.02573977069,1,0.516943836,0.516943836,0.516943836,0.40515645,0.11178738600000004,0.9896819665107064,False
2959379698.jpg,2,0.0070936744,0.00891819392,0.95470533,0.015214540438,0.0140682671999999,2,0.95470533,0.95470533,0.95470533,0.015214540438,0.939490789562,0.24511255810693555,False
2179057801.jpg,4,0.0312139219999999,0.0466124532,0.0506995519999999,0.013532999,0.85794104,4,0.85794104,0.85794104,0.85794104,0.0506995519999999,0.8072414880000002,0.5919827170382135,False
1201690046.jpg,1,0.011865809016,0.959496104,0.008043215149,0.01106771926,0.0095271465454,1,0.959496104,0.959496104,0.959496104,0.011865809016,0.947630294984,0.2252598198054303,False
227245436.jpg,3,0.0090094801779999,0.0090727119,0.0189348012,0.943873316,0.019109695916,3,0.943873316,0.943873316,0.943873316,0.019109695916,0.924763620084,0.2903529386304085,False
3917185101.jpg,3,0.012248401569,0.0184445715,0.01852592642,0.93867378,0.01210733049,3,0.93867378,0.93867378,0.93867378,0.01852592642,0.9201478535800001,0.31431017139168266,False
4123166218.jpg,3,0.007797492868,0.008639013711,0.0103889758,0.96481254,0.00836197304,3,0.96481254,0.96481254,0.96481254,0.0103889758,0.9544235642000001,0.20090838589913662,False
3621719262.jpg,3,0.0074436954616,0.0067857642539999,0.01143433074,0.966803044,0.007533217362,3,0.966803044,0.966803044,0.966803044,0.01143433074,0.95536871326,0.19094763087267103,False
2348415590.jpg,3,0.007962959934,0.007192347184,0.0279191544,0.948772524,0.0081530164483,3,0.948772524,0.948772524,0.948772524,0.0279191544,0.9208533696,0.26298725441350546,False
4049425598.jpg,2,0.0126114451,0.0336467648,0.6451708899999999,0.29881694,0.00975395628,2,0.6451708899999999,0.6451708899999999,0.6451708899999999,0.29881694,0.34635394999999997,0.858125673668512,False
3146496839.jpg,3,0.009003181392,0.0099243743,0.02981460898,0.8460821,0.1051757471999999,3,0.8460821,0.8460821,0.8460821,0.1051757471999999,0.7409063528000001,0.5711987069882839,False
2959800019.jpg,0,0.42337568,0.05121931,0.0615662596,0.038439691,0.42539905,4,0.42539905,0.42337568,0.42337568,0.42539905,-0.0020233700000000243,1.176581741388462,True
456107080.jpg,3,0.007736289782,0.0201648742,0.0324427248,0.927320168,0.01233592022,3,0.927320168,0.927320168,0.927320168,0.0324427248,0.8948774432,0.3517467267596286,False
1661096759.jpg,3,0.008613165679,0.0089760576584,0.01254936646,0.9611802,0.00868120834,3,0.9611802,0.9611802,0.9611802,0.01254936646,0.94863083354,0.2174616243787474,False
2698125226.jpg,3,0.00838374315,0.0105365681,0.0091313046,0.961458288,0.010490059,3,0.961458288,0.961458288,0.961458288,0.0105365681,0.9509217199,0.21653543013325288,False
1729916379.jpg,3,0.0102808256202,0.0095882627559999,0.1165725679999999,0.855709052,0.0078492689796,3,0.855709052,0.855709052,0.855709052,0.1165725679999999,0.7391364840000001,0.5135502931720521,False
3318141754.jpg,3,0.01501802462,0.0182882916,0.00983842434,0.9409125,0.01594273974,3,0.9409125,0.9409125,0.9409125,0.0182882916,0.9226242084,0.3049910536682629,False
3712064465.jpg,3,0.01641529072,0.01402297224,0.037744651,0.90189536,0.029921727,3,0.90189536,0.90189536,0.90189536,0.037744651,0.864150709,0.4491092947004924,False
1591211160.jpg,4,0.0470297138,0.052696975,0.1068158676,0.26235315,0.53110428,4,0.53110428,0.53110428,0.53110428,0.26235315,0.26875113,1.224902248741253,False
2815272486.jpg,2,0.011034435072,0.012518473604,0.948693656,0.01676447336,0.01098898601,2,0.948693656,0.948693656,0.948693656,0.01676447336,0.93192918264,0.2726453686161562,False
2580526345.jpg,3,0.0097429011238,0.0094782437062,0.00783115184,0.954381536,0.018566189,3,0.954381536,0.954381536,0.954381536,0.018566189,0.935815347,0.2458308700339254,False
2621947862.jpg,1,0.006961063324,0.94009018,0.0286078015,0.010317672024,0.01402332804,1,0.94009018,0.94009018,0.94009018,0.0286078015,0.9114823785,0.3013610915353623,False
2390908858.jpg,2,0.0117094561,0.01215612892,0.8897077600000001,0.0719082165999999,0.01451842068,2,0.8897077600000001,0.8897077600000001,0.8897077600000001,0.0719082165999999,0.8177995434000002,0.4603924639947973,False
2123562479.jpg,3,0.00778169291856,0.01105402482,0.012757264552,0.955181296,0.0132257193759999,3,0.955181296,0.955181296,0.955181296,0.0132257193759999,0.9419555766240001,0.24423654239713855,False
3819283472.jpg,3,0.0207533762782,0.010422508426,0.0110977762182,0.945569088,0.0121572812756,3,0.945569088,0.945569088,0.945569088,0.0207533762782,0.9248157117218,0.28447104000939955,False
1357133171.jpg,3,0.008254924718,0.0088021319839999,0.0510860088,0.899463498,0.0323934064,3,0.899463498,0.899463498,0.899463498,0.0510860088,0.8483774892,0.4396062967670475,False
215895607.jpg,4,0.0914392236,0.02464088048,0.00832481856,0.00995989222,0.8656351879999999,4,0.8656351879999999,0.8656351879999999,0.8656351879999999,0.0914392236,0.7741959643999999,0.5206582988526665,False
93658953.jpg,1,0.021207367,0.231420032,0.118567202,0.0817618054,0.547043598,4,0.547043598,0.231420032,0.231420032,0.547043598,-0.315623566,1.20794500300189,True
4272738876.jpg,3,0.01062529028,0.01078434384,0.0859250336,0.8682844359999999,0.0243808816,3,0.8682844359999999,0.8682844359999999,0.8682844359999999,0.0859250336,0.7823594023999999,0.521202810175418,False
2069885945.jpg,3,0.0998479251999999,0.076141074,0.0778782332,0.394601558,0.351531176,3,0.394601558,0.394601558,0.394601558,0.351531176,0.04307038200000002,1.359371262750419,False
3925441906.jpg,3,0.01122451038,0.0118629655999999,0.716162352,0.23844419,0.0223059693,2,0.716162352,0.23844419,0.23844419,0.716162352,-0.477718162,0.7687539337112878,True
631309846.jpg,3,0.00942278612,0.00832266964,0.6788812439999999,0.287847688,0.01552559942,2,0.6788812439999999,0.287847688,0.287847688,0.6788812439999999,-0.39103355599999995,0.7698778007767371,True
3114646654.jpg,3,0.00753575467,0.008956373244,0.0358064544,0.93843224,0.0092691851794,3,0.93843224,0.93843224,0.93843224,0.0358064544,0.9026257856000001,0.3013123635540369,False
3936409470.jpg,3,0.026495095156,0.0101891077,0.85603822,0.097091,0.01018654125,2,0.85603822,0.097091,0.097091,0.85603822,-0.7589472199999999,0.549141812423661,True
441313044.jpg,3,0.0103620903,0.0177104158,0.338102282,0.5256545,0.108170726,3,0.5256545,0.5256545,0.5256545,0.338102282,0.18755221800000005,1.0640585825220978,False
1934754539.jpg,2,0.0115445721999999,0.254292348,0.503359908,0.1768384696,0.0539646994,2,0.503359908,0.503359908,0.503359908,0.254292348,0.24906755999999997,1.2091547920425023,False
910617288.jpg,3,0.01320709818,0.01251559172,0.00789029238,0.95785094,0.008536061698,3,0.95785094,0.95785094,0.95785094,0.01320709818,0.94464384182,0.23209012786299782,False
1983454737.jpg,4,0.54680726,0.068205372,0.0890757862,0.00947732966,0.286434234,0,0.54680726,0.286434234,0.286434234,0.54680726,-0.260373026,1.1309082410906464,True
3604550259.jpg,4,0.007450509846,0.01671725288,0.03284376522,0.05137975678,0.891608714,4,0.891608714,0.891608714,0.891608714,0.05137975678,0.84022895722,0.47190695772326813,False
3820517266.jpg,4,0.01039103676,0.0184620054,0.28374636,0.0145681986,0.6728324059999999,4,0.6728324059999999,0.6728324059999999,0.6728324059999999,0.28374636,0.38908604599999996,0.8068066086562797,False
1391587362.jpg,3,0.00852404027,0.011608056696,0.0113177708,0.958061104,0.0104890181999999,3,0.958061104,0.958061104,0.958061104,0.011608056696,0.946453047304,0.23191112467145833,False
335890028.jpg,3,0.0086964697868,0.007150287604,0.0077094802499999,0.968915444,0.007528293968,3,0.968915444,0.968915444,0.968915444,0.0086964697868,0.9602189742131999,0.18150186934177728,False
2281113813.jpg,3,0.0088005991762,0.00777238734,0.006986537656,0.967296664,0.009143785828,3,0.967296664,0.967296664,0.967296664,0.009143785828,0.958152878172,0.18917391414025514,False
4276709796.jpg,4,0.00836987862,0.2894196,0.1017841012,0.0427883552,0.557638036,4,0.557638036,0.557638036,0.557638036,0.2894196,0.26821843599999995,1.0919785167479303,False
4252539994.jpg,2,0.0092947102,0.0161355418,0.92628068,0.038790433,0.009498602228,2,0.92628068,0.92628068,0.92628068,0.038790433,0.887490247,0.35128724691677976,False
1394172142.jpg,4,0.01931430944,0.022305023,0.224343656,0.01000266742,0.724034356,4,0.724034356,0.724034356,0.724034356,0.224343656,0.4996907,0.7762191671341552,False
398530204.jpg,4,0.0304247966,0.037857965,0.0190904165,0.01240462102,0.9002221819999999,4,0.9002221819999999,0.9002221819999999,0.9002221819999999,0.037857965,0.8623642169999999,0.4548510233668588,False
2141811305.jpg,3,0.007805391974,0.00670641393484,0.0082497738399999,0.967369876,0.0098685201308,3,0.967369876,0.967369876,0.967369876,0.0098685201308,0.9575013558692,0.18869019618265787,False
3777280771.jpg,2,0.0133245558119999,0.0109751422,0.9474764,0.015205429782,0.013018487332,2,0.9474764,0.9474764,0.9474764,0.015205429782,0.932270970218,0.27834775554460767,False
4057359447.jpg,0,0.8826469800000001,0.0450854178,0.02326260534,0.02285209796,0.0261529134,0,0.8826469800000001,0.8826469800000001,0.8826469800000001,0.0450854178,0.8375615622000001,0.519045220682275,False
1553566454.jpg,4,0.01521445198,0.0954557216,0.092595638,0.0253000411999999,0.77143416,4,0.77143416,0.77143416,0.77143416,0.0954557216,0.6759784383999999,0.8014643077509479,False
2514027748.jpg,3,0.008910169184,0.00977355892,0.4484074079999999,0.520294712,0.01261413564,3,0.520294712,0.520294712,0.520294712,0.4484074079999999,0.0718873040000001,0.8420408139492267,False
2858265000.jpg,3,0.00838040288,0.008482286002,0.0266880472,0.94778836,0.0086608972033999,3,0.94778836,0.94778836,0.94778836,0.0266880472,0.9211003128,0.26919200410881333,False
4121034467.jpg,3,0.008914657098,0.01168386774,0.0154418562,0.95484698,0.009112620007,3,0.95484698,0.95484698,0.95484698,0.0154418562,0.9394051238,0.2453984311468509,False
4161456491.jpg,3,0.02295963298,0.0123277493,0.010701026258,0.592141812,0.36186982,3,0.592141812,0.592141812,0.592141812,0.36186982,0.23027199200000004,0.8675144476939619,False
3533375796.jpg,4,0.01606682408,0.0071785478,0.013043968,0.01626076182,0.94744986,4,0.94744986,0.94744986,0.94744986,0.01626076182,0.93118909818,0.2765360680109293,False
697372150.jpg,3,0.008127221962,0.01123321404,0.00934259094,0.96314812,0.00814885835573,3,0.96314812,0.96314812,0.96314812,0.01123321404,0.9519149059600001,0.20855599529623903,False
1764594695.jpg,3,0.008056604458,0.009475245424,0.0098121802,0.964511766,0.0081441987239,3,0.964511766,0.964511766,0.964511766,0.0098121802,0.9546995858,0.20238986937918077,False
4019067935.jpg,3,0.01211069402,0.0096549154796,0.0428793216,0.92442349,0.0109316103712,3,0.92442349,0.92442349,0.92442349,0.0428793216,0.8815441684,0.35531083224979076,False
362012495.jpg,3,0.0074397005019999,0.0637744612,0.02298130484,0.8893133520000001,0.0164911876,3,0.8893133520000001,0.8893133520000001,0.8893133520000001,0.0637744612,0.8255388908000001,0.4707211830428948,False
2758510429.jpg,3,0.00963368118,0.00782123694,0.0180111366,0.95680632,0.007727613194,3,0.95680632,0.95680632,0.95680632,0.0180111366,0.9387951834,0.23483704827665117,False
4058647833.jpg,3,0.00999042856,0.0164542548,0.0183230778,0.93728942,0.01794285898,3,0.93728942,0.93728942,0.93728942,0.0183230778,0.9189663422000001,0.31972472816919517,False
3753049842.jpg,3,0.0086670314,0.00985733956,0.028459942,0.937947348,0.0150683276,3,0.937947348,0.937947348,0.937947348,0.028459942,0.909487406,0.31128601096185754,False
597003847.jpg,4,0.091148796,0.182293988,0.0319417756,0.0555019598,0.639113486,4,0.639113486,0.639113486,0.639113486,0.182293988,0.456819498,1.085205400837929,False
2175511661.jpg,3,0.0079093735,0.0131102265,0.0301584542,0.942113396,0.0067085316084,3,0.942113396,0.942113396,0.942113396,0.0301584542,0.9119549418,0.290446904421213,False
3110572972.jpg,3,0.008640801982,0.01400472968,0.144456258,0.818140782,0.01475743156,3,0.818140782,0.818140782,0.818140782,0.144456258,0.673684524,0.6067581642567499,False
3472375086.jpg,4,0.84664214,0.03548359,0.0091139121,0.004643166816,0.10411718,0,0.84664214,0.10411718,0.10411718,0.84664214,-0.74252496,0.5627144813888928,True
2606312417.jpg,3,0.007699890024,0.007948722916,0.01057419397,0.96648849,0.007288703878,3,0.96648849,0.96648849,0.96648849,0.01057419397,0.95591429603,0.19282198732770267,False
1419674728.jpg,3,0.623451148,0.11893257,0.0140519451599999,0.0733828772,0.170181444,0,0.623451148,0.0733828772,0.0733828772,0.623451148,-0.5500682708,1.1007872141313328,True
1505566999.jpg,3,0.01788795882,0.005438027666,0.015109601,0.93976052,0.021803900746,3,0.93976052,0.93976052,0.93976052,0.021803900746,0.917956619254,0.3054780306028756,False
1141170826.jpg,3,0.00967903148,0.01253785298,0.01061834238,0.9573182,0.0098465595206,3,0.9573182,0.9573182,0.9573182,0.01253785298,0.94478034702,0.23530986893640998,False
4171305326.jpg,0,0.5722414,0.1122770284,0.1128651,0.0149004212,0.187716014,0,0.5722414,0.5722414,0.5722414,0.187716014,0.384525386,1.1878626269288124,False
2917507472.jpg,3,0.0099281854676,0.009596020838,0.01017184584,0.958713184,0.011590784776,3,0.958713184,0.958713184,0.958713184,0.011590784776,0.9471223992240001,0.22913830428981002,False
3148593794.jpg,3,0.025875042644,0.01391372543,0.0092567119,0.89905178,0.0519027297,3,0.89905178,0.89905178,0.89905178,0.0519027297,0.8471490503,0.44660339750702893,False
1996862654.jpg,3,0.010570427978,0.00963762504,0.01400334542,0.954016792,0.0117718008278,3,0.954016792,0.954016792,0.954016792,0.01400334542,0.94001344658,0.24980386202344637,False
783771621.jpg,2,0.01300797568,0.01155444038,0.94109065,0.024470925,0.009876020642,2,0.94109065,0.94109065,0.94109065,0.024470925,0.916619725,0.30156063395970456,False
2857712937.jpg,0,0.5936131800000001,0.33782647,0.00908922398,0.0364072862,0.0230638752,0,0.5936131800000001,0.5936131800000001,0.5936131800000001,0.33782647,0.2557867100000001,0.9264837969891886,False
2937880643.jpg,3,0.0407352356,0.0193262037,0.0143174133,0.914390932,0.0112302052799999,3,0.914390932,0.914390932,0.914390932,0.0407352356,0.8736556964,0.3996916892889871,False
4068398781.jpg,4,0.688409378,0.063252806,0.08115019636,0.0084131046399999,0.158774512,0,0.688409378,0.158774512,0.158774512,0.688409378,-0.529634866,0.9678396776792393,True
1550668897.jpg,3,0.00741986056,0.0351215436,0.0222944086,0.867775256,0.067388916,3,0.867775256,0.867775256,0.867775256,0.067388916,0.8003863400000001,0.5436354316413698,False
4114788959.jpg,2,0.0064425316,0.01096676022,0.102807588,0.00836432206,0.871418776,4,0.871418776,0.102807588,0.102807588,0.871418776,-0.768611188,0.4758185505497716,True
3061780268.jpg,3,0.01023137132,0.0095948498,0.058329378,0.912967252,0.0088771176186,3,0.912967252,0.912967252,0.912967252,0.058329378,0.8546378739999999,0.38228601883797814,False
2943837219.jpg,4,0.0204638114,0.01017390264,0.008998403,0.077829756,0.882534122,4,0.882534122,0.882534122,0.882534122,0.077829756,0.8047043660000001,0.4776486762072446,False
288080098.jpg,3,0.009381627072,0.0104626093,0.0100497045999999,0.94007026,0.0300358066,3,0.94007026,0.94007026,0.94007026,0.0300358066,0.9100344534,0.3011259874327398,False
3526706530.jpg,3,0.011074318788,0.014957974,0.0210841249,0.935745302,0.017138300036,3,0.935745302,0.935745302,0.935745302,0.0210841249,0.9146611771,0.32593522904195327,False
2816088621.jpg,3,0.01351650412,0.0333065772,0.0136661266,0.8422605200000001,0.0972502932,3,0.8422605200000001,0.8422605200000001,0.8422605200000001,0.0972502932,0.7450102268000001,0.601374380053638,False
821895788.jpg,2,0.004652434784,0.045124234,0.526192898,0.0215606892,0.4024698063999999,2,0.526192898,0.526192898,0.526192898,0.4024698063999999,0.12372309160000011,0.9516849277894195,False
72925791.jpg,0,0.0183968658,0.06945577,0.0670241528,0.0396794912,0.80544371,4,0.80544371,0.0183968658,0.0183968658,0.80544371,-0.7870468442,0.7422054030955225,True
1007196516.jpg,3,0.010279106296,0.02441823682,0.050138161,0.888030064,0.027134402,3,0.888030064,0.888030064,0.888030064,0.050138161,0.8378919029999999,0.49109289361311703,False
605921029.jpg,3,0.00964043325,0.00956664558,0.01307755136,0.9563959,0.01131950766,3,0.9563959,0.9563959,0.9563959,0.01307755136,0.94331834864,0.23930880704790153,False
4013834415.jpg,3,0.0210146334,0.1809786743999999,0.089653524,0.501164356,0.2071888139999999,3,0.501164356,0.501164356,0.501164356,0.2071888139999999,0.2939755420000001,1.2791130083370694,False
3951490557.jpg,3,0.056991344,0.161651736,0.098614954,0.1397764859999999,0.542965498,4,0.542965498,0.1397764859999999,0.1397764859999999,0.542965498,-0.4031890120000001,1.2929303319916314,True
2016929365.jpg,3,0.009647252618,0.01414103522,0.00988679682,0.9571036,0.00922132340812,3,0.9571036,0.9571036,0.9571036,0.01414103522,0.9429625647800001,0.2358149067511279,False
759559409.jpg,1,0.542649132,0.34923,0.0135281408,0.0504559011999999,0.04413684,0,0.542649132,0.34923,0.34923,0.542649132,-0.193419132,1.0457488133432555,True
2656351084.jpg,3,0.01509643042,0.06049542978,0.01869267122,0.8861038699999999,0.01961160244,3,0.8861038699999999,0.8861038699999999,0.8861038699999999,0.06049542978,0.8256084402199999,0.49164893149600275,False
1729836525.jpg,4,0.039180157738,0.01617111876,0.0183156036,0.032289485,0.894043624,4,0.894043624,0.894043624,0.894043624,0.039180157738,0.854863466262,0.47787189559141907,False
2398306504.jpg,4,0.310253576,0.1309007,0.00450131692,0.0082532611,0.5460911319999999,4,0.5460911319999999,0.5460911319999999,0.5460911319999999,0.310253576,0.23583755599999995,1.0235554345129605,False
3553602549.jpg,3,0.0073951260118,0.0081005974048,0.007956018766,0.962257704,0.01429056578,3,0.962257704,0.962257704,0.962257704,0.01429056578,0.94796713822,0.2114858799969397,False
314640668.jpg,1,0.006503281558,0.968303482,0.00815553371,0.008103836016,0.00893382794,1,0.968303482,0.968303482,0.968303482,0.00893382794,0.9593696540600001,0.18432852303528155,False
510873412.jpg,3,0.01227273558,0.008422774,0.01051568416,0.92402042,0.0447683588,3,0.92402042,0.92402042,0.92402042,0.0447683588,0.8792520612,0.35421543545763046,False
3205290572.jpg,3,0.007761127328,0.0078348343,0.0952257694,0.877418104,0.011760174286,3,0.877418104,0.877418104,0.877418104,0.0952257694,0.7821923345999999,0.4666170609955964,False
4046154865.jpg,1,0.00850943338,0.91537784,0.011462834,0.0551872976,0.0094626022,1,0.91537784,0.91537784,0.91537784,0.0551872976,0.8601905424,0.376698866898179,False
1586262485.jpg,4,0.4507502599999999,0.01638955478,0.0183926336,0.0135403288,0.50092724,4,0.50092724,0.50092724,0.50092724,0.4507502599999999,0.05017698000000009,0.9045891439376494,False
541812079.jpg,3,0.009005813888,0.008838080624,0.009587855762,0.96516836,0.0073998843224,3,0.96516836,0.96516836,0.96516836,0.009587855762,0.9555805042379999,0.19928992575423254,False
4276437960.jpg,3,0.0095659566672,0.01012866518,0.010821970868,0.95726184,0.01222153578,3,0.95726184,0.95726184,0.95726184,0.01222153578,0.9450403042200001,0.23561625798983366,False
3316569726.jpg,2,0.0069835620632,0.007815593504,0.87726196,0.0988354762,0.009103417832,2,0.87726196,0.87726196,0.87726196,0.0988354762,0.7784264838,0.45897603450472296,False
982343142.jpg,3,0.01149086631,0.01639238082,0.0174843871,0.94387562,0.010756753594,3,0.94387562,0.94387562,0.94387562,0.0174843871,0.9263912329,0.2927293320318963,False
3850139583.jpg,0,0.79871801,0.0257222072,0.019611009,0.00925584088,0.1466929296,0,0.79871801,0.79871801,0.79871801,0.1466929296,0.6520250804,0.6756721306035334,False
3099115140.jpg,3,0.010302072662,0.009337508716,0.01428673476,0.948568908,0.01750476412,3,0.948568908,0.948568908,0.948568908,0.01750476412,0.93106414388,0.2723701226869907,False
1683319632.jpg,4,0.01576430726,0.01073655076,0.0184428521,0.8449625000000001,0.1100937736,3,0.8449625000000001,0.1100937736,0.1100937736,0.8449625000000001,-0.7348687264,0.5730047036978669,True
2912509098.jpg,2,0.01397857,0.007633824912,0.952437344,0.01839767724,0.00755264424198,2,0.952437344,0.952437344,0.952437344,0.01839767724,0.93403966676,0.2537306844287891,False
294242355.jpg,3,0.00857090172,0.0271894908,0.1014687956,0.8427264999999999,0.0200443226,3,0.8427264999999999,0.8427264999999999,0.8427264999999999,0.1014687956,0.7412577043999999,0.5935400517451993,False
4048156987.jpg,3,0.00916252624,0.0866459015999999,0.080935624,0.81255906,0.0106968915,3,0.81255906,0.81255906,0.81255906,0.0866459015999999,0.7259131584000001,0.6756067132163711,False
270413076.jpg,3,0.008520400864,0.008622121472,0.01007498064,0.963337538,0.00944495064,3,0.963337538,0.963337538,0.963337538,0.01007498064,0.95326255736,0.2079255207173341,False
138347790.jpg,3,0.009819056842,0.010619718178,0.0265632957999999,0.931293536,0.0217043864,3,0.931293536,0.931293536,0.931293536,0.0265632957999999,0.9047302402,0.3394656186547971,False
326197492.jpg,1,0.01130839752,0.947966778,0.0095681618038,0.0214489866,0.0097076472799999,1,0.947966778,0.947966778,0.947966778,0.0214489866,0.9265177913999999,0.27322946456240976,False
1416607824.jpg,3,0.00956293052,0.01943521968,0.00961240568,0.950747596,0.01064186402,3,0.950747596,0.950747596,0.950747596,0.01943521968,0.9313123763200001,0.26206544720583946,False
3763388543.jpg,3,0.0098439512,0.015577439,0.01148592382,0.953085494,0.01000720744,3,0.953085494,0.953085494,0.953085494,0.015577439,0.937508055,0.25349761685910555,False
1870824948.jpg,4,0.237106056,0.235212912,0.0416784816,0.01472923858,0.4712732979999999,4,0.4712732979999999,0.4712732979999999,0.4712732979999999,0.237106056,0.2341672419999999,1.2307879398201464,False
2165052077.jpg,4,0.008431248642,0.0102261128599999,0.03584192,0.8610049200000001,0.0844958496,3,0.8610049200000001,0.0844958496,0.0844958496,0.8610049200000001,-0.7765090704000001,0.5440825845077539,True
445058593.jpg,2,0.010530796,0.01361578022,0.247774708,0.710744942,0.0173337642,3,0.710744942,0.247774708,0.247774708,0.710744942,-0.46297023400000004,0.7651241100446845,True
3878767715.jpg,3,0.00742023138,0.0142549154,0.0419787408,0.92922124,0.00712488008,3,0.92922124,0.92922124,0.92922124,0.0419787408,0.8872424992,0.33351482988009296,False
1704973107.jpg,3,0.0076083384376,0.006723679876,0.187274842,0.786110824,0.01228233276,3,0.786110824,0.786110824,0.786110824,0.187274842,0.598835982,0.6276894401184694,False
2195757923.jpg,4,0.02240558548,0.0201311864,0.02670081168,0.0319778228399999,0.8987845919999999,4,0.8987845919999999,0.8987845919999999,0.8987845919999999,0.0319778228399999,0.86680676916,0.46646856091568245,False
2463819050.jpg,4,0.04727131006,0.0395140888,0.0169515676399999,0.03487379,0.861389212,4,0.861389212,0.861389212,0.861389212,0.04727131006,0.81411790194,0.5866211625854346,False
1969050726.jpg,3,0.0259670926,0.01323177102,0.0278747764,0.92211992,0.010806446424,3,0.92211992,0.92211992,0.92211992,0.0278747764,0.8942451436,0.3755186062034636,False
2323359188.jpg,1,0.010836660646,0.95599572,0.01015312867,0.01035884456,0.012655628208,1,0.95599572,0.95599572,0.95599572,0.012655628208,0.943340091792,0.24129784418757272,False
2939402823.jpg,3,0.009127170654,0.01108077741,0.0163057322,0.95403866,0.00944763214,3,0.95403866,0.95403866,0.95403866,0.0163057322,0.9377329278000001,0.2488090486238413,False
918696208.jpg,3,0.011891389602,0.00964904622,0.008069118422,0.960222624,0.0101678517552,3,0.960222624,0.960222624,0.960222624,0.011891389602,0.948331234398,0.22200396275423565,False
234399557.jpg,4,0.007955942524,0.00707428904,0.0129883178,0.01020548446,0.96177594,4,0.96177594,0.96177594,0.96177594,0.0129883178,0.9487876222,0.21417642958346159,False
486370102.jpg,1,0.180125498,0.149744654,0.013074355908,0.009460756476,0.647594712,4,0.647594712,0.149744654,0.149744654,0.647594712,-0.49785005799999993,0.9752633055142216,True
2377043047.jpg,3,0.009123772524,0.008133646932,0.01303275712,0.9609845,0.0087253132576,3,0.9609845,0.9609845,0.9609845,0.01303275712,0.9479517428800001,0.21817177633347398,False
712443028.jpg,3,0.007818364818,0.0075371621499999,0.0354462919,0.939477348,0.00972082,3,0.939477348,0.939477348,0.939477348,0.0354462919,0.9040310561,0.296845645463728,False
2837653257.jpg,3,0.00748264642,0.009944065234,0.0204934808,0.950051484,0.012028336912,3,0.950051484,0.950051484,0.950051484,0.0204934808,0.9295580031999999,0.26400108476879786,False
63775422.jpg,2,0.009160078188,0.441986936,0.50025489,0.01892925618,0.0296687978,2,0.50025489,0.50025489,0.50025489,0.441986936,0.05826795400000001,0.9298118768289442,False
164643516.jpg,2,0.008171769282,0.01071258852,0.8897712,0.0801643238,0.0111801091,2,0.8897712,0.8897712,0.8897712,0.0801643238,0.8096068761999999,0.444343355501119,False
1349874091.jpg,3,0.008268860506,0.0096043879136,0.01305386228,0.960100982,0.008971909676,3,0.960100982,0.960100982,0.960100982,0.01305386228,0.94704711972,0.2222880152327381,False
3829295052.jpg,2,0.01168502342,0.01345380492,0.8852754039999999,0.073436837,0.01614893516,2,0.8852754039999999,0.8852754039999999,0.8852754039999999,0.073436837,0.8118385669999999,0.47623077606732056,False
4002980483.jpg,3,0.0078645399,0.013801162,0.02341774582,0.92886556,0.026050978,3,0.92886556,0.92886556,0.92886556,0.026050978,0.902814582,0.3487018345649756,False
1315797481.jpg,1,0.007598530096,0.954021036,0.01488793688,0.01087077737,0.01262171363,1,0.954021036,0.954021036,0.954021036,0.01488793688,0.93913309912,0.24896177193386934,False
2185220141.jpg,3,0.00712698578,0.00771027038,0.008511314648,0.967608812,0.009042582122,3,0.967608812,0.967608812,0.967608812,0.009042582122,0.958566229878,0.1877283859143229,False
256352498.jpg,2,0.0083734674,0.01127200964,0.94149748,0.0309927582,0.0078642966464,2,0.94149748,0.94149748,0.94149748,0.0309927582,0.9105047218,0.2931391123416174,False
2773629343.jpg,3,0.0081388066959999,0.01036099868,0.1425301458,0.831789036,0.0071810739962,3,0.831789036,0.831789036,0.831789036,0.1425301458,0.6892588902,0.5528248310125329,False
1784483184.jpg,1,0.0100159997,0.493069484,0.2273182712,0.0077232317399999,0.2618729939999999,1,0.493069484,0.493069484,0.493069484,0.2618729939999999,0.2311964900000001,1.1199561837394347,False
1586338305.jpg,3,0.0075504037556,0.0087234237,0.01320003866,0.961838902,0.008687255312,3,0.961838902,0.961838902,0.961838902,0.01320003866,0.94863886334,0.2140326609722164,False
3362714719.jpg,2,0.0099795809404,0.0098413201536,0.926650384,0.01218531816,0.041343419,2,0.926650384,0.926650384,0.926650384,0.041343419,0.885306965,0.3474683496233356,False
1644070487.jpg,3,0.008090332442,0.007699082764,0.0100899058299999,0.963545144,0.010575604296,3,0.963545144,0.963545144,0.963545144,0.010575604296,0.952969539704,0.20670876907169836,False
738656611.jpg,3,0.01567124748,0.067317844,0.061368902,0.38462174,0.471020244,4,0.471020244,0.38462174,0.38462174,0.471020244,-0.08639850399999999,1.140159540578597,True
2875237501.jpg,3,0.0093316903945,0.007642844738,0.01025225922,0.95920918,0.01356402582,3,0.95920918,0.95920918,0.95920918,0.01356402582,0.94564515418,0.22610575243988607,False
889645201.jpg,2,0.012136977762,0.009088917026,0.6873737639999999,0.2733415424,0.0180588047816,2,0.6873737639999999,0.6873737639999999,0.6873737639999999,0.2733415424,0.4140322215999999,0.7809704958153959,False
3198640904.jpg,4,0.008761181388,0.013115561982,0.02497909736,0.818889738,0.134254444,3,0.818889738,0.134254444,0.134254444,0.818889738,-0.684635294,0.6237178215539811,True
594027454.jpg,1,0.0368784042,0.930082516,0.00458730594,0.00919040648,0.0192613364,1,0.930082516,0.930082516,0.930082516,0.0368784042,0.8932041118,0.33299281420075005,False
135254587.jpg,1,0.0338695064,0.920084328,0.006781289562,0.01690378696,0.0223611082,1,0.920084328,0.920084328,0.920084328,0.0338695064,0.8862148216,0.37910616185132723,False
2342166516.jpg,3,0.0087221116564,0.010227670857,0.00890333406,0.95917732,0.012969549522,3,0.95917732,0.95917732,0.95917732,0.012969549522,0.946207770478,0.22659733324530554,False
2049272993.jpg,3,0.008688719886,0.01012990339,0.33428736,0.626290768,0.02060323004,3,0.626290768,0.626290768,0.626290768,0.33428736,0.2920034080000001,0.8271052190415901,False
2280080909.jpg,2,0.008402501905,0.0077872073898,0.964253806,0.010300713864,0.0092557884376,2,0.964253806,0.964253806,0.964253806,0.010300713864,0.953953092136,0.203537654235834,False
3141004522.jpg,3,0.0093954367199999,0.007594726576,0.00949661764,0.96167636,0.01183684194,3,0.96167636,0.96167636,0.96167636,0.01183684194,0.94983951806,0.21523640972783953,False
686958649.jpg,1,0.006972387822,0.69370436,0.2132563699999999,0.0582135036,0.02785336678,1,0.69370436,0.69370436,0.69370436,0.2132563699999999,0.48044799000000016,0.8831297620412526,False
370015561.jpg,3,0.01587016168,0.0125252532,0.0139143036,0.919628852,0.038061437,3,0.919628852,0.919628852,0.919628852,0.038061437,0.881567415,0.381554234870066,False
3342918940.jpg,3,0.009185588042,0.01261249938,0.01223648908,0.95677669,0.00918873106236,3,0.95677669,0.95677669,0.95677669,0.01261249938,0.94416419062,0.23748667376061905,False
3589892630.jpg,1,0.0090156506678,0.86232803,0.0654534392,0.0522210049999999,0.01098187176,1,0.86232803,0.86232803,0.86232803,0.0654534392,0.7968745908,0.5523491304132075,False
2818838950.jpg,4,0.089028656,0.0211310636,0.01009486696,0.01980852162,0.85993688,4,0.85993688,0.85993688,0.85993688,0.089028656,0.770908224,0.5506814905652562,False
1492387026.jpg,3,0.007174821084,0.00761055214,0.00848000748,0.968314124,0.0084204729436,3,0.968314124,0.968314124,0.968314124,0.00848000748,0.9598341165200001,0.1844031594939757,False
1613918546.jpg,1,0.0697394765999999,0.8132371199999999,0.01743483562,0.0305548542,0.069033734,1,0.8132371199999999,0.8132371199999999,0.8132371199999999,0.0697394765999999,0.7434976434,0.7155572721215321,False
1269902527.jpg,1,0.0198142727999999,0.7526465,0.0381710364,0.0290437578,0.160324452,1,0.7526465,0.7526465,0.7526465,0.160324452,0.592322048,0.81249211216137,False
2847670157.jpg,3,0.00978160396,0.007425920686,0.116911042,0.853637384,0.01224402835,3,0.853637384,0.853637384,0.853637384,0.116911042,0.736726342,0.5215947337201232,False
3789114183.jpg,3,0.0072637630199999,0.00861424634,0.1069278119999999,0.867305852,0.009888314544,3,0.867305852,0.867305852,0.867305852,0.1069278119999999,0.7603780400000001,0.4848972011041156,False
1414812251.jpg,3,0.00985440008486,0.0104668630208,0.012003992544,0.956918536,0.010756203474,3,0.956918536,0.956918536,0.956918536,0.012003992544,0.944914543456,0.23722754612692204,False
1589160306.jpg,3,0.008264762588,0.00901162799,0.01270936462,0.95846298,0.0115512264,3,0.95846298,0.95846298,0.95846298,0.01270936462,0.9457536153799999,0.22974711202748108,False
1600762531.jpg,3,0.0082011241539999,0.0103816218,0.01242656152,0.95887808,0.010112627522,3,0.95887808,0.95887808,0.95887808,0.01242656152,0.94645151848,0.22806272868009253,False
3391947376.jpg,3,0.0729773508,0.0987831092,0.0823188406,0.5158138400000001,0.2301068439999999,3,0.5158138400000001,0.5158138400000001,0.5158138400000001,0.2301068439999999,0.28570699600000016,1.3048040773479268,False
2237983224.jpg,3,0.007494914494,0.008728673071,0.00765901058,0.966194616,0.0099227697,3,0.966194616,0.966194616,0.966194616,0.0099227697,0.9562718463,0.19437460024173597,False
2559464808.jpg,2,0.0205464883,0.0336048894,0.900163644,0.030634463,0.01505052454,2,0.900163644,0.900163644,0.900163644,0.0336048894,0.8665587546000001,0.45846424462261376,False
1986950295.jpg,3,0.009801631728,0.009756178892,0.01258690166,0.95419096,0.0136643317938,3,0.95419096,0.95419096,0.95419096,0.0136643317938,0.9405266282062,0.24897711730799665,False
223775564.jpg,3,0.0079567599488,0.010424909216,0.0131375979,0.926220032,0.0422606808,3,0.926220032,0.926220032,0.926220032,0.0422606808,0.8839593512,0.3476484357793415,False
1242176689.jpg,3,0.0096154718079999,0.006886934662,0.016880157748,0.933095182,0.033522214,3,0.933095182,0.933095182,0.933095182,0.033522214,0.899572968,0.32628159108846055,False
3575454686.jpg,4,0.113543288,0.0330928672,0.006057194498,0.00653699093,0.840769686,4,0.840769686,0.840769686,0.840769686,0.113543288,0.727226398,0.5694514717379628,False
112557905.jpg,3,0.01039758582,0.0181715896,0.0180781932,0.946004072,0.00734855301,3,0.946004072,0.946004072,0.946004072,0.0181715896,0.9278324824,0.28147224712231655,False
437629432.jpg,3,0.010285969432,0.011770162448,0.01106051742,0.957744838,0.009138501896,3,0.957744838,0.957744838,0.957744838,0.011770162448,0.945974675552,0.23344178774856245,False
1485689723.jpg,3,0.011912598046,0.01093422632,0.010168143298,0.94152578,0.0254592407999999,3,0.94152578,0.94152578,0.94152578,0.0254592407999999,0.9160665392,0.29899149592353047,False
3838771516.jpg,3,0.007935600344,0.01428399438,0.0358930938,0.9342548,0.00763252474,3,0.9342548,0.9342548,0.9342548,0.0358930938,0.8983617062,0.3192369110683927,False
4146091086.jpg,1,0.0356518724,0.77860328,0.00542636406,0.040349262,0.139969234,1,0.77860328,0.77860328,0.77860328,0.139969234,0.638634046,0.7467710934761902,False
2343109986.jpg,1,0.026336748,0.886424652,0.0242599622,0.0429859524,0.0199927041,1,0.886424652,0.886424652,0.886424652,0.0429859524,0.8434386996,0.506359807323149,False
155007305.jpg,2,0.0317132356,0.329318668,0.0335568588,0.032635336,0.572775908,4,0.572775908,0.0335568588,0.0335568588,0.572775908,-0.5392190492,1.0200115754908197,True
3401928000.jpg,1,0.0071296093712,0.97387122,0.006406534212,0.0075134087,0.005079231082,1,0.97387122,0.97387122,0.97387122,0.0075134087,0.9663578113000001,0.15696552363158306,False
4099957665.jpg,3,0.0078091068966,0.0083501278739,0.008483791006,0.966778196,0.00857874454,3,0.966778196,0.966778196,0.966778196,0.00857874454,0.9581994514600001,0.19180246772505238,False
2985605315.jpg,2,0.01545567808,0.2433920822,0.646923176,0.01060608728,0.0836229658,2,0.646923176,0.646923176,0.646923176,0.2433920822,0.4035310938000001,0.945856493145578,False
549529055.jpg,1,0.0378903294,0.581442052,0.058110444,0.3016111543999999,0.0209460154,1,0.581442052,0.581442052,0.581442052,0.3016111543999999,0.2798308976000001,1.0471381758900753,False
2108674538.jpg,3,0.008211130902,0.009635417124,0.0126880597,0.952718004,0.0167473957,3,0.952718004,0.952718004,0.952718004,0.0167473957,0.9359706082999999,0.25420740272016595,False
1180565740.jpg,3,0.02870030202,0.0389728389999999,0.0360674924,0.8560181599999999,0.04024122018,3,0.8560181599999999,0.8560181599999999,0.8560181599999999,0.04024122018,0.8157769398199999,0.6105715854682491,False
2709513520.jpg,3,0.0075064015796,0.009969397272,0.0119939537159999,0.95483876,0.0156914525,3,0.95483876,0.95483876,0.95483876,0.0156914525,0.9391473075,0.24503420933802422,False
3244462441.jpg,3,0.010222985666,0.00765319999,0.02502546282,0.9398151,0.01728328722,3,0.9398151,0.9398151,0.9398151,0.02502546282,0.9147896371800001,0.3049069623859745,False
2140637558.jpg,3,0.0116876625,0.01337659976,0.0119155199999999,0.950804822,0.0122154139483,3,0.950804822,0.950804822,0.950804822,0.01337659976,0.93742822224,0.26427003590112524,False
3160420933.jpg,3,0.01075703938,0.0169637846,0.0464414328,0.912886158,0.012951577022,3,0.912886158,0.912886158,0.912886158,0.0464414328,0.8664447251999999,0.3999624458640012,False
2997619253.jpg,2,0.010742008452,0.01178795512,0.758303264,0.2088700319999999,0.01029677326,2,0.758303264,0.758303264,0.758303264,0.2088700319999999,0.5494332320000002,0.6850643210960394,False
2411989112.jpg,2,0.017489403196,0.019819395378,0.92857659,0.01259562427,0.0215189774439999,2,0.92857659,0.92857659,0.92857659,0.0215189774439999,0.9070576125560001,0.3549942638608202,False
3547196560.jpg,3,0.01017461805,0.00715065722,0.0776574959999999,0.8892100600000001,0.0158071772,3,0.8892100600000001,0.8892100600000001,0.8892100600000001,0.0776574959999999,0.8115525640000002,0.45042712898096005,False
670606517.jpg,1,0.00854548272,0.944944284,0.007875504,0.0107474573799999,0.0278872968,1,0.944944284,0.944944284,0.944944284,0.0278872968,0.9170569872,0.28090114275855527,False
687245677.jpg,4,0.0166195542,0.0217320458,0.04369335038,0.0393030372,0.878652038,4,0.878652038,0.878652038,0.878652038,0.04369335038,0.83495868762,0.5289595805955684,False
3903622847.jpg,4,0.018892248342,0.020621011904,0.01397101138,0.01152689978,0.93498885,4,0.93498885,0.93498885,0.93498885,0.020621011904,0.914367838096,0.3289856690842736,False
192312490.jpg,3,0.0086862801252,0.008412773566,0.009508985152,0.96577463,0.0076173769804,3,0.96577463,0.96577463,0.96577463,0.009508985152,0.9562656448479999,0.19647598855764895,False
1472592491.jpg,3,0.00735697019,0.01257544924,0.0433561924,0.92749366,0.009217705876,3,0.92749366,0.92749366,0.92749366,0.0433561924,0.8841374676,0.3402452756130174,False
2839492411.jpg,2,0.0090438605639999,0.0074562894999999,0.515758438,0.445333086,0.0224083144,2,0.515758438,0.515758438,0.515758438,0.445333086,0.070425352,0.8659343777032461,False
3334543433.jpg,0,0.259084748,0.089705038,0.1354469652,0.0339566652,0.4818066,4,0.4818066,0.259084748,0.259084748,0.4818066,-0.222721852,1.3036868025718333,True
917306689.jpg,4,0.02180783416,0.00888634214,0.0159351867,0.009165154036,0.944205488,4,0.944205488,0.944205488,0.944205488,0.02180783416,0.92239765384,0.2885715155815083,False
995155483.jpg,2,0.010308386548,0.010962809548,0.957501888,0.0116885006,0.009538421017,2,0.957501888,0.957501888,0.957501888,0.0116885006,0.9458133874,0.2345993407638575,False
498850777.jpg,0,0.77337862,0.0416048212,0.0408568122999999,0.12432234,0.01983741594,0,0.77337862,0.77337862,0.77337862,0.12432234,0.64905628,0.7986423483649447,False
1045545977.jpg,4,0.0482698524,0.0293054668,0.03720465016,0.05439520008,0.83082482,4,0.83082482,0.83082482,0.83082482,0.05439520008,0.77642961992,0.6845561404502291,False
657542940.jpg,4,0.03820089518,0.0848538362,0.0496769461999999,0.02166598434,0.805602352,4,0.805602352,0.805602352,0.805602352,0.0848538362,0.7207485158,0.740349726719634,False
2142685227.jpg,4,0.066623102,0.0676148066,0.0511895534,0.01037469989,0.8041978599999999,4,0.8041978599999999,0.8041978599999999,0.8041978599999999,0.0676148066,0.7365830534,0.7373966363467246,False
857300948.jpg,3,0.0478426797999999,0.0786333415999999,0.0326995636,0.7998121759999999,0.0410122584,3,0.7998121759999999,0.7998121759999999,0.7998121759999999,0.0786333415999999,0.7211788344,0.7668898714581514,False
993366541.jpg,4,0.301594762,0.0426293088,0.01714017358,0.0231773116,0.615458478,4,0.615458478,0.615458478,0.615458478,0.301594762,0.31386371599999996,0.9517039757858519,False
788479472.jpg,3,0.00858159578,0.00886126748,0.01013918562,0.96468426,0.0077337039532999,3,0.96468426,0.96468426,0.96468426,0.01013918562,0.9545450743799999,0.20155107921095683,False
3562534439.jpg,3,0.007480073599,0.0076989928496,0.01283589768,0.942713356,0.02927168,3,0.942713356,0.942713356,0.942713356,0.02927168,0.9134416759999999,0.28896984295680134,False
4219389723.jpg,1,0.0083423065518,0.95816166,0.007572481,0.01155341092,0.014370137884,1,0.95816166,0.95816166,0.95816166,0.014370137884,0.943791522116,0.23036254655501598,False
2505046113.jpg,0,0.8365290320000001,0.01238376058,0.0095212576976,0.006402228604,0.13516375,0,0.8365290320000001,0.8365290320000001,0.8365290320000001,0.13516375,0.701365282,0.5508485101711635,False
586054705.jpg,0,0.757639364,0.0214078698,0.01499129536,0.0121693914,0.1937920892,0,0.757639364,0.757639364,0.757639364,0.1937920892,0.5638472748,0.7272003079651694,False
2871262149.jpg,3,0.0096683242859999,0.01494073468,0.01890000628,0.944462526,0.012028420464,3,0.944462526,0.944462526,0.944462526,0.01890000628,0.92556251972,0.28979997971365684,False
3701977874.jpg,2,0.00910934822,0.0210108296,0.49585396,0.4595566359999999,0.014469235902,2,0.49585396,0.49585396,0.49585396,0.4595566359999999,0.036297324000000075,0.890377219162329,False
2636836103.jpg,3,0.00880775278,0.0076014189519999,0.0092053304,0.965759502,0.008626011626,3,0.965759502,0.965759502,0.965759502,0.0092053304,0.9565541716,0.1965709089273227,False
1352878479.jpg,3,0.01215641413,0.00926922636,0.01001248548,0.953791024,0.0147708712,3,0.953791024,0.953791024,0.953791024,0.0147708712,0.9390201528000001,0.2504801968078705,False
90670123.jpg,4,0.0111023787,0.009124442344,0.0199775338,0.89601752,0.0637781128,3,0.89601752,0.0637781128,0.0637781128,0.89601752,-0.8322394072,0.4449159192766977,True
3739341345.jpg,3,0.1506517116,0.02373649362,0.00802129736,0.6224980920000001,0.1950923654,3,0.6224980920000001,0.6224980920000001,0.6224980920000001,0.1950923654,0.4274057266000001,1.0265605803706706,False
1849702886.jpg,0,0.8483685400000001,0.0788764496,0.012509001592,0.0443659988,0.015880027122,0,0.8483685400000001,0.8483685400000001,0.8483685400000001,0.0788764496,0.7694920904000001,0.5986464169752144,False
1129086927.jpg,3,0.0090241619938,0.010445521896,0.00968962052,0.92724984,0.043590879,3,0.92724984,0.92724984,0.92724984,0.043590879,0.883658961,0.34166380324715384,False
3375409497.jpg,3,0.008728248396,0.009319907644,0.0205866636,0.949248542,0.01211660474,3,0.949248542,0.949248542,0.949248542,0.0205866636,0.9286618784,0.2678127744541447,False
2013853837.jpg,3,0.009184705014,0.007837825988,0.2342935664,0.7288697799999999,0.01981410644,3,0.7288697799999999,0.7288697799999999,0.7288697799999999,0.2342935664,0.4945762135999999,0.729295242187737,False
1756425714.jpg,3,0.0112019042,0.01394783442,0.0243899462,0.924227936,0.026232376,3,0.924227936,0.924227936,0.924227936,0.026232376,0.89799556,0.36881234015421793,False
1950403407.jpg,4,0.01741059184,0.0269843538,0.0108429312,0.0130555717,0.931706524,4,0.931706524,0.931706524,0.931706524,0.0269843538,0.9047221702,0.3396102685703426,False
3414712004.jpg,3,0.0075159414928,0.01030377632,0.0095213468,0.963753436,0.008905501698,3,0.963753436,0.963753436,0.963753436,0.01030377632,0.95344965968,0.2058403779774472,False
1563449605.jpg,3,0.0100826909,0.0089557663,0.01085476784,0.9323776,0.037729150888,3,0.9323776,0.9323776,0.9323776,0.037729150888,0.894648449112,0.32661100258255443,False
633010478.jpg,3,0.00946418672,0.00983759174,0.028569278,0.937255344,0.01487362858,3,0.937255344,0.937255344,0.937255344,0.028569278,0.908686066,0.31447051855892905,False
681610474.jpg,1,0.006395496596,0.96776402,0.0056786450834,0.01054818204,0.00961366132,1,0.96776402,0.96776402,0.96776402,0.01054818204,0.95721583796,0.18605087919718374,False
3485236762.jpg,1,0.051671338,0.468452964,0.0770891036,0.0575888062,0.34519779,1,0.468452964,0.468452964,0.468452964,0.34519779,0.12325517400000002,1.2374434630566375,False
3966975834.jpg,2,0.0058287491834,0.0054164786198,0.9644415,0.01332590724,0.010987352456,2,0.9644415,0.9644415,0.9644415,0.01332590724,0.9511155927599999,0.2002780997025296,False
588169966.jpg,3,0.0092413339,0.009630484084,0.0115430292,0.94968014,0.01990497652,3,0.94968014,0.94968014,0.94968014,0.01990497652,0.92977516348,0.2664964480821584,False
2871659353.jpg,2,0.00683635708,0.0068260076,0.96524882,0.011432062576,0.009656784796,2,0.96524882,0.96524882,0.96524882,0.011432062576,0.953816757424,0.1981892607413922,False
1227903119.jpg,3,0.0094555782,0.007950660796,0.0561204164,0.91784134,0.008632004716,3,0.91784134,0.91784134,0.91784134,0.0561204164,0.8617209236,0.36386139132083345,False
2503555715.jpg,3,0.008096822988,0.0084760798659999,0.0257281704,0.36687806,0.59082086,4,0.59082086,0.36687806,0.36687806,0.59082086,-0.2239428,0.852394317602805,True
2128717413.jpg,2,0.01122465564,0.0088830573,0.934924144,0.03472745,0.01024069297,2,0.934924144,0.934924144,0.934924144,0.03472745,0.900196694,0.3188743280943667,False
2252903610.jpg,3,0.01185348102,0.0111479934,0.0314658612,0.933784948,0.01174771668,3,0.933784948,0.933784948,0.933784948,0.0314658612,0.9023190868,0.327715204220276,False
3713275710.jpg,3,0.0078237559419999,0.0107316232,0.008471105804,0.962844912,0.01012862846438,3,0.962844912,0.962844912,0.962844912,0.0107316232,0.9521132888,0.21000020685342827,False
3567018385.jpg,4,0.0581080428,0.5289264600000001,0.05606447,0.0173927562,0.339508268,1,0.5289264600000001,0.339508268,0.339508268,0.5289264600000001,-0.1894181920000001,1.100982323105689,True
109060770.jpg,2,0.012240611,0.011582131044,0.94504554,0.02160801964,0.0095237099176,2,0.94504554,0.94504554,0.94504554,0.02160801964,0.9234375203599999,0.2861310404534272,False
1851671093.jpg,3,0.00871860034,0.009020952416,0.0108620192,0.8219202059999999,0.1494782204,3,0.8219202059999999,0.8219202059999999,0.8219202059999999,0.1494782204,0.6724419855999999,0.5782293568709158,False
2626502975.jpg,3,0.0116877908,0.0622778752,0.0555480892,0.846785104,0.0237011246,3,0.846785104,0.846785104,0.846785104,0.0622778752,0.7845072287999999,0.6149787423179675,False
664583876.jpg,1,0.013738811108,0.366879008,0.1961785691999999,0.399432128,0.02377145394,3,0.399432128,0.366879008,0.366879008,0.399432128,-0.03255311999999999,1.2017568723734993,True
1337518511.jpg,3,0.00913971138,0.0215690419999999,0.29282389,0.6653914439999999,0.0110759259,3,0.6653914439999999,0.6653914439999999,0.6653914439999999,0.29282389,0.37256755399999997,0.8062449429368244,False
3926362029.jpg,3,0.01110411048,0.01131612316,0.01009872634,0.960198124,0.0072829352353799,3,0.960198124,0.960198124,0.960198124,0.01131612316,0.9488820008400001,0.22194130916533766,False
1745700317.jpg,3,0.00916499672,0.0238027697999999,0.165014014,0.79162244,0.010395806398,3,0.79162244,0.79162244,0.79162244,0.165014014,0.626608426,0.6617388982366197,False
197432034.jpg,2,0.01043246768,0.01124918362,0.933517528,0.014337238764,0.0304636078,2,0.933517528,0.933517528,0.933517528,0.0304636078,0.9030539202,0.32951900857811345,False
3474522679.jpg,0,0.80056648,0.0619674104,0.00961112104,0.01008190154,0.117773116,0,0.80056648,0.80056648,0.80056648,0.117773116,0.682793364,0.6933198619472154,False
3589151807.jpg,3,0.009463233556,0.00851691302,0.010922865,0.95470408,0.016392907,3,0.95470408,0.95470408,0.95470408,0.016392907,0.938311173,0.24567233491754914,False
226533928.jpg,1,0.00568261656,0.80752536,0.0347364285399999,0.0670236712,0.0850319418,1,0.80752536,0.80752536,0.80752536,0.0850319418,0.7224934182,0.7094538839997513,False
640157848.jpg,3,0.01190452626,0.0116297366,0.0430959536,0.840668332,0.092701472,3,0.840668332,0.840668332,0.840668332,0.092701472,0.74796686,0.6064390605972685,False
3229676096.jpg,4,0.0548805024,0.0773229032,0.0800430185999999,0.595901096,0.191852486,3,0.595901096,0.191852486,0.191852486,0.595901096,-0.40404861,1.1845887145987648,True
3266893839.jpg,1,0.128314666,0.717616104,0.04128523518,0.0917531896,0.0210307855,1,0.717616104,0.717616104,0.717616104,0.128314666,0.589301438,0.9335532975024562,False
3916325283.jpg,4,0.154996639502,0.0501749102,0.0096585382199999,0.00907850812,0.776091376,4,0.776091376,0.776091376,0.776091376,0.154996639502,0.621094736498,0.7233317035711095,False
3523396173.jpg,3,0.00977430708,0.021769436,0.01059978852,0.948381028,0.009475456804,3,0.948381028,0.948381028,0.948381028,0.021769436,0.926611592,0.27115872383596856,False
41606397.jpg,1,0.0169140147,0.5038934655999999,0.0101506217,0.117487222,0.3515546699999999,1,0.5038934655999999,0.5038934655999999,0.5038934655999999,0.3515546699999999,0.15233879560000002,1.0800618786133884,False
212727951.jpg,3,0.006365196418,0.006403513724,0.0373203812,0.9180551,0.0318558288,3,0.9180551,0.9180551,0.9180551,0.0373203812,0.8807347188,0.3755332309838453,False
3183016038.jpg,3,0.008987136092,0.009377611208,0.00963730108,0.96332972,0.0086681774472,3,0.96332972,0.96332972,0.96332972,0.00963730108,0.9536924189199999,0.2080194859884387,False
719168391.jpg,3,0.0066312757313999,0.0061173580836,0.0133293613,0.963362736,0.01055927994,3,0.963362736,0.963362736,0.963362736,0.0133293613,0.9500333747,0.20600382618481705,False
3435427625.jpg,2,0.007387978276,0.0089748842,0.941649216,0.0304268764,0.01156109304,2,0.941649216,0.941649216,0.941649216,0.0304268764,0.9112223396,0.29300272861160237,False
3412688501.jpg,3,0.0073295896596,0.009918732779,0.106490204,0.86685488,0.009406580892,3,0.86685488,0.86685488,0.86685488,0.106490204,0.760364676,0.48804958959011885,False
1346754206.jpg,4,0.134417442,0.068713822,0.0128016652,0.0380064704,0.74606061,4,0.74606061,0.74606061,0.74606061,0.134417442,0.6116431680000001,0.8523821803210735,False
3558515424.jpg,3,0.01985780788,0.0323278939999999,0.10148509,0.8212756999999999,0.0250534947,3,0.8212756999999999,0.8212756999999999,0.8212756999999999,0.10148509,0.71979061,0.6750235599335189,False
3136472919.jpg,3,0.010430600968,0.009497483296,0.01237800884,0.95555276,0.01214116546,3,0.95555276,0.95555276,0.95555276,0.01237800884,0.94317475116,0.24318534694227073,False
3686939079.jpg,3,0.009670091516,0.00927438486,0.01005959516,0.95959492,0.011401003838,3,0.95959492,0.95959492,0.95959492,0.011401003838,0.948193916162,0.2251182255858214,False
1343351739.jpg,3,0.01092426549,0.010187888348,0.018505064,0.948380844,0.012001920602,3,0.948380844,0.948380844,0.948380844,0.018505064,0.92987578,0.27324366364820707,False
2360058086.jpg,3,0.010338150042,0.009689409028,0.0091618235,0.959541784,0.01126884486,3,0.959541784,0.959541784,0.959541784,0.01126884486,0.94827293914,0.2253633371529295,False
696072814.jpg,3,0.0117189409927999,0.015112019988,0.03283930006,0.918370584,0.021959155278,3,0.918370584,0.918370584,0.918370584,0.03283930006,0.88553128394,0.38970151441051476,False
893103956.jpg,1,0.0106258182,0.938654732,0.0184705176,0.01802702544,0.01422188346,1,0.938654732,0.938654732,0.938654732,0.0184705176,0.9201842144000001,0.3143189022678611,False
3953327881.jpg,2,0.00895284332,0.0102583513,0.8270210980000001,0.01196318556,0.141804492,2,0.8270210980000001,0.8270210980000001,0.8270210980000001,0.141804492,0.6852166060000001,0.5762071918213866,False
674360414.jpg,1,0.54067584,0.390900396,0.019031176982,0.01312688592,0.0362656846,0,0.54067584,0.390900396,0.390900396,0.54067584,-0.14977544400000004,0.9522188425247589,True
3878478005.jpg,2,0.00960541322,0.00990738984,0.89801303,0.07387772878,0.0085964297625,2,0.89801303,0.89801303,0.89801303,0.07387772878,0.82413530122,0.42030356464504276,False
3819082104.jpg,1,0.010665934602,0.01516040292,0.905485138,0.04071182584,0.02797668324,2,0.905485138,0.01516040292,0.01516040292,0.905485138,-0.89032473508,0.432222886091233,True
1181473732.jpg,1,0.00587823593,0.972567492,0.007803839576,0.0082724614,0.00547796411,1,0.972567492,0.972567492,0.972567492,0.0082724614,0.9642950306,0.16330828799813835,False
2467555278.jpg,3,0.009589554924,0.01032967676,0.1029667708,0.8677325,0.009381506332,3,0.8677325,0.8677325,0.8677325,0.1029667708,0.7647657292000001,0.49278686219117673,False
1043752907.jpg,3,0.01142137162,0.00971558913,0.0334042286,0.791579808,0.153878998,3,0.791579808,0.791579808,0.791579808,0.153878998,0.6377008100000001,0.6826549678079546,False
616531930.jpg,3,0.1636949031999999,0.0844387836,0.01618427766,0.72072212,0.0149599128,3,0.72072212,0.72072212,0.72072212,0.1636949031999999,0.5570272168000001,0.8706010178311304,False
1080281713.jpg,3,0.00929655436,0.009098545424,0.01306591438,0.96050457,0.0080344235337,3,0.96050457,0.96050457,0.96050457,0.01306591438,0.94743865562,0.2203900908262945,False
1946306561.jpg,3,0.007800835689,0.016874569668,0.0209798828,0.938335322,0.0160093734568,3,0.938335322,0.938335322,0.938335322,0.0209798828,0.9173554392000001,0.3137280639425428,False
3459275499.jpg,3,0.0071479295,0.01277023,0.0071455737,0.0549546312,0.917981624,4,0.917981624,0.0549546312,0.0549546312,0.917981624,-0.8630269928000001,0.3643078700789548,True
4176726961.jpg,3,0.007261063052,0.007765187782,0.012561546976,0.949555196,0.02285702508,3,0.949555196,0.949555196,0.949555196,0.02285702508,0.9266981709200001,0.2639855379192928,False
1628755791.jpg,4,0.0120990724,0.051740566,0.0178520782,0.103243076,0.8150652039999999,4,0.8150652039999999,0.8150652039999999,0.8150652039999999,0.103243076,0.7118221279999999,0.6796104454501326,False
110588438.jpg,3,0.0097488658,0.00940294798,0.01115242874,0.901354358,0.0683413836,3,0.901354358,0.901354358,0.901354358,0.0683413836,0.8330129744,0.41615469392949855,False
3089605566.jpg,2,0.1145775987999999,0.01377072376,0.829109442,0.0215202676,0.0210219648,2,0.829109442,0.829109442,0.829109442,0.1145775987999999,0.7145318432000001,0.6264227624657919,False
4241803356.jpg,3,0.007755814835,0.008326389488,0.008448578458,0.96661478,0.00885442228,3,0.96661478,0.96661478,0.96661478,0.00885442228,0.95776035772,0.19256389855422737,False
3389417378.jpg,3,0.00739498265,0.0465422764,0.0082091649,0.932454802,0.0053987792058,3,0.932454802,0.932454802,0.932454802,0.0465422764,0.8859125256,0.31187591590832453,False
2797850059.jpg,2,0.010971289248,0.0133726209,0.942906684,0.0192652618,0.01348415112,2,0.942906684,0.942906684,0.942906684,0.0192652618,0.9236414222,0.29678921235783895,False
3669979796.jpg,2,0.005990491682,0.007612278544,0.961730528,0.0199952992,0.00467141505,2,0.961730528,0.961730528,0.961730528,0.0199952992,0.9417352288,0.20861209584237356,False
483774797.jpg,3,0.01222534142,0.0425955556,0.010920492922,0.924479042,0.009779581174,3,0.924479042,0.924479042,0.924479042,0.0425955556,0.8818834864,0.3554535352080342,False
1373565631.jpg,3,0.010413702358,0.012931318922,0.0227846522,0.94330838,0.0105619205522,3,0.94330838,0.94330838,0.94330838,0.0227846522,0.9205237277999999,0.2930408406223191,False
2582501865.jpg,3,0.008217499024,0.01207698738,0.020274753,0.94906428,0.01036652622,3,0.94906428,0.94906428,0.94906428,0.020274753,0.928789527,0.26881470330859053,False
827159844.jpg,3,0.0544460156,0.010608875,0.0092825506,0.91654227,0.009120279632,3,0.91654227,0.91654227,0.91654227,0.0544460156,0.8620962544,0.37284931016940426,False
353010876.jpg,3,0.0068193657716,0.007905023264,0.0211678624,0.956346824,0.007760919192,3,0.956346824,0.956346824,0.956346824,0.0211678624,0.9351789616,0.2342789389842554,False
473823142.jpg,4,0.03954564,0.0129986194,0.0266900648,0.0699503646,0.85081528,4,0.85081528,0.85081528,0.85081528,0.0699503646,0.7808649153999999,0.604430366586882,False
2654335355.jpg,1,0.0967658988,0.7730105599999999,0.02589718098,0.063745153,0.0405812396,1,0.7730105599999999,0.7730105599999999,0.7730105599999999,0.0967658988,0.6762446611999999,0.8251548669221851,False
3944854455.jpg,3,0.008068987544,0.00688348543,0.0075444213352,0.96236408,0.0151390002839999,3,0.96236408,0.96236408,0.96236408,0.0151390002839999,0.947225079716,0.2103881604492435,False
1378549599.jpg,4,0.0206049983999999,0.0103431393,0.00803812144,0.0609059846,0.9001077599999999,4,0.9001077599999999,0.9001077599999999,0.9001077599999999,0.0609059846,0.8392017754,0.4312172967226254,False
1249688756.jpg,4,0.04575095,0.0383387029,0.05257789282,0.007777708748,0.85555476,4,0.85555476,0.85555476,0.85555476,0.05257789282,0.8029768671799999,0.5922640148709966,False
462768820.jpg,3,0.01433002612,0.0224430175999999,0.07046348,0.6012839400000001,0.2914795599999999,3,0.6012839400000001,0.6012839400000001,0.6012839400000001,0.2914795599999999,0.30980438000000016,0.9981611529764691,False
3368374284.jpg,0,0.455509552,0.0335474316,0.0164731644,0.0228405738,0.471629284,4,0.471629284,0.455509552,0.455509552,0.471629284,-0.016119731999999998,0.9804887133168213,True
3696011777.jpg,3,0.00933475922,0.0251557722,0.14226939,0.8144890199999999,0.008751007836,3,0.8144890199999999,0.8144890199999999,0.8144890199999999,0.14226939,0.6722196299999998,0.6222970443154345,False
1541021369.jpg,2,0.0096415432,0.01065758624,0.8440442800000001,0.117602,0.01805457036,2,0.8440442800000001,0.8440442800000001,0.8440442800000001,0.117602,0.7264422800000001,0.5604607219377352,False
1815147513.jpg,0,0.644927144,0.1296154696,0.1537965794,0.0516900996,0.019970691682,0,0.644927144,0.644927144,0.644927144,0.1537965794,0.49113056459999993,1.0669175295293865,False
524234621.jpg,3,0.0099414237,0.00885528782,0.008852112028,0.960388852,0.01196233208,3,0.960388852,0.960388852,0.960388852,0.01196233208,0.94842651992,0.2213030622362429,False
1149874040.jpg,3,0.0087829823564,0.008606790548,0.009147974356,0.9630287,0.01043357936,3,0.9630287,0.9630287,0.9630287,0.01043357936,0.95259512064,0.209341403165882,False
2316863882.jpg,3,0.00962471202,0.01181308636,0.0166645668,0.95301563,0.008881996638,3,0.95301563,0.95301563,0.95301563,0.0166645668,0.9363510632000001,0.25317615852197056,False
4275452291.jpg,3,0.0087422742284,0.009666926642,0.00969480476,0.958850628,0.01304535498,3,0.958850628,0.958850628,0.958850628,0.01304535498,0.94580527302,0.22812566260202705,False
3862202038.jpg,1,0.0100322276836,0.94971885,0.013460920836,0.0117185052,0.015069497828,1,0.94971885,0.94971885,0.94971885,0.015069497828,0.934649352172,0.2684774525796191,False
2303513510.jpg,3,0.01665405998,0.00960358918,0.02303595,0.934598604,0.0161077941608,3,0.934598604,0.934598604,0.934598604,0.02303595,0.911562654,0.329391080093849,False
4274564396.jpg,3,0.00778983904,0.00847161705,0.0883421108,0.88642047,0.008975957872,3,0.88642047,0.88642047,0.88642047,0.0883421108,0.7980783592,0.44177887437514307,False
3275347756.jpg,3,0.0716794298,0.663095796,0.0244255414,0.219703612,0.0210955922,1,0.663095796,0.219703612,0.219703612,0.663095796,-0.443392184,0.9663659055778987,True
2627091527.jpg,3,0.0125993023,0.0392818667999999,0.0593410819999999,0.879953644,0.00882409746,3,0.879953644,0.879953644,0.879953644,0.0593410819999999,0.8206125620000001,0.504146154510641,False
2905584104.jpg,3,0.006916408158,0.010552902656,0.0089880828,0.947461656,0.0260809658,3,0.947461656,0.947461656,0.947461656,0.0260809658,0.9213806902,0.2710206978085382,False
2537069783.jpg,3,0.00956859484,0.009449600236,0.0099593696,0.963167816,0.00785463586634,3,0.963167816,0.963167816,0.963167816,0.0099593696,0.9532084464,0.20865817057215796,False
3073238981.jpg,1,0.008097814142,0.9303308,0.0062696297,0.0484015208,0.00690023953,1,0.9303308,0.9303308,0.9303308,0.0484015208,0.8819292792,0.31889168462431217,False
2096624273.jpg,3,0.010095828776,0.009035026656,0.0178148588,0.841209318,0.1218449552,3,0.841209318,0.841209318,0.841209318,0.1218449552,0.7193643627999999,0.56261656044082,False
3237097482.jpg,3,0.00871836294,0.01185648162,0.0176449906,0.95246988,0.009310270756,3,0.95246988,0.95246988,0.95246988,0.0176449906,0.9348248894,0.2550885476708141,False
4205544766.jpg,3,0.00628313759,0.0062016279176,0.01012859838,0.970009878,0.00737676092,3,0.970009878,0.970009878,0.970009878,0.01012859838,0.95988127962,0.17564328804112153,False
3308428199.jpg,2,0.0097549290399999,0.00779225692,0.2091723184,0.76559428,0.0076862213472,3,0.76559428,0.2091723184,0.2091723184,0.76559428,-0.5564219615999999,0.6521754821270207,True
2411595422.jpg,3,0.014042147882,0.012665261116,0.008326776234,0.955945032,0.0090207889724,3,0.955945032,0.955945032,0.955945032,0.014042147882,0.941902884118,0.24064543162451799,False
2509869422.jpg,3,0.01115233286,0.0272240198,0.02008281818,0.907134,0.0344068176,3,0.907134,0.907134,0.907134,0.0344068176,0.8727271824,0.4310772230133338,False
705886704.jpg,3,0.01049946495,0.077750239,0.0170383518,0.88646032,0.008251604496,3,0.88646032,0.88646032,0.88646032,0.077750239,0.808710081,0.4622400541959387,False
3036847019.jpg,3,0.01046960379,0.0089954288292,0.0886568099999999,0.8840833640000001,0.0077947500388,3,0.8840833640000001,0.8840833640000001,0.8840833640000001,0.0886568099999999,0.7954265540000002,0.4516861791862241,False
3145516632.jpg,3,0.01494358862,0.0290578918,0.0230854114,0.87889044,0.05402269,3,0.87889044,0.87889044,0.87889044,0.05402269,0.82486775,0.5237515040177912,False
1226905166.jpg,4,0.01612409114,0.01174818346,0.0218493746,0.41364442,0.53663394,4,0.53663394,0.53663394,0.53663394,0.41364442,0.12298951999999996,0.9014696812246196,False
4203754534.jpg,3,0.0128606615,0.0112033892,0.1252225224,0.80881256,0.0419008816,3,0.80881256,0.80881256,0.80881256,0.1252225224,0.6835900376,0.6710293707801709,False
1088416255.jpg,3,0.007640135096,0.009065094084,0.00939970282,0.955941228,0.017953844416,3,0.955941228,0.955941228,0.955941228,0.017953844416,0.937987383584,0.23899301238064402,False
4183078751.jpg,3,0.01128901916,0.0443172919999999,0.0106870959,0.92734886,0.0063577041048,3,0.92734886,0.92734886,0.92734886,0.0443172919999999,0.8830315680000002,0.3393379009694225,False
592844774.jpg,3,0.0071303090428,0.0084512225996,0.1797619404,0.79124042,0.01341609156,3,0.79124042,0.79124042,0.79124042,0.1797619404,0.6114784796000001,0.6271952550053345,False
979671168.jpg,3,0.007310761409,0.0079567010978,0.009561445922,0.953256164,0.02191492518,3,0.953256164,0.953256164,0.953256164,0.02191492518,0.93134123882,0.24824061379253826,False
4107720653.jpg,1,0.0172376487999999,0.603230504,0.01112120222,0.0236404398,0.344770178,1,0.603230504,0.603230504,0.603230504,0.344770178,0.258460326,0.880602381093903,False
2892116713.jpg,3,0.009848827998,0.0085368607,0.01250155314,0.95696032,0.0121524542684,3,0.95696032,0.95696032,0.95696032,0.01250155314,0.94445876686,0.23664523415028,False
2426597698.jpg,3,0.00946221164,0.0106289628776,0.012335645564,0.948538116,0.019035070112,3,0.948538116,0.948538116,0.948538116,0.019035070112,0.929503045888,0.2721376997535464,False
907755458.jpg,3,0.007861537065,0.0088664976779999,0.0267943013999999,0.94517552,0.0113021495,3,0.94517552,0.94517552,0.94517552,0.0267943013999999,0.9183812186000001,0.2809356108506563,False
1044718671.jpg,0,0.796700656,0.0344852502,0.0647458026,0.0815428036,0.0225254934,0,0.796700656,0.796700656,0.796700656,0.0815428036,0.7151578524,0.7642575265206029,False
2815195453.jpg,4,0.0176738258,0.0211888152,0.1610778937999999,0.0133058782,0.78675358,4,0.78675358,0.78675358,0.78675358,0.1610778937999999,0.6256756862,0.6932707766435258,False
3053608144.jpg,3,0.0079939133799999,0.027428694,0.0161032336,0.939734624,0.0087395304408,3,0.939734624,0.939734624,0.939734624,0.027428694,0.9123059299999999,0.30356360644219066,False
230143861.jpg,3,0.00928937182,0.01072475198,0.0514897391999999,0.92111782,0.007378281528,3,0.92111782,0.92111782,0.92111782,0.0514897391999999,0.8696280808000001,0.3567479137689773,False
3842462434.jpg,3,0.008798708168,0.012796022904,0.01268831812,0.95214136,0.013575557008,3,0.95214136,0.95214136,0.95214136,0.013575557008,0.9385658029920001,0.2578920304314618,False
1906662889.jpg,3,0.009808568684,0.00803486258,0.01305659138,0.957759364,0.011340588214,3,0.957759364,0.957759364,0.957759364,0.01305659138,0.9447027726199999,0.23289946672443398,False
173084709.jpg,3,0.0084444936848,0.00932792721,0.01092350735,0.95858328,0.0127207749,3,0.95858328,0.95858328,0.95858328,0.0127207749,0.9458625051,0.2293284343978077,False
1725925773.jpg,3,0.01173812087,0.0088773932819999,0.009391914102,0.955668584,0.0143239704,3,0.955668584,0.955668584,0.955668584,0.0143239704,0.9413446136,0.24210544778812537,False
617446207.jpg,3,0.0070413223536,0.01099957012,0.0163685157,0.953462412,0.012128202764,3,0.953462412,0.953462412,0.953462412,0.0163685157,0.9370938963000001,0.25076710353957216,False
3492280117.jpg,3,0.0453911679999999,0.155134307,0.4152098079999999,0.302956584,0.081308171,2,0.4152098079999999,0.302956584,0.302956584,0.4152098079999999,-0.11225322399999993,1.3602380285093212,True
259935954.jpg,3,0.0076692003048,0.0079333413764,0.011778133124,0.963262036,0.0093572906479999,3,0.963262036,0.963262036,0.963262036,0.011778133124,0.951483902876,0.2078051335684195,False
3082545983.jpg,2,0.01000074302,0.123972654,0.629827442,0.1211125538,0.115086614,2,0.629827442,0.629827442,0.629827442,0.123972654,0.5058547879999999,1.1005447086646247,False
943096902.jpg,3,0.01543766062,0.101180594,0.014273809944,0.8579689800000001,0.011138964302,3,0.8579689800000001,0.8579689800000001,0.8579689800000001,0.101180594,0.7567883860000001,0.538358454003309,False
4156520758.jpg,3,0.01515859482,0.01338538916,0.0169054358,0.940832292,0.01371830308,3,0.940832292,0.940832292,0.940832292,0.0169054358,0.9239268561999999,0.3064373598664415,False
514840131.jpg,3,0.0087789597,0.00751736346,0.01108662044,0.918638164,0.0539789108,3,0.918638164,0.918638164,0.918638164,0.0539789108,0.8646592531999999,0.3637795061775808,False
2336286082.jpg,3,0.016509667168,0.013673157664,0.653579688,0.301123128,0.0151143718524,2,0.653579688,0.301123128,0.301123128,0.653579688,-0.35245656,0.8291834643057081,True
3351292220.jpg,3,0.010393713886,0.01753450276,0.0215249082,0.9408994,0.009647502438,3,0.9408994,0.9408994,0.9408994,0.0215249082,0.9193744918000001,0.3030833237116025,False
1989789271.jpg,4,0.0161749721,0.0447478475999999,0.0782059282,0.0120979867,0.848773216,4,0.848773216,0.848773216,0.848773216,0.0782059282,0.7705672878000001,0.5976064973050041,False
3405050538.jpg,3,0.007310488875,0.0199785855,0.0158958909,0.948634216,0.008180833548,3,0.948634216,0.948634216,0.948634216,0.0199785855,0.9286556305,0.2693103983643208,False
2373129151.jpg,4,0.0153861799,0.0226307966,0.03959014,0.00650218292,0.91589072,4,0.91589072,0.91589072,0.91589072,0.03959014,0.87630058,0.3910163392402174,False
1635358503.jpg,3,0.00841398498,0.00926473806,0.00838399186,0.96533394,0.0086033460466,3,0.96533394,0.96533394,0.96533394,0.00926473806,0.9560692019399999,0.1986337950246886,False
3725011137.jpg,3,0.008964067917,0.0199574332,0.031948838,0.92993194,0.009197719286,3,0.92993194,0.92993194,0.92993194,0.031948838,0.897983102,0.34107760357058037,False
2101057157.jpg,3,0.0080605680039999,0.156216318,0.0450856174,0.733171118,0.0574663844,3,0.733171118,0.733171118,0.733171118,0.156216318,0.5769548,0.8603195818531999,False
2724931381.jpg,1,0.00731622402,0.91997534,0.00890410354,0.011716047928,0.0520882907999999,1,0.91997534,0.91997534,0.91997534,0.0520882907999999,0.8678870492000001,0.3607609699801571,False
804513680.jpg,3,0.009083480138,0.00979519079,0.0101504625,0.96008436,0.01088651424,3,0.96008436,0.96008436,0.96008436,0.01088651424,0.94919784576,0.22292613069428588,False
457405364.jpg,1,0.00637344488,0.96202553,0.007748023198,0.011280652624,0.012572342796,1,0.96202553,0.96202553,0.96202553,0.012572342796,0.9494531872040001,0.212733423686019,False
471759171.jpg,3,0.008115529954,0.0085274989876,0.0190482454,0.95589005,0.0084186712848,3,0.95589005,0.95589005,0.95589005,0.0190482454,0.9368418046,0.23848382403742377,False
2509771823.jpg,3,0.0115848076,0.010635726742,0.01116795414,0.95584118,0.0107703702708,3,0.95584118,0.95584118,0.95584118,0.0115848076,0.9442563723999999,0.24213548865159068,False
1768003077.jpg,3,0.0107666633,0.1021254134,0.237546788,0.521211124,0.128350012,3,0.521211124,0.521211124,0.521211124,0.237546788,0.283664336,1.2263621943924758,False
1216054567.jpg,3,0.008518187984,0.0136837496,0.008979804408,0.958091996,0.0107263036679999,3,0.958091996,0.958091996,0.958091996,0.0136837496,0.9444082464,0.23129985063520048,False
3597180880.jpg,3,0.00878522563336,0.0085728507396,0.008838861082,0.94680684,0.0269962404,3,0.94680684,0.94680684,0.94680684,0.0269962404,0.9198105996,0.2734548120416392,False
3026583135.jpg,3,0.0071338573622,0.0099325822742,0.011545927316,0.947224504,0.0241631244,3,0.947224504,0.947224504,0.947224504,0.0241631244,0.9230613796,0.2738969136446873,False
801908113.jpg,4,0.01141617022,0.081698082,0.165071386,0.00773207902,0.73408232,4,0.73408232,0.73408232,0.73408232,0.165071386,0.569010934,0.8175746001375426,False
4212642108.jpg,3,0.007788170176,0.070710019,0.0345695689,0.864628588,0.02230365426,3,0.864628588,0.864628588,0.864628588,0.070710019,0.793918569,0.5520401587360961,False
2780925336.jpg,4,0.0542315232,0.114968822,0.0345302626,0.01829711468,0.77797228,4,0.77797228,0.77797228,0.77797228,0.114968822,0.6630034579999999,0.7914999729396965,False
1469167700.jpg,4,0.01802482044,0.075732696,0.324013032,0.150701356,0.4315280999999999,4,0.4315280999999999,0.4315280999999999,0.4315280999999999,0.324013032,0.10751506799999994,1.2808344477068352,False
3482378150.jpg,3,0.0085307168359999,0.00967851491,0.0121023823,0.962142472,0.0075459279064,3,0.962142472,0.962142472,0.962142472,0.0121023823,0.9500400897,0.21295944608541148,False
106785011.jpg,3,0.00842606486,0.276583374,0.0262531872,0.673056816,0.01568056,3,0.673056816,0.673056816,0.673056816,0.276583374,0.396473442,0.8229223998466753,False
1345401195.jpg,3,0.009165903684,0.01039917278,0.01361476704,0.958964684,0.0078554706382,3,0.958964684,0.958964684,0.958964684,0.01361476704,0.94534991696,0.22724248481344272,False
1548749021.jpg,2,0.0126737483,0.01317525652,0.929462998,0.0329622386,0.01172576146,2,0.929462998,0.929462998,0.929462998,0.0329622386,0.8965007594,0.34500397218237117,False
497685909.jpg,3,0.0082293847532,0.0098361142159999,0.0089494987999999,0.96468733,0.0082976666019999,3,0.96468733,0.96468733,0.96468733,0.0098361142159999,0.954851215784,0.20161047945302013,False
518891556.jpg,3,0.0094478721282,0.0087205124206,0.01374495,0.959021176,0.00906544902,3,0.959021176,0.959021176,0.959021176,0.01374495,0.945276226,0.22708962386420245,False
803873425.jpg,1,0.0119149342568,0.93069913,0.02074732204,0.0183854079,0.01825322412,1,0.93069913,0.93069913,0.93069913,0.02074732204,0.9099518079600001,0.34657462433172626,False
1446704302.jpg,3,0.012288228778,0.00954653388,0.036383398,0.932359678,0.009422180889,3,0.932359678,0.932359678,0.932359678,0.036383398,0.89597628,0.32827619254447715,False
3897775750.jpg,1,0.0197645509999999,0.7881480000000001,0.0312158722,0.089417736,0.071453849,1,0.7881480000000001,0.7881480000000001,0.7881480000000001,0.089417736,0.698730264,0.7778463702406256,False
3477094015.jpg,1,0.039477888,0.565229112,0.0106165336,0.0090760379,0.3756004256,1,0.565229112,0.565229112,0.565229112,0.3756004256,0.18962868640000002,0.908801311271551,False
1888672105.jpg,4,0.017638747864,0.07349658018,0.128007608,0.0693379404,0.711519124,4,0.711519124,0.711519124,0.711519124,0.128007608,0.583511516,0.9534382686019731,False
1842263776.jpg,4,0.01287195162,0.00824844,0.00900475644,0.008035969504,0.9618389,4,0.9618389,0.9618389,0.9618389,0.01287195162,0.9489669483800001,0.21420167909699667,False
4000041992.jpg,2,0.0192181271,0.01311434354,0.936358032,0.0177401306399999,0.01356933981102,2,0.936358032,0.936358032,0.936358032,0.0192181271,0.9171399049,0.3242330538826955,False
2834820650.jpg,2,0.006817628948,0.0057000972504,0.963595796,0.01656263944,0.00732378178544,2,0.963595796,0.963595796,0.963595796,0.01656263944,0.94703315656,0.203120495587272,False
706806140.jpg,3,0.01092248504,0.00783823708,0.1791690699999999,0.78139758,0.0206726312,3,0.78139758,0.78139758,0.78139758,0.1791690699999999,0.6022285100000001,0.6683458175691925,False
4084600785.jpg,4,0.0290200032,0.043878895,0.00790084297,0.00807035014,0.9111299,4,0.9111299,0.9111299,0.9111299,0.043878895,0.8672510050000001,0.4018441728654613,False
2816014823.jpg,2,0.037634636,0.0483480592,0.807612338,0.0839839332,0.022421023,2,0.807612338,0.807612338,0.807612338,0.0839839332,0.7236284048,0.7356511389585004,False
4015277516.jpg,3,0.0161148484,0.126506758,0.0400241086,0.806559356,0.010794934672,3,0.806559356,0.806559356,0.806559356,0.126506758,0.680052598,0.6791575787149446,False
3278834779.jpg,3,0.007780623666,0.0077602708279999,0.045057183,0.930984484,0.00841739913,3,0.930984484,0.930984484,0.930984484,0.045057183,0.885927301,0.3219489663620851,False
263499266.jpg,3,0.01012122835,0.0092047101719999,0.104341806,0.867729842,0.0086024269796,3,0.867729842,0.867729842,0.867729842,0.104341806,0.763388036,0.48948092888151634,False
1689119367.jpg,3,0.007831280568,0.0159328948,0.008300920144,0.956070304,0.01186460809,3,0.956070304,0.956070304,0.956070304,0.0159328948,0.9401374092,0.23926421151720184,False
1837733678.jpg,3,0.007900657624,0.007524709618,0.00805666822,0.95697367,0.0195442912,3,0.95697367,0.95697367,0.95697367,0.0195442912,0.9374293788,0.2328766949947319,False
2008729929.jpg,2,0.00856453846,0.13488984,0.78873707,0.0101632368,0.0576452956,2,0.78873707,0.78873707,0.78873707,0.13488984,0.65384723,0.7093041740774362,False
1579937444.jpg,1,0.181125512,0.436518072,0.1087860296,0.0128949091999999,0.260675484,1,0.436518072,0.436518072,0.436518072,0.260675484,0.17584258799999997,1.3192110702206363,False
2035397744.jpg,3,0.0073875007679999,0.0063952103699999,0.045318831,0.93172912,0.00916937182,3,0.93172912,0.93172912,0.93172912,0.045318831,0.886410289,0.31769261629967577,False
4184062100.jpg,2,0.00816253373,0.01898908812,0.2770932,0.0128244724,0.682930684,4,0.682930684,0.2770932,0.2770932,0.682930684,-0.405837484,0.7864518463611027,True
1772260831.jpg,1,0.0245597148,0.9026347,0.0189253502,0.0146126572,0.0392675926,1,0.9026347,0.9026347,0.9026347,0.0392675926,0.8633671074,0.4474536831983606,False
2333079073.jpg,4,0.0800547978,0.2727619999999999,0.0737108696,0.259048886,0.314423456,4,0.314423456,0.314423456,0.314423456,0.2727619999999999,0.0416614560000001,1.4624108419424926,False
2490398752.jpg,3,0.0138445683,0.02015920212,0.0118698765,0.945645708,0.0084806346156,3,0.945645708,0.945645708,0.945645708,0.02015920212,0.92548650588,0.2838863109876712,False
433676551.jpg,2,0.0067999868699,0.00766997202,0.914127524,0.0638987719999999,0.007503745771,2,0.914127524,0.914127524,0.914127524,0.0638987719999999,0.850228752,0.3658305616508505,False
3981449307.jpg,3,0.009320277524,0.0844664344,0.03158375474,0.864883602,0.0097459644108,3,0.864883602,0.864883602,0.864883602,0.0844664344,0.7804171676,0.5321328084592077,False
2497160011.jpg,0,0.1633594995,0.0518025072,0.0131780925,0.5970261699999999,0.174633742,3,0.5970261699999999,0.1633594995,0.1633594995,0.5970261699999999,-0.4336666704999999,1.1190673261486683,True
58667011.jpg,2,0.021663306,0.0136583345999999,0.3869580375999999,0.5711383,0.00658207074,3,0.5711383,0.3869580375999999,0.3869580375999999,0.5711383,-0.18418026240000007,0.8620231700535348,True
1197890857.jpg,2,0.0162699772,0.045659686,0.61443216,0.0610768166,0.262561328,2,0.61443216,0.61443216,0.61443216,0.262561328,0.351870832,1.029063873574455,False
906773049.jpg,3,0.02497958572,0.0106353569,0.02009782268,0.93544721,0.0088400462018,3,0.93544721,0.93544721,0.93544721,0.02497958572,0.9104676242799999,0.3232374251038113,False
3267776509.jpg,3,0.013864824,0.033950008,0.13875801,0.79904098,0.0143861521999999,3,0.79904098,0.79904098,0.79904098,0.13875801,0.66028297,0.6884959690946536,False
851791464.jpg,3,0.00923729881,0.0210641832,0.01694703748,0.93903976,0.013711705648,3,0.93903976,0.93903976,0.93903976,0.0210641832,0.9179755768,0.31156768637650994,False
3525134748.jpg,2,0.01101169796,0.045980652,0.8521762279999999,0.020292007636,0.0705394084,2,0.8521762279999999,0.8521762279999999,0.8521762279999999,0.0705394084,0.7816368195999999,0.5936940967649837,False
3912926258.jpg,2,0.010970952424,0.01190398414,0.925427426,0.009279906722,0.0424177256,2,0.925427426,0.925427426,0.925427426,0.0424177256,0.8830097004,0.35144894150307027,False
3478417480.jpg,3,0.009773930756,0.008721299858,0.00971778498,0.96207328,0.009713703856,3,0.96207328,0.96207328,0.96207328,0.009773930756,0.9522993492440001,0.21383429831931078,False
1020387881.jpg,3,0.0724075895999999,0.025599134,0.407963044,0.483524852,0.01050540127,3,0.483524852,0.483524852,0.483524852,0.407963044,0.07556180800000001,1.048914688117914,False
2939949397.jpg,2,0.01007912372,0.00939349196,0.947938102,0.0217121216,0.0108771387564,2,0.947938102,0.947938102,0.947938102,0.0217121216,0.9262259803999999,0.2731969972670818,False
431411749.jpg,1,0.011109455916,0.948216664,0.012155554602,0.012617147048,0.0159011546,1,0.948216664,0.948216664,0.948216664,0.0159011546,0.9323155094000001,0.2750399716515625,False
2571283746.jpg,3,0.009201572208,0.01350611538,0.1758558979999999,0.79079739,0.01063903242,3,0.79079739,0.79079739,0.79079739,0.1758558979999999,0.6149414920000001,0.640878855836535,False
2873149227.jpg,1,0.00590547944,0.94847125,0.0098604634,0.030468314,0.00529453292,1,0.94847125,0.94847125,0.94847125,0.030468314,0.9180029359999999,0.26014761507579476,False
140478919.jpg,3,0.00750838538,0.00827784518,0.0348456315999999,0.9297394,0.0196287646,3,0.9297394,0.9297394,0.9297394,0.0348456315999999,0.8948937684000001,0.3382735661665086,False
2750332182.jpg,3,0.007906731108,0.01145815821,0.2148800484,0.7413594219999999,0.0243956208,3,0.7413594219999999,0.7413594219999999,0.7413594219999999,0.2148800484,0.5264793736,0.7323477146997334,False
1622379223.jpg,3,0.0089125984279999,0.314567822,0.0339413687999999,0.6217769280000001,0.020801263,3,0.6217769280000001,0.6217769280000001,0.6217769280000001,0.314567822,0.30720910600000007,0.8967230357285534,False
1331226893.jpg,4,0.3885996639999999,0.0360427998,0.0386592815,0.01847032378,0.5182279439999999,4,0.5182279439999999,0.5182279439999999,0.5182279439999999,0.3885996639999999,0.12962828000000004,1.0272139223108636,False
3540316536.jpg,3,0.01192065012,0.0181185374,0.1038028024,0.808731264,0.057426766,3,0.808731264,0.808731264,0.808731264,0.1038028024,0.7049284616,0.6963798358211918,False
1754540967.jpg,3,0.01171479918,0.0128247774,0.0196749638,0.946534312,0.00925119878,3,0.946534312,0.946534312,0.946534312,0.0196749638,0.9268593482,0.2805890206805678,False
2888884309.jpg,3,0.0249780624,0.0156002308,0.0548970168,0.8954360159999999,0.0090886682939999,3,0.8954360159999999,0.8954360159999999,0.8954360159999999,0.0548970168,0.8405389991999999,0.4580140217860368,False
1046187121.jpg,3,0.006801956254,0.009162970616,0.0113757954,0.913607016,0.0590522812,3,0.913607016,0.913607016,0.913607016,0.0590522812,0.8545547348,0.37749184633211996,False
3841431254.jpg,3,0.008751208666,0.009675026888,0.4532130359999999,0.51902068,0.009340072974,3,0.51902068,0.51902068,0.51902068,0.4532130359999999,0.06580764400000011,0.8290425943355357,False
1200696605.jpg,1,0.098378631,0.54817678,0.029393308,0.0203885856,0.303662726,1,0.54817678,0.54817678,0.54817678,0.303662726,0.24451405400000004,1.102628679612588,False
873205488.jpg,3,0.0066694008044,0.00672529084,0.0668295642,0.913020824,0.006754906122,3,0.913020824,0.913020824,0.913020824,0.0668295642,0.8461912598,0.3647083492461658,False
2587638393.jpg,2,0.0717813988,0.079311175,0.6256102800000001,0.053002125,0.1702949899999999,2,0.6256102800000001,0.6256102800000001,0.6256102800000001,0.1702949899999999,0.45531529000000015,1.1406642133002751,False
1526220652.jpg,3,0.0100548169399999,0.01110289486,0.01232680752,0.94735572,0.01915976992,3,0.94735572,0.94735572,0.94735572,0.01915976992,0.92819595008,0.2774160700354867,False
678969911.jpg,4,0.019540149644,0.02898896716,0.01160456772,0.246358946,0.69350738,4,0.69350738,0.69350738,0.69350738,0.246358946,0.44714843400000004,0.8302149715553798,False
1865866480.jpg,3,0.01070813158,0.0106037217999999,0.0137027878,0.910495,0.0544903168,3,0.910495,0.910495,0.910495,0.0544903168,0.8560046832,0.3995040871621547,False
2245477659.jpg,3,0.009006075598,0.01315896694,0.0269911794,0.76951101,0.181332748,3,0.76951101,0.76951101,0.76951101,0.181332748,0.588178262,0.7081263193334449,False
4145051602.jpg,3,0.0070098804092,0.008762406658,0.013970610876,0.958122644,0.01213445075,3,0.958122644,0.958122644,0.958122644,0.013970610876,0.944152033124,0.23046937882269064,False
3402404465.jpg,2,0.00743949758,0.008612601982,0.83829682,0.130899664,0.0147514284,2,0.83829682,0.83829682,0.83829682,0.130899664,0.7073971560000001,0.5536304269156386,False
362383094.jpg,1,0.025083317,0.0329028045,0.547059312,0.035703177,0.35925138,2,0.547059312,0.0329028045,0.0329028045,0.547059312,-0.5141565075,1.0215265128376596,True
3927113290.jpg,1,0.011139629404,0.958179524,0.008805445962,0.01275419345,0.0091211843195999,1,0.958179524,0.958179524,0.958179524,0.01275419345,0.94542533055,0.23117804168767878,False
3495209227.jpg,0,0.9002342640000001,0.0288071098,0.01270140208,0.0182056218,0.0400516494,0,0.9002342640000001,0.9002342640000001,0.9002342640000001,0.0400516494,0.8601826146,0.45405414588281723,False
3537514783.jpg,3,0.007508193102,0.007574274982,0.04832648604,0.92722751,0.0093635252708,3,0.92722751,0.92722751,0.92722751,0.04832648604,0.87890102396,0.33392615171692863,False
18156852.jpg,3,0.0067615902359999,0.010731569892,0.0097219784,0.94623392,0.026550944,3,0.94623392,0.94623392,0.94623392,0.026550944,0.9196829759999999,0.2761319624038858,False
2864463942.jpg,3,0.008750313288,0.01162526618,0.007945794984,0.96311198,0.0085666369062,3,0.96311198,0.96311198,0.96311198,0.01162526618,0.9514867138199999,0.20864453315101064,False
2447704819.jpg,2,0.01365393188,0.0139863602,0.425217152,0.0409681286,0.5061744079999999,4,0.5061744079999999,0.425217152,0.425217152,0.5061744079999999,-0.08095725599999992,0.957502701412675,True
2953610226.jpg,1,0.8576254160000001,0.0883428232,0.0309220456,0.01051023124,0.0125994837999999,0,0.8576254160000001,0.0883428232,0.0883428232,0.8576254160000001,-0.7692825928000001,0.5565710223361161,True
2476584583.jpg,2,0.01006222418,0.01196925085,0.95165394,0.01668262538,0.009631933104,2,0.95165394,0.95165394,0.95165394,0.01668262538,0.93497131462,0.2594091685294616,False
3267552912.jpg,3,0.005462487784,0.00712568204,0.013666211,0.963913284,0.0098323428,3,0.963913284,0.963913284,0.963913284,0.013666211,0.950247073,0.2032286484767154,False
581749808.jpg,4,0.1055426616,0.114450421,0.0098825341,0.0832957072,0.68682866,4,0.68682866,0.68682866,0.68682866,0.114450421,0.572378239,0.9960801487669928,False
3053713467.jpg,3,0.01043712773,0.00893175518,0.00912011556,0.95919626,0.01231474596,3,0.95919626,0.95919626,0.95919626,0.01231474596,0.94688151404,0.22670629429269834,False
3303586699.jpg,1,0.221758084,0.5787342200000001,0.061903314,0.12063163,0.01697276122,1,0.5787342200000001,0.5787342200000001,0.5787342200000001,0.221758084,0.3569761360000001,1.147068889816624,False
3903538298.jpg,3,0.011701608118,0.01462047392,0.01113874952,0.951324332,0.01121482395702,3,0.951324332,0.951324332,0.951324332,0.01462047392,0.93670385808,0.26175171687840176,False
2247595260.jpg,1,0.0078946418,0.0267336228,0.0151716234199999,0.0257682866,0.92443183,4,0.92443183,0.0267336228,0.0267336228,0.92443183,-0.8976982071999999,0.36550519063646714,True
1506855289.jpg,2,0.007346498724,0.0146470114,0.404725736,0.458317516,0.114963228,3,0.458317516,0.404725736,0.404725736,0.458317516,-0.05359177999999998,1.070310127656003,True
3988520173.jpg,3,0.013853498844,0.0254659408199999,0.01163668394,0.9275575,0.02148637504,3,0.9275575,0.9275575,0.9275575,0.0254659408199999,0.9020915591800002,0.35684540060827286,False
3794607673.jpg,3,0.00972140857,0.007726044504,0.00991075564,0.96464002,0.00800179576396,3,0.96464002,0.96464002,0.96464002,0.00991075564,0.95472926436,0.2017066522182959,False
249774919.jpg,3,0.00876800921,0.0084495769044,0.0169521744,0.9530431,0.01278718116,3,0.9530431,0.9530431,0.9530431,0.0169521744,0.9360909256000001,0.25256634905749475,False
4044063310.jpg,3,0.009203041262,0.007989945218,0.0201453038,0.953788924,0.008872773,3,0.953788924,0.953788924,0.953788924,0.0201453038,0.9336436202,0.2474452655586002,False
2065453840.jpg,3,0.008181976242,0.008718882286,0.010694958,0.963763908,0.008640280792,3,0.963763908,0.963763908,0.963763908,0.010694958,0.95306895,0.20582612613493625,False
1672808883.jpg,3,0.01078080931,0.01555954492,0.0234835414,0.936151528,0.0140245394,3,0.936151528,0.936151528,0.936151528,0.0234835414,0.9126679866,0.32331733728766415,False
810282945.jpg,3,0.0085678512944,0.0085753574951,0.009370163402,0.964823184,0.008663453158,3,0.964823184,0.964823184,0.964823184,0.009370163402,0.955453020598,0.20104081030622825,False
3443521560.jpg,3,0.016780913088,0.01176583391,0.00944709744,0.929300458,0.03270567928,3,0.929300458,0.929300458,0.929300458,0.03270567928,0.89659477872,0.3449048261084244,False
2216366508.jpg,4,0.1347035959999999,0.0634016739999999,0.0293142868,0.0331113866,0.73946903,4,0.73946903,0.73946903,0.73946903,0.1347035959999999,0.604765434,0.8844143198526734,False
971188113.jpg,0,0.6157413700000001,0.039400848,0.01010726356,0.01134498754,0.323405534,0,0.6157413700000001,0.6157413700000001,0.6157413700000001,0.323405534,0.29233583600000007,0.8883390261847623,False
975560905.jpg,3,0.008356901628,0.086057202,0.087823134,0.8040236219999999,0.01373917828,3,0.8040236219999999,0.8040236219999999,0.8040236219999999,0.087823134,0.7162004879999999,0.6989705977961431,False
872798260.jpg,3,0.00790505987,0.008690895,0.00737772748,0.96254753,0.01347880242,3,0.96254753,0.96254753,0.96254753,0.01347880242,0.94906872758,0.21051485968483075,False
2420339753.jpg,4,0.02564562938,0.02071821584,0.0240886346,0.01541913964,0.91412838,4,0.91412838,0.91412838,0.91412838,0.02564562938,0.8884827506199999,0.4104287697478066,False
3023855128.jpg,3,0.0085255923836,0.0114285713,0.1579093127999999,0.812249048,0.00988748214,3,0.812249048,0.812249048,0.812249048,0.1579093127999999,0.6543397352000001,0.5977360436869141,False
4026684435.jpg,3,0.0079568636776,0.0095419617248,0.0398836572,0.932111662,0.010505875116,3,0.932111662,0.932111662,0.932111662,0.0398836572,0.8922280048,0.32474052374111384,False
66116561.jpg,3,0.007848176633,0.0079558521126,0.007698079172,0.9679318,0.008566104462,3,0.9679318,0.9679318,0.9679318,0.008566104462,0.959365695538,0.18628869163497758,False
1849151787.jpg,3,0.0103156756016,0.010220791938,0.01166342918,0.95745176,0.010348321102,3,0.95745176,0.95745176,0.95745176,0.01166342918,0.94578833082,0.23487890469682787,False
2218891230.jpg,4,0.00863700188,0.01069344125,0.0130830316,0.0081362646,0.959450264,4,0.959450264,0.959450264,0.959450264,0.0130830316,0.9463672324,0.2251656520123668,False
210183740.jpg,3,0.006524490156,0.0108184431,0.0271577912,0.9398887,0.0156106148,3,0.9398887,0.9398887,0.9398887,0.0271577912,0.9127309088000001,0.3029400656144852,False
3349716864.jpg,2,0.018806388,0.0242091482,0.882466234,0.005927264248,0.0685909404,2,0.882466234,0.882466234,0.882466234,0.0685909404,0.8138752936,0.48934215234031675,False
3905145362.jpg,3,0.00934841259,0.006861934476,0.01434153602,0.90787885,0.061569293,3,0.90787885,0.90787885,0.90787885,0.061569293,0.846309557,0.39811089848995784,False
2635402791.jpg,3,0.0126646995984,0.00860282443,0.0148880608,0.94048562,0.02335881244,3,0.94048562,0.94048562,0.94048562,0.02335881244,0.91712680756,0.3043415284239518,False
4250119562.jpg,3,0.008459636092,0.00786892477,0.0147614844,0.93754232,0.0313676518,3,0.93754232,0.93754232,0.93754232,0.0313676518,0.9061746682,0.3097867039712136,False
842361914.jpg,3,0.007452157552,0.00736336968,0.0102314534,0.96005062,0.0149024157999999,3,0.96005062,0.96005062,0.96005062,0.0149024157999999,0.9451482042000001,0.22138030343294032,False
1963440956.jpg,4,0.00762913602,0.00792346491,0.0356617088,0.00657476048,0.94221092,4,0.94221092,0.94221092,0.94221092,0.0356617088,0.9065492112,0.2835369410224395,False
1807193398.jpg,3,0.00956706292,0.01478924222,0.0218714144,0.906433268,0.047339011,3,0.906433268,0.906433268,0.906433268,0.047339011,0.859094257,0.42385618591080965,False
3752998209.jpg,3,0.010516732028,0.00935831394,0.012072839,0.95839384,0.0096582773399999,3,0.95839384,0.95839384,0.95839384,0.012072839,0.946321001,0.23048422428828697,False
370886609.jpg,0,0.43400815,0.0376776552,0.00791782525,0.006000609924,0.514395732,4,0.514395732,0.43400815,0.43400815,0.514395732,-0.08038758200000001,0.8967573182610077,True
2672675899.jpg,3,0.01197104732,0.01185926982,0.01356167692,0.95329746,0.009310523915076,3,0.95329746,0.95329746,0.95329746,0.01356167692,0.93973578308,0.253025075604195,False
3918869320.jpg,2,0.00829464934,0.0148733862,0.952249684,0.01189951232,0.012682803,2,0.952249684,0.952249684,0.952249684,0.0148733862,0.9373762978,0.2570528053564904,False
2382704468.jpg,3,0.0062920933,0.0219997912,0.0281005184,0.90866794,0.0349396512,3,0.90866794,0.90866794,0.90866794,0.0349396512,0.8737282888,0.4204528690378821,False
1614856846.jpg,3,0.008567526516,0.010815884262,0.0149956704999999,0.92079808,0.0448228564,3,0.92079808,0.92079808,0.92079808,0.0448228564,0.8759752236,0.3678777519962454,False
2779779756.jpg,3,0.0214316256,0.0175346552,0.0143499867999999,0.936404136,0.01027957998,3,0.936404136,0.936404136,0.936404136,0.0214316256,0.9149725104,0.32274859866637645,False
2082399272.jpg,3,0.0070113922176,0.009364002352,0.0132007639399999,0.861312918,0.109110954,3,0.861312918,0.861312918,0.861312918,0.109110954,0.752201964,0.5059573435480221,False
331060034.jpg,3,0.009235002022,0.0141864071,0.024137321,0.90931356,0.043127733,3,0.90931356,0.90931356,0.90931356,0.043127733,0.866185827,0.41554087820551944,False
1160018036.jpg,1,0.00503314228,0.92034478,0.0162688925999999,0.046418024,0.01193521704,1,0.92034478,0.92034478,0.92034478,0.046418024,0.8739267559999999,0.36539108880810006,False
1309044307.jpg,3,0.011345810702,0.0082557927,0.01116481856,0.960614,0.0086195717532,3,0.960614,0.960614,0.960614,0.011345810702,0.9492681892979999,0.22017927993420447,False
3553494327.jpg,2,0.00802768046,0.009276495176,0.84966425,0.1173947442,0.0156368353,2,0.84966425,0.84966425,0.84966425,0.1173947442,0.7322695058,0.5370756490853567,False
3655961680.jpg,3,0.009342129188,0.009162683566,0.008632450584,0.959384418,0.013478291164,3,0.959384418,0.959384418,0.959384418,0.013478291164,0.945906126836,0.22550414469912758,False
634365236.jpg,0,0.80490804,0.072414098,0.00985690642,0.007933268,0.104887658,0,0.80490804,0.80490804,0.80490804,0.104887658,0.700020382,0.6852127452080062,False
3341713020.jpg,2,0.01008539174,0.00956220358,0.911821304,0.0490560169,0.01947507594,2,0.911821304,0.911821304,0.911821304,0.0490560169,0.8627652871,0.3995928243284069,False
1451055508.jpg,3,0.00561381567,0.006395230312,0.01129495572,0.96986808,0.0068279277036,3,0.96986808,0.96986808,0.96986808,0.01129495572,0.95857312428,0.17576591618962517,False
1612059624.jpg,2,0.0114664836,0.00824353074,0.9457832,0.0267454396,0.007761300116,2,0.9457832,0.9457832,0.9457832,0.0267454396,0.9190377604000001,0.2780757109593148,False
3721951548.jpg,3,0.0079889710318,0.008627863162,0.0158103136,0.9466739,0.0208989513,3,0.9466739,0.9466739,0.9466739,0.0208989513,0.9257749487,0.27787388055761575,False
1372417670.jpg,4,0.647300844,0.02234459738,0.0206313792,0.018737059,0.2909861,0,0.647300844,0.2909861,0.2909861,0.647300844,-0.35631474399999996,0.8802829674963651,True
3890031422.jpg,4,0.1476473744,0.57862528,0.0193231693,0.02274438822,0.2316598079999999,1,0.57862528,0.2316598079999999,0.2316598079999999,0.57862528,-0.3469654720000001,1.1001138236864665,True
2496742167.jpg,1,0.0194677934,0.86250016,0.00528462486,0.0568932252,0.0558542012,1,0.86250016,0.86250016,0.86250016,0.0568932252,0.8056069348,0.5562004204739049,False
1380772166.jpg,3,0.008579616498,0.00890150726,0.026770273,0.94647924,0.009269345092,3,0.94647924,0.94647924,0.94647924,0.026770273,0.919708967,0.27522698484793884,False
213870156.jpg,4,0.01248085436,0.01644664236,0.0405084084,0.01313234204,0.91743176,4,0.91743176,0.91743176,0.91743176,0.0405084084,0.8769233516,0.3881070517497811,False
3480025724.jpg,3,0.01103921032,0.00982838672,0.00951385922,0.958520792,0.01109777758,3,0.958520792,0.958520792,0.958520792,0.01109777758,0.94742301442,0.23002261813494204,False
157946979.jpg,2,0.01067736098,0.0102320336,0.629099428,0.338407638,0.011583534516,2,0.629099428,0.629099428,0.629099428,0.338407638,0.29069178999999995,0.805230416146906,False
2542175264.jpg,3,0.008308120416,0.0066579164172,0.238991622,0.733223008,0.012819353546,3,0.733223008,0.733223008,0.733223008,0.238991622,0.49423138599999994,0.698618873847166,False
2093749635.jpg,3,0.0083722103639999,0.00934688442,0.0451276078,0.92575792,0.01139534064,3,0.92575792,0.92575792,0.92575792,0.0451276078,0.8806303122,0.34593964567319413,False
2384551148.jpg,4,0.02292467004,0.008974053248,0.012846814832,0.0655227288,0.8897317599999999,4,0.8897317599999999,0.8897317599999999,0.8897317599999999,0.0655227288,0.8242090311999999,0.46731995459594644,False
403458333.jpg,1,0.01684248764,0.958043518,0.007051829626,0.01072909024,0.007333105,1,0.958043518,0.958043518,0.958043518,0.01684248764,0.94120103036,0.22948306674556987,False
1242670856.jpg,3,0.25135792,0.0522034882,0.01352846403,0.665602672,0.01730743592,3,0.665602672,0.665602672,0.665602672,0.25135792,0.414244752,0.9005947061517531,False
1903746269.jpg,3,0.009099550126,0.007138505352,0.00904157832,0.945773676,0.0289467188,3,0.945773676,0.945773676,0.945773676,0.0289467188,0.9168269572,0.2758595339355432,False
1200108798.jpg,1,0.01344459538,0.928065216,0.0190437578,0.0173040238,0.0221424006,1,0.928065216,0.928065216,0.928065216,0.0221424006,0.9059228154000001,0.3572184572798133,False
3158652079.jpg,4,0.642361004,0.00997498238,0.0164757511799999,0.004953477424,0.3262348,0,0.642361004,0.3262348,0.3262348,0.642361004,-0.31612620399999997,0.7896401439914388,True
3126296051.jpg,1,0.0033933757166799,0.971013018,0.00436713066412,0.0123448814204,0.00888158583652,1,0.971013018,0.971013018,0.971013018,0.0123448814204,0.9586681365795999,0.16779105852025872,False
2690529206.jpg,3,0.011431674684,0.011352259362,0.01558711716,0.94902962,0.012599314758,3,0.94902962,0.94902962,0.94902962,0.01558711716,0.93344250284,0.27157687564415056,False
1113813904.jpg,3,0.0072554345959999,0.0080962296399999,0.0079997482,0.959187064,0.0174615289,3,0.959187064,0.959187064,0.959187064,0.0174615289,0.9417255351,0.22400869461994732,False
2929004417.jpg,3,0.007209130132,0.007927030944,0.0185988552,0.958980504,0.007284493336,3,0.958980504,0.958980504,0.958980504,0.0185988552,0.9403816488,0.2240359988321873,False
641096322.jpg,3,0.008341003774,0.007926354556,0.0153410899199999,0.9606508,0.00774076654,3,0.9606508,0.9606508,0.9606508,0.0153410899199999,0.9453097100800001,0.21854665682530666,False
3791164400.jpg,2,0.0084879206,0.0212163867,0.8975103,0.03859246744,0.0341928753999999,2,0.8975103,0.8975103,0.8975103,0.03859246744,0.85891783256,0.46030760383179314,False
83815023.jpg,3,0.007749268078,0.01075062103,0.00762793542,0.964421356,0.0094508730472,3,0.964421356,0.964421356,0.964421356,0.01075062103,0.95367073497,0.2025810519241028,False
3097857862.jpg,3,0.009853160923,0.008732600458,0.01216949678,0.95861614,0.01062858074,3,0.95861614,0.95861614,0.95861614,0.01216949678,0.9464466432199999,0.22938693533201449,False
2110903174.jpg,3,0.00739628292,0.01061035902,0.01438046496,0.95907686,0.008536013,3,0.95907686,0.95907686,0.95907686,0.01438046496,0.94469639504,0.22626117327332565,False
674205254.jpg,3,0.00852069798,0.1345756008,0.522458848,0.308710732,0.025734129,2,0.522458848,0.308710732,0.308710732,0.522458848,-0.213748116,1.1067257149216718,True
276788964.jpg,3,0.007394915838,0.01223883228,0.014147066,0.956407272,0.00981189714,3,0.956407272,0.956407272,0.956407272,0.014147066,0.9422602059999999,0.23841782821017027,False
2066344350.jpg,3,0.01607762238,0.0252314952,0.0471892104,0.896075226,0.01542647674,3,0.896075226,0.896075226,0.896075226,0.0471892104,0.8488860156,0.4660270393811392,False
1891723020.jpg,3,0.009567090272,0.012523541,0.0133939168,0.949393686,0.01512175748,3,0.949393686,0.949393686,0.949393686,0.01512175748,0.93427192852,0.2697920842594783,False
231005253.jpg,4,0.0329749569599999,0.0497270602,0.00833760166,0.01179311994,0.897167252,4,0.897167252,0.897167252,0.897167252,0.0497270602,0.8474401918000001,0.4513824228270229,False
815227743.jpg,3,0.012077203715,0.0216932325,0.00914829394,0.93147886,0.025602481436,3,0.93147886,0.93147886,0.93147886,0.025602481436,0.905876378564,0.33933627552530343,False
315115320.jpg,3,0.0093390022498,0.008686976755,0.00870750058,0.961485038,0.0117814828,3,0.961485038,0.961485038,0.961485038,0.0117814828,0.9497035551999999,0.21626655906660686,False
3177385615.jpg,3,0.00931421922,0.008295985452,0.008496916788,0.961264,0.01262887264,3,0.961264,0.961264,0.961264,0.01262887264,0.94863512736,0.21700964371354114,False
4258860412.jpg,1,0.0100806816936,0.949813292,0.01246602422,0.0138644687,0.0137755278,1,0.949813292,0.949813292,0.949813292,0.0138644687,0.9359488233,0.2682527031296769,False
418334255.jpg,3,0.009010710192,0.0093611216144,0.00962606242,0.961985236,0.010016840358,3,0.961985236,0.961985236,0.961985236,0.010016840358,0.951968395642,0.21425387142398325,False
2717129685.jpg,3,0.00792222038,0.0103749814,0.317311686,0.65440684,0.009984243456,3,0.65440684,0.65440684,0.65440684,0.317311686,0.33709515400000006,0.773438224862745,False
3465555642.jpg,0,0.765522084,0.047473369196,0.04464937664,0.03297772424,0.1093774692,0,0.765522084,0.765522084,0.765522084,0.1093774692,0.6561446148,0.842600040366959,False
236178051.jpg,1,0.01256427346,0.94413972,0.01706465383,0.01357333164,0.0126580549,1,0.94413972,0.94413972,0.94413972,0.01706465383,0.92707506617,0.29239805398682367,False
4240296796.jpg,3,0.0090216864288,0.0073263680839999,0.0226171487,0.95297722,0.008057590772,3,0.95297722,0.95297722,0.95297722,0.0226171487,0.9303600713,0.24893733721869332,False
4276501403.jpg,3,0.01048266684,0.0138835394,0.00911897802,0.957829344,0.00868547273329,3,0.957829344,0.957829344,0.957829344,0.0138835394,0.9439458046,0.23248726499777744,False
190449795.jpg,0,0.73507199,0.2256285308,0.0141472644,0.0155277264,0.0096244864,0,0.73507199,0.73507199,0.73507199,0.2256285308,0.5094434592,0.7317840767476466,False
4153204450.jpg,0,0.328771448,0.0569344066,0.05753257222,0.53037519,0.02638636398,3,0.53037519,0.328771448,0.328771448,0.53037519,-0.20160374199999997,1.1254277601416205,True
3902366551.jpg,3,0.014085594145,0.0156735898,0.010098605504,0.950969664,0.009172560505958,3,0.950969664,0.950969664,0.950969664,0.0156735898,0.9352960742,0.2624255924788397,False
2445871851.jpg,4,0.01162514886,0.0332617231999999,0.0586050006,0.0119676485,0.8845404800000001,4,0.8845404800000001,0.8845404800000001,0.8845404800000001,0.0586050006,0.8259354794000001,0.4927300432046957,False
3172927521.jpg,4,0.02449613464,0.0448279584,0.485867182,0.15950801,0.2853007079999999,2,0.485867182,0.2853007079999999,0.2853007079999999,0.485867182,-0.2005664740000001,1.2313881471180625,True
1824816282.jpg,3,0.00941696542,0.01355307918,0.01216793566,0.95387106,0.010990950558,3,0.95387106,0.95387106,0.95387106,0.01355307918,0.94031798082,0.250498916868543,False
2412773929.jpg,3,0.0157529432,0.01231333876,0.070235304,0.891930896,0.009767538296,3,0.891930896,0.891930896,0.891930896,0.070235304,0.821695592,0.4532850972378886,False
923034542.jpg,3,0.00859427018,0.008723997772,0.009923915076,0.9468829,0.025874941,3,0.9468829,0.9468829,0.9468829,0.025874941,0.921007959,0.2742637017527565,False
1508057647.jpg,3,0.007006030692,0.0085809414,0.0375188023999999,0.917533976,0.0293602639999999,3,0.917533976,0.917533976,0.917533976,0.0375188023999999,0.8800151736,0.3813122149849517,False
3471100023.jpg,3,0.0066448899011999,0.007151288717,0.008205380838,0.964145604,0.013852861878,3,0.964145604,0.964145604,0.964145604,0.013852861878,0.950292742122,0.202541543948147,False
388808106.jpg,4,0.0356678456,0.168343998,0.127191778,0.26910923,0.3996871780000001,4,0.3996871780000001,0.3996871780000001,0.3996871780000001,0.26910923,0.1305779480000001,1.4009074966482797,False
2497412230.jpg,3,0.01490000208,0.012093821234,0.0410672636,0.91991166,0.01202728286,3,0.91991166,0.91991166,0.91991166,0.0410672636,0.8788443964,0.3771388647952531,False
2258065803.jpg,4,0.0757437296,0.0597674709,0.0128862936999999,0.086382308,0.765220204,4,0.765220204,0.765220204,0.765220204,0.086382308,0.678837896,0.8362219074586943,False
2588775979.jpg,3,0.0112971958036,0.0076419542764,0.009516334676,0.96358352,0.0079610366818,3,0.96358352,0.96358352,0.96358352,0.0112971958036,0.9522863241964,0.20641382894188381,False
240110902.jpg,3,0.0070148925,0.006115336984,0.007622130582,0.9738733,0.005374330189,3,0.9738733,0.9738733,0.9738733,0.007622130582,0.966251169418,0.15700162853661914,False
1355602317.jpg,3,0.0118152549,0.010171682868,0.0178950892,0.94893872,0.011179273844,3,0.94893872,0.94893872,0.94893872,0.0178950892,0.9310436308,0.27107673619651884,False
1060214168.jpg,0,0.3534948679999999,0.047657236,0.0328962864,0.0251748872,0.540776724,4,0.540776724,0.3534948679999999,0.3534948679999999,0.540776724,-0.18728185600000008,1.0501041935406932,True
2670707464.jpg,1,0.0104726534,0.747885228,0.097713474,0.074207355,0.0697212765999999,1,0.747885228,0.747885228,0.747885228,0.097713474,0.650171754,0.8709539208011375,False
2494764703.jpg,2,0.0092226275599999,0.01015706358,0.951441676,0.016042003,0.01313661054,2,0.951441676,0.951441676,0.951441676,0.016042003,0.9353996729999999,0.26040135644967555,False
2417340627.jpg,2,0.0196663747,0.0547025359999999,0.890896984,0.01403206884,0.0207020504,2,0.890896984,0.890896984,0.890896984,0.0547025359999999,0.8361944480000001,0.4792846538141685,False
85453943.jpg,1,0.01241364178,0.028071551,0.8865211,0.0596530294,0.01334070064,2,0.8865211,0.028071551,0.028071551,0.8865211,-0.8584495489999999,0.48732974507013405,True
2480935122.jpg,2,0.007232931782,0.01048089036,0.819682472,0.116688336,0.0459153551999999,2,0.819682472,0.819682472,0.819682472,0.116688336,0.702994136,0.6385488963686532,False
942994246.jpg,0,0.473858024,0.057704956,0.01112934094,0.01615101722,0.441156652,0,0.473858024,0.473858024,0.473858024,0.441156652,0.032701372000000006,0.9962179666004116,False
415809799.jpg,3,0.00868828471,0.00800736666,0.0134313821,0.951230204,0.018642757816,3,0.951230204,0.951230204,0.951230204,0.018642757816,0.932587446184,0.2595805572494808,False
2413584115.jpg,3,0.008348073756,0.009521497952,0.01072705092,0.936218172,0.0351852328,3,0.936218172,0.936218172,0.936218172,0.0351852328,0.9010329392,0.31238619204275664,False
2876166788.jpg,3,0.00876043116,0.008613495578,0.00981875648,0.965791944,0.0070153575016,3,0.965791944,0.965791944,0.965791944,0.00981875648,0.95597318752,0.19626140180390456,False
1070630875.jpg,3,0.0084711774429,0.00928434776922,0.0077567713699999,0.9649158,0.0095719038874,3,0.9649158,0.9649158,0.9649158,0.0095719038874,0.9553438961126,0.20051421360985416,False
53025412.jpg,3,0.008592061618,0.01025078007,0.0092299938599999,0.96181691,0.0101102294564,3,0.96181691,0.96181691,0.96181691,0.01025078007,0.95156612993,0.21496281883478366,False
3702249794.jpg,1,0.01103709706,0.85464398,0.0234231468,0.0956926144,0.0152031624,1,0.85464398,0.85464398,0.85464398,0.0956926144,0.7589513656,0.5601069037090107,False
1488135132.jpg,3,0.0081076010796,0.0086740915968,0.0101610317,0.96471022,0.008347047772,3,0.96471022,0.96471022,0.96471022,0.0101610317,0.9545491882999999,0.20145552423388208,False
1066630679.jpg,3,0.0095479484624,0.008639582844,0.009271079458,0.93148542,0.0410559684,3,0.93148542,0.93148542,0.93148542,0.0410559684,0.8904294516,0.32605452443931066,False
884612746.jpg,4,0.00681616106,0.01853349454,0.0489612462,0.0182336548,0.907455456,4,0.907455456,0.907455456,0.907455456,0.0489612462,0.8584942098,0.41675978791201995,False
3424923425.jpg,3,0.008240871126,0.0080407023646,0.00918879586,0.9648743,0.0096553572,3,0.9648743,0.9648743,0.9648743,0.0096553572,0.9552189428,0.20072525785212386,False
2467650038.jpg,0,0.89979659,0.062635228,0.0139313811999999,0.00879423058,0.01484261316,0,0.89979659,0.89979659,0.89979659,0.062635228,0.837161362,0.4321901292749775,False
2199936871.jpg,3,0.0095718129439999,0.00867217004,0.01198527292,0.911177332,0.0585934304,3,0.911177332,0.911177332,0.911177332,0.0585934304,0.8525839016,0.3896877856081501,False
85222011.jpg,3,0.00909159744,0.00956528512,0.0162563186,0.9542794,0.0108073896,3,0.9542794,0.9542794,0.9542794,0.0162563186,0.9380230814,0.24776314133911892,False
470378049.jpg,3,0.01189633906,0.0093746229944,0.01038281914,0.94791552,0.0204307039,3,0.94791552,0.94791552,0.94791552,0.0204307039,0.9274848161,0.2741146250117648,False
3308245641.jpg,3,0.011075946002,0.00984845004,0.524589308,0.445675196,0.008811106554,2,0.524589308,0.445675196,0.445675196,0.524589308,-0.07891411200000004,0.8356831893118287,True
2089003818.jpg,3,0.007808292448,0.01002550626,0.02291212188,0.932312546,0.026941518,3,0.932312546,0.932312546,0.932312546,0.026941518,0.905371028,0.3332642488515843,False
2351670510.jpg,3,0.0208602105,0.190385079,0.0708387772,0.7023118079999999,0.01560411644,3,0.7023118079999999,0.7023118079999999,0.7023118079999999,0.190385079,0.5119267289999999,0.89715306217238,False
2734186624.jpg,1,0.009652592608,0.947821972,0.00858690041,0.0262746232,0.007663914918,1,0.947821972,0.947821972,0.947821972,0.0262746232,0.9215473488,0.26938795261420007,False
1100247536.jpg,1,0.009539866236,0.92817446,0.006938814122,0.0331229746,0.02222388536,1,0.92817446,0.92817446,0.92817446,0.0331229746,0.8950514854,0.34551897408108456,False
2848105095.jpg,3,0.00812665614656,0.01121379122,0.00681488311,0.96704163,0.00680299694,3,0.96704163,0.96704163,0.96704163,0.01121379122,0.95582783878,0.18982300443768357,False
1789470358.jpg,1,0.0119395725799999,0.606214236,0.3465503119999999,0.01337185312,0.0219240548,1,0.606214236,0.606214236,0.606214236,0.3465503119999999,0.2596639240000001,0.8649873491927901,False
1588493450.jpg,3,0.0156609544,0.0475513221999999,0.281585214,0.588002812,0.0671996982,3,0.588002812,0.588002812,0.588002812,0.281585214,0.30641759800000007,1.0604817859054902,False
2758929090.jpg,2,0.00730621078,0.0141073932,0.8539294980000001,0.01265612136,0.1120007559999999,2,0.8539294980000001,0.8539294980000001,0.8539294980000001,0.1120007559999999,0.7419287420000001,0.5313929963137478,False
2760869322.jpg,1,0.00892989595,0.9362994,0.0116656297742,0.02949843826,0.01360663975,1,0.9362994,0.9362994,0.9362994,0.02949843826,0.90680096174,0.31809231525998405,False
1377926295.jpg,3,0.00890789289,0.008883333774,0.0125148264,0.96097804,0.00871592148,3,0.96097804,0.96097804,0.96097804,0.0125148264,0.9484632136,0.21842579297567882,False
490603548.jpg,1,0.567207814,0.351086832,0.02388606864,0.01726290616,0.0405564026399999,0,0.567207814,0.351086832,0.351086832,0.567207814,-0.21612098199999996,0.978374625950441,True
37879713.jpg,3,0.007298461978,0.011034221218,0.04635777142,0.90198138,0.0333281168,3,0.90198138,0.90198138,0.90198138,0.04635777142,0.8556236085800001,0.4344297023395727,False
4147565807.jpg,3,0.0080513960956,0.0072760664,0.010352779382,0.965128212,0.0091915581102,3,0.965128212,0.965128212,0.965128212,0.010352779382,0.954775432618,0.19932186903046661,False
1714701345.jpg,1,0.116822079,0.6492741,0.0640732384,0.033777322,0.136053297,1,0.6492741,0.6492741,0.6492741,0.136053297,0.513220803,1.0931296923640248,False
1291389398.jpg,3,0.0609344255999999,0.074061986,0.0779113476,0.751522416,0.0355698313,3,0.751522416,0.751522416,0.751522416,0.0779113476,0.6736110684000001,0.8954541048128474,False
2675535837.jpg,3,0.0845985424,0.010240431,0.023612738,0.871463562,0.010084724193,3,0.871463562,0.871463562,0.871463562,0.0845985424,0.7868650196,0.5105667420480946,False
170892269.jpg,4,0.016080732228,0.0115120053,0.012965056196,0.5041343620000001,0.4553078699999999,3,0.5041343620000001,0.4553078699999999,0.4553078699999999,0.5041343620000001,-0.048826492000000166,0.8776646724132571,True
1426159636.jpg,3,0.009985753296,0.00829654484,0.00897072752,0.96389614,0.0088508489702,3,0.96389614,0.96389614,0.96389614,0.009985753296,0.953910386704,0.20532702069966097,False
1162702675.jpg,3,0.00837520801,0.007312253838,0.0159191476,0.96041624,0.0079771742674,3,0.96041624,0.96041624,0.96041624,0.0159191476,0.9444970924,0.21925525761691692,False
326839479.jpg,4,0.0748584838,0.0331083831,0.00956351576,0.01129110124,0.8711785160000001,4,0.8711785160000001,0.8711785160000001,0.8711785160000001,0.0748584838,0.7963200322,0.5221147985804169,False
2999997152.jpg,2,0.0092933159,0.0292235214,0.165415756,0.7412793200000001,0.0547881,3,0.7412793200000001,0.165415756,0.165415756,0.7412793200000001,-0.575863564,0.8253928291691739,True
847610100.jpg,3,0.01366041161,0.0289014408,0.136238056,0.441184698,0.3800154,3,0.441184698,0.441184698,0.441184698,0.3800154,0.06116929799999998,1.1613399086159184,False
3973759314.jpg,2,0.0294012107999999,0.00795086548,0.037511331,0.918907552,0.00622903542898,3,0.918907552,0.037511331,0.037511331,0.918907552,-0.8813962209999999,0.3746281432816073,True
3331347285.jpg,2,0.0171552906,0.014760020956,0.933987284,0.0205897131,0.013507663152,2,0.933987284,0.933987284,0.933987284,0.0205897131,0.9133975709,0.33384684114573293,False
1046776729.jpg,3,0.008371368592,0.00956688216,0.01257688402,0.955385644,0.014099218,3,0.955385644,0.955385644,0.955385644,0.014099218,0.941286426,0.24324530740440578,False
1192486665.jpg,3,0.00925799156,0.0114584172,0.009521671842,0.961424716,0.00833719702768,3,0.961424716,0.961424716,0.961424716,0.0114584172,0.9499662988,0.21660393695928154,False
3056477095.jpg,0,0.840979348,0.017203181,0.01308055948,0.00851836894,0.12021856,0,0.840979348,0.840979348,0.840979348,0.12021856,0.720760788,0.5675347100912709,False
101876866.jpg,3,0.00961661851,0.010504561398,0.01118829676,0.958748688,0.0099418315,3,0.958748688,0.958748688,0.958748688,0.01118829676,0.94756039124,0.2290184204767618,False
1359969815.jpg,2,0.01555065414,0.085765616,0.79827968,0.02193931022,0.0784647584,2,0.79827968,0.79827968,0.79827968,0.085765616,0.7125140640000001,0.7387468200779402,False
341323855.jpg,3,0.0083724365859999,0.009707783518,0.01086006802,0.958448904,0.012610818786,3,0.958448904,0.958448904,0.958448904,0.012610818786,0.945838085214,0.2299793741032804,False
2801703487.jpg,3,0.00732759648476,0.00699669654764,0.0146587256,0.963057128,0.007959889272,3,0.963057128,0.963057128,0.963057128,0.0146587256,0.9483984024,0.20736754263316332,False
1849248641.jpg,3,0.0092107555,0.011861997044,0.067217148,0.902132176,0.009577925296,3,0.902132176,0.902132176,0.902132176,0.067217148,0.834915028,0.4146854564331492,False
1551047052.jpg,4,0.704437628,0.0394598058,0.00692192638,0.0148645269,0.2343161155999999,0,0.704437628,0.2343161155999999,0.2343161155999999,0.704437628,-0.4701215124000001,0.8113533862308602,True
1640455749.jpg,3,0.015053864584,0.008836442004,0.0122037925,0.94657804,0.01732786944,3,0.94657804,0.94657804,0.94657804,0.01732786944,0.92925017056,0.2809652533494107,False
1523038784.jpg,0,0.750193836,0.059475043,0.05936866998,0.1075593382,0.0234031016,0,0.750193836,0.750193836,0.750193836,0.1075593382,0.6426344978,0.87883268979742,False
2612899548.jpg,3,0.0071722551616,0.0069821949257,0.010959201708,0.96251256,0.01237378154,3,0.96251256,0.96251256,0.96251256,0.01237378154,0.9501387784599999,0.21066445891129124,False
4156754691.jpg,3,0.01270739764,0.0084398304,0.020239005,0.91059782,0.0480159727999999,3,0.91059782,0.91059782,0.91059782,0.0480159727999999,0.8625818472000001,0.40577673005007897,False
10459387.jpg,4,0.0414287152,0.5652238199999999,0.01711186958,0.29000291,0.086232728,1,0.5652238199999999,0.086232728,0.086232728,0.5652238199999999,-0.47899109199999995,1.094305142799074,True
1867630511.jpg,3,0.00831139198618,0.01000512256,0.007470271548,0.95547806,0.0187351534,3,0.95547806,0.95547806,0.95547806,0.0187351534,0.9367429066,0.24049552997916174,False
2609118194.jpg,3,0.0116211468,0.01212430168,0.0703252942,0.88067514,0.0252541048,3,0.88067514,0.88067514,0.88067514,0.0703252942,0.8103498458,0.4967658153610851,False
698931163.jpg,3,0.0105549579,0.0232964408,0.0129027572,0.93628429,0.01696155333,3,0.93628429,0.93628429,0.93628429,0.0232964408,0.9129878492,0.3225405482542531,False
1654084150.jpg,2,0.00676029454,0.00780548392,0.016451171,0.9593986,0.00958442806,3,0.9593986,0.016451171,0.016451171,0.9593986,-0.942947429,0.2235399173677463,True
1702300197.jpg,4,0.088519862,0.207623976,0.1238103824,0.0369558007999999,0.543089976,4,0.543089976,0.543089976,0.543089976,0.207623976,0.335466,1.2530768793555644,False
2406746609.jpg,1,0.199970914,0.53531176,0.128465449,0.0235300828,0.112721762,1,0.53531176,0.53531176,0.53531176,0.199970914,0.335340846,1.2542909406698268,False
2403663096.jpg,2,0.04870245828,0.017721014,0.3366455579999999,0.4241737519999999,0.172757218,3,0.4241737519999999,0.3366455579999999,0.3366455579999999,0.4241737519999999,-0.087528194,1.2522787521405259,True
2590893503.jpg,4,0.0198867476,0.0481141552,0.02443614824,0.02844258752,0.87912035,4,0.87912035,0.87912035,0.87912035,0.0481141552,0.8310061948,0.529108724777638,False
2724554893.jpg,3,0.01010937608,0.907819408,0.0170925623,0.0275002092,0.0374784872,1,0.907819408,0.0275002092,0.0275002092,0.907819408,-0.8803191988000001,0.4256946225532153,True
969194504.jpg,3,0.0309634531999999,0.0190453998,0.021298833716,0.918472884,0.01021943294,3,0.918472884,0.918472884,0.918472884,0.0309634531999999,0.8875094308000001,0.3899652734021768,False
3238801760.jpg,3,0.00934062922,0.010823310488,0.01060499842,0.947674336,0.021556759,3,0.947674336,0.947674336,0.947674336,0.021556759,0.926117577,0.27450094234993055,False
2504431565.jpg,3,0.0102841293259999,0.009718610792,0.01490915266,0.953121992,0.011966144968,3,0.953121992,0.953121992,0.953121992,0.01490915266,0.93821283934,0.2535298083956521,False
484219848.jpg,3,0.010361074758,0.0106274230399999,0.0454592033,0.820788308,0.11276399,3,0.820788308,0.820788308,0.820788308,0.11276399,0.708024318,0.644353271529252,False
366475437.jpg,3,0.00844964566,0.01089650898,0.1439013639999999,0.82781014,0.0089423567338,3,0.82781014,0.82781014,0.82781014,0.1439013639999999,0.6839087760000001,0.567164504668963,False
3583015430.jpg,3,0.01074359396,0.00968935695,0.0603008736,0.895854558,0.0234115778,3,0.895854558,0.895854558,0.895854558,0.0603008736,0.8355536844,0.44940482453465624,False
4180626813.jpg,3,0.00961922459,0.00713783194,0.0111134346,0.95995405,0.01217546104,3,0.95995405,0.95995405,0.95995405,0.01217546104,0.94777858896,0.22286192313554956,False
365488535.jpg,1,0.487707252,0.241286584,0.01190777836,0.012303881,0.2467944924,0,0.487707252,0.241286584,0.241286584,0.487707252,-0.24642066799999998,1.145430649201427,True
3356619304.jpg,3,0.0088483365862,0.0087568842684,0.00992773186,0.95447492,0.01799211818,3,0.95447492,0.95447492,0.95447492,0.01799211818,0.93648280182,0.24587285424206123,False
1612928638.jpg,2,0.005467988274,0.00908397148,0.956073638,0.0187003804,0.0106740397,2,0.956073638,0.956073638,0.956073638,0.0187003804,0.9373732576,0.23700729391469255,False
3660982576.jpg,3,0.010686700662,0.01101733994,0.147833352,0.790361844,0.0401007528,3,0.790361844,0.790361844,0.790361844,0.147833352,0.642528492,0.695704632032732,False
2656781269.jpg,3,0.0126535165,0.0414504484,0.0624596312,0.841149282,0.0422871102,3,0.841149282,0.841149282,0.841149282,0.0624596312,0.7786896508000001,0.6397290592998064,False
675325967.jpg,2,0.0076306862138,0.0099498362276,0.960449396,0.00923544785,0.01273459238,2,0.960449396,0.960449396,0.960449396,0.01273459238,0.94771480362,0.22066459017452336,False
1682790213.jpg,1,0.0247411655999999,0.48784276,0.366819644,0.0245511222,0.0960453152,1,0.48784276,0.48784276,0.48784276,0.366819644,0.12102311599999999,1.1255965433223654,False
1722175051.jpg,0,0.427257608,0.0586000602,0.0231546266,0.334766424,0.1562212976,0,0.427257608,0.427257608,0.427257608,0.334766424,0.092491184,1.2731302505536766,False
1391794042.jpg,3,0.00913655906,0.0348559071999999,0.01473927966,0.92676308,0.014505163678,3,0.92676308,0.92676308,0.92676308,0.0348559071999999,0.8919071728000001,0.3539456232474385,False
1041666046.jpg,2,0.0081018384,0.01901618453,0.655135324,0.0096414295,0.3081051984,2,0.655135324,0.655135324,0.655135324,0.3081051984,0.34703012559999996,0.798921296358104,False
3265082025.jpg,3,0.01000532117,0.008997207934,0.01131030936,0.96228962,0.0073975197904,3,0.96228962,0.96228962,0.96228962,0.01131030936,0.95097931064,0.21243554779287277,False
350684447.jpg,3,0.0141288136,0.0113064257599999,0.01026048534,0.954316482,0.0099877939578,3,0.954316482,0.954316482,0.954316482,0.0141288136,0.9401876684,0.24848086046570034,False
904750787.jpg,1,0.0131265762,0.959424544,0.006829865358,0.00939859032,0.01122042538,1,0.959424544,0.959424544,0.959424544,0.0131265762,0.9462979678,0.22492166114552348,False
1503763431.jpg,3,0.008855881274,0.00983090128,0.0112977406,0.956595144,0.013420333,3,0.956595144,0.956595144,0.956595144,0.013420333,0.943174811,0.23825276568741327,False
2823798822.jpg,2,0.00644250728,0.0407917192,0.78169286,0.0618291688,0.1092437248,2,0.78169286,0.78169286,0.78169286,0.1092437248,0.6724491352,0.7695098294660436,False
1043857809.jpg,3,0.00872383932,0.0190703638,0.0470559422,0.910908354,0.0142415102,3,0.910908354,0.910908354,0.910908354,0.0470559422,0.8638524118,0.4062485196457425,False
922756535.jpg,4,0.0715861586,0.0420402448,0.0426769578,0.121162756,0.722533868,4,0.722533868,0.722533868,0.722533868,0.121162756,0.6013711119999999,0.9471459514016753,False
3398069947.jpg,3,0.00803901101,0.0100151268218,0.00878433695,0.96184944,0.01131207634,3,0.96184944,0.96184944,0.96184944,0.01131207634,0.9505373636600001,0.2145867446048128,False
4261378787.jpg,2,0.013039704066,0.01334280072,0.794809768,0.1115781858,0.0672295228,2,0.794809768,0.794809768,0.794809768,0.1115781858,0.6832315822,0.7229070596237717,False
4172444687.jpg,3,0.01227037253,0.00839115256,0.0685839196,0.9023895,0.008365059334,3,0.9023895,0.9023895,0.9023895,0.0685839196,0.8338055804,0.4105947146654092,False
2360488666.jpg,4,0.38391956,0.0309975887,0.012729221522,0.01453570276,0.55781792,4,0.55781792,0.55781792,0.55781792,0.38391956,0.17389835999999997,0.9178777218745691,False
281173602.jpg,2,0.0090318067,0.012927197,0.8589170580000001,0.0605975704,0.058526362,2,0.8589170580000001,0.8589170580000001,0.8589170580000001,0.0605975704,0.7983194876,0.5653516619251954,False
3558354971.jpg,3,0.0089071235788,0.008333789552,0.0089614508,0.966026536,0.007771084678,3,0.966026536,0.966026536,0.966026536,0.0089614508,0.9570650852,0.1953353832960259,False
1883335188.jpg,3,0.01291075384,0.00921009428,0.007353102754,0.960474836,0.0100512063668,3,0.960474836,0.960474836,0.960474836,0.01291075384,0.9475640821600001,0.22042255990537138,False
3303464216.jpg,3,0.008980769552,0.01005190672,0.0627223827999999,0.90373552,0.01450944094,3,0.90373552,0.90373552,0.90373552,0.0627223827999999,0.8410131372000001,0.4151352939051692,False
2120375366.jpg,3,0.0094399526496,0.012710704072,0.010145097004,0.95646,0.0112442519568,3,0.95646,0.95646,0.95646,0.012710704072,0.9437492959279999,0.23911770764165557,False
1435182915.jpg,3,0.01408519644,0.016253189238,0.01865223171,0.924509644,0.0264997226,3,0.924509644,0.924509644,0.924509644,0.0264997226,0.8980099214,0.37004058919974897,False
467561327.jpg,3,0.010311198744,0.0390178198,0.0235777162,0.883904256,0.0431889944,3,0.883904256,0.883904256,0.883904256,0.0431889944,0.8407152616,0.506875462416343,False
4141898495.jpg,1,0.009001873144,0.8935151,0.0171057432,0.070596854,0.009780432856,1,0.8935151,0.8935151,0.8935151,0.070596854,0.822918246,0.44499011300823543,False
4118609397.jpg,3,0.01050059438,0.0130747194,0.037183632,0.92970608,0.009534969876,3,0.92970608,0.92970608,0.92970608,0.037183632,0.892522448,0.3390819323832577,False
1261642510.jpg,1,0.005859667402,0.962837836,0.00725134934,0.0180397268,0.0060114521172,1,0.962837836,0.962837836,0.962837836,0.0180397268,0.9447981092,0.2054797418672905,False
2722971247.jpg,3,0.03534625198,0.0438743699999999,0.014709079,0.292397962,0.6136723,4,0.6136723,0.292397962,0.292397962,0.6136723,-0.32127433799999994,0.9765755904811327,True
3267041557.jpg,1,0.017031069762,0.94391348,0.014460004522,0.0121877678,0.01240766372,1,0.94391348,0.94391348,0.94391348,0.017031069762,0.926882410238,0.2932821637285972,False
4280523848.jpg,3,0.02483674882,0.0747925346,0.065091606,0.71236042,0.122918712,3,0.71236042,0.71236042,0.71236042,0.122918712,0.589441708,0.9628282981711632,False
4148250496.jpg,3,0.0809948883999999,0.01450234602,0.00945496997,0.8684286999999999,0.02661908062,3,0.8684286999999999,0.8684286999999999,0.8684286999999999,0.0809948883999999,0.7874338116,0.5280698113800415,False
843145973.jpg,3,0.008660334902,0.0191286012,0.0087576430799999,0.95550052,0.00795286374558,3,0.95550052,0.95550052,0.95550052,0.0191286012,0.9363719187999999,0.24024409336065414,False
3362755131.jpg,3,0.01239276064,0.0096976945,0.304893068,0.6624613159999999,0.01055515976,3,0.6624613159999999,0.6624613159999999,0.6624613159999999,0.304893068,0.3575682479999999,0.7823546366245785,False
111384857.jpg,2,0.0339794843999999,0.080313246,0.7895414999999999,0.0247435448,0.071422266,2,0.7895414999999999,0.7895414999999999,0.7895414999999999,0.080313246,0.7092282539999999,0.7840499479571974,False
3507965498.jpg,3,0.008643188473,0.007718033634,0.008050686732,0.9675261,0.00806196056,3,0.9675261,0.9675261,0.9675261,0.008643188473,0.9588829115269999,0.1882303636995042,False
1561140190.jpg,1,0.0088546295598,0.96061203,0.008695250934,0.00996052001,0.01187755422,1,0.96061203,0.96061203,0.96061203,0.01187755422,0.9487344757799999,0.22027858022606367,False
3688916094.jpg,3,0.0110955897324,0.0127958771,0.007291403356,0.96049892,0.0083181783687,3,0.96049892,0.96049892,0.96049892,0.0127958771,0.9477030429000001,0.22014628661211594,False
3683478663.jpg,3,0.0410507044,0.00979212668,0.0581766016,0.86231738,0.028663195,3,0.86231738,0.86231738,0.86231738,0.0581766016,0.8041407784,0.5713953446741556,False
774618628.jpg,0,0.4818525039999999,0.02199699682,0.0215557051,0.00605940865,0.4685354,0,0.4818525039999999,0.4818525039999999,0.4818525039999999,0.4685354,0.013317103999999913,0.9046370794031549,False
1386333017.jpg,3,0.0097713557965,0.0098088294598,0.01039377402,0.96002355,0.010002494174,3,0.96002355,0.96002355,0.96002355,0.01039377402,0.94962977598,0.22327631739274925,False
2345007485.jpg,3,0.009570732092,0.01246280206,0.01154378072,0.95539576,0.01102690248032,3,0.95539576,0.95539576,0.95539576,0.01246280206,0.9429329579400001,0.24394526521211546,False
290569488.jpg,3,0.0203118864,0.05290912152,0.0335201279999999,0.7965173399999999,0.096741512,3,0.7965173399999999,0.7965173399999999,0.7965173399999999,0.096741512,0.6997758279999998,0.7556500751886662,False
1436413250.jpg,4,0.531794012,0.02401019816,0.01028567912,0.052758661,0.38115144,0,0.531794012,0.38115144,0.38115144,0.531794012,-0.15064257199999997,0.995305955450055,True
353529214.jpg,1,0.00695313028,0.938967456,0.0221159,0.0217598148,0.01020371332,1,0.938967456,0.938967456,0.938967456,0.0221159,0.916851556,0.3080457651642404,False
1202139476.jpg,3,0.00982058184,0.0134326404,0.0314770854,0.93565814,0.00961156548,3,0.93565814,0.93565814,0.93565814,0.0314770854,0.9041810546,0.31903192314986806,False
4083517071.jpg,4,0.0551937,0.1062800402,0.00552684114,0.0156361555799999,0.8173632399999999,4,0.8173632399999999,0.8173632399999999,0.8173632399999999,0.1062800402,0.7110831997999999,0.6567226801651627,False
2128581284.jpg,4,0.58656131,0.0294074176,0.04299966558,0.2464729219999999,0.0945586888,0,0.58656131,0.0945586888,0.0945586888,0.58656131,-0.4920026212,1.120130299560014,True
783137555.jpg,3,0.0072630642124,0.0100819246856,0.00977044912,0.9587289,0.014155691622,3,0.9587289,0.9587289,0.9587289,0.014155691622,0.944573208378,0.22801575140163077,False
966652545.jpg,4,0.013239915,0.01967897295,0.1189117358,0.008897492816,0.8392718720000001,4,0.8392718720000001,0.8392718720000001,0.8392718720000001,0.1189117358,0.7203601362000001,0.5768383697487499,False
2243950685.jpg,4,0.0368069065,0.0362288962,0.0736345752,0.0457488928,0.807580724,4,0.807580724,0.807580724,0.807580724,0.0736345752,0.7339461488000001,0.7475352802860512,False
1534401639.jpg,3,0.0466015124,0.0694194012,0.0611588346,0.557921264,0.26489902,3,0.557921264,0.557921264,0.557921264,0.26489902,0.293022244,1.1764248685399712,False
4265793200.jpg,3,0.0091842166324,0.01048474886,0.0200717302,0.951193872,0.009065397322,3,0.951193872,0.951193872,0.951193872,0.0200717302,0.9311221418000001,0.2595458406101089,False
2604878350.jpg,4,0.015806951,0.081877611,0.00651867364,0.0195537402,0.87624303,4,0.87624303,0.87624303,0.87624303,0.081877611,0.794365419,0.4959644067454245,False
3672629086.jpg,3,0.01730645738,0.006890383724,0.44902047,0.51681674,0.0099659195652,3,0.51681674,0.51681674,0.51681674,0.44902047,0.06779626999999999,0.8510916374631777,False
1516892212.jpg,3,0.00862964722,0.012053925,0.0537600292,0.8422387760000001,0.0833176242,3,0.8422387760000001,0.8422387760000001,0.8422387760000001,0.0833176242,0.7589211518000001,0.603081800019786,False
2607316834.jpg,3,0.006499424352,0.00708622255,0.007137522558,0.96979288,0.0094839285,3,0.96979288,0.96979288,0.96979288,0.0094839285,0.9603089515,0.17700562118829025,False
3812832927.jpg,3,0.010417467202,0.0090679886,0.0790353652,0.892998772,0.008480408772,3,0.892998772,0.892998772,0.892998772,0.0790353652,0.8139634068,0.4322878799525087,False
3054703946.jpg,3,0.01210052926,0.01562050596,0.18293847,0.619775332,0.169565166,3,0.619775332,0.619775332,0.619775332,0.18293847,0.43683686200000005,1.0265223446696476,False
3423354338.jpg,2,0.009177119216,0.009092359976,0.927673448,0.0413997261,0.012657369072,2,0.927673448,0.927673448,0.927673448,0.0413997261,0.8862737219,0.3425760185164111,False
3878214050.jpg,1,0.435465122,0.415131372,0.065221184,0.007894261936,0.0762880662,0,0.435465122,0.415131372,0.415131372,0.435465122,-0.020333749999999984,1.1395671811225,True
3073813239.jpg,0,0.85602516,0.061837707,0.037901169,0.01097510442,0.0332608551,0,0.85602516,0.85602516,0.85602516,0.061837707,0.7941874529999999,0.5919452483240506,False
1637512671.jpg,1,0.0103942504796,0.95397631,0.0145842336498,0.01175688042,0.009288323668,1,0.95397631,0.95397631,0.95397631,0.0145842336498,0.9393920763502001,0.2497723512862658,False
3628771349.jpg,1,0.0218630112,0.61403316,0.158457968,0.0324318076,0.1732140456,1,0.61403316,0.61403316,0.61403316,0.1732140456,0.4408191144,1.0898507543092826,False
22205792.jpg,3,0.0110733856364,0.01062354188,0.010647847336,0.96152512,0.006130114307556,3,0.96152512,0.96152512,0.96152512,0.0110733856364,0.9504517343636,0.215468339212907,False
857708502.jpg,3,0.0093209123919999,0.009128366,0.054821568,0.91728696,0.00944220716,3,0.91728696,0.91728696,0.91728696,0.054821568,0.8624653919999999,0.3688526853432301,False
2982305511.jpg,0,0.7933439900000001,0.115861084,0.0244484332,0.039188236,0.0271582628,0,0.7933439900000001,0.7933439900000001,0.7933439900000001,0.115861084,0.677482906,0.7489935740328776,False
1475797781.jpg,3,0.008075100308,0.008202856438,0.007807942372,0.9685082,0.0074058898706,3,0.9685082,0.9685082,0.9685082,0.008202856438,0.960305343562,0.183523239201254,False
989030666.jpg,3,0.009533384244,0.0120713909,0.0214709056,0.940969384,0.0159549569644,3,0.940969384,0.940969384,0.940969384,0.0214709056,0.9194984784,0.30342206673067673,False
3507655543.jpg,2,0.0102171560678,0.01015205759,0.94915428,0.01864901012,0.011827515204,2,0.94915428,0.94915428,0.94915428,0.01864901012,0.93050526988,0.26970378608587786,False
74966012.jpg,3,0.00901836594,0.010586417444,0.026195508,0.948547924,0.005651821116,3,0.948547924,0.948547924,0.948547924,0.026195508,0.922352416,0.2653779792938241,False
1207096725.jpg,3,0.007983665542,0.02327698,0.027125701,0.93266766,0.008946022466,3,0.93266766,0.93266766,0.93266766,0.027125701,0.905541959,0.3311491744480647,False
3854646741.jpg,3,0.0078774100082,0.009856351214,0.0271936688,0.94512508,0.00994748576,3,0.94512508,0.94512508,0.94512508,0.0271936688,0.9179314112,0.28091920163594514,False
3022143187.jpg,3,0.0113095104,0.009067735,0.0767774746,0.8959984,0.0068468722952,3,0.8959984,0.8959984,0.8959984,0.0767774746,0.8192209254,0.42293224223806175,False
3058026608.jpg,3,0.015949986285,0.0134895850664,0.0200986846,0.939936024,0.010525737204,3,0.939936024,0.939936024,0.939936024,0.0200986846,0.9198373394,0.3087737184165833,False
3585488682.jpg,3,0.01094717692,0.01447897768,0.01112738936,0.9542568,0.009189620262,3,0.9542568,0.9542568,0.9542568,0.01447897768,0.9397778223200001,0.24857411506857036,False
653958117.jpg,4,0.00496842332,0.0246999103,0.124686206,0.0526455036,0.79299998,4,0.79299998,0.79299998,0.79299998,0.124686206,0.668313774,0.7162797927691448,False
997973414.jpg,1,0.01398882838,0.199911836,0.0323441004,0.383134574,0.3706206455999999,3,0.383134574,0.199911836,0.199911836,0.383134574,-0.183222738,1.2279788394798132,True
410414425.jpg,3,0.007190286222,0.00789674686,0.00897071346,0.9628174,0.01312485752,3,0.9628174,0.9628174,0.9628174,0.01312485752,0.94969254248,0.20935670268193252,False
3059834249.jpg,3,0.0083887390024,0.013621856638,0.094521855,0.87300082,0.0104667181179999,3,0.87300082,0.87300082,0.87300082,0.094521855,0.778478965,0.48788938602929544,False
1452948788.jpg,3,0.009133067195,0.009660488118,0.010841244,0.960977336,0.009387850352,3,0.960977336,0.960977336,0.960977336,0.010841244,0.950136092,0.21883636445809135,False
2768487225.jpg,3,0.005741065786,0.0367678486,0.00775479325,0.94293695,0.0067993221199999,3,0.94293695,0.94293695,0.94293695,0.0367678486,0.9061691014,0.27809558457164807,False
1336686450.jpg,3,0.00916360416,0.01299490872,0.0217328944,0.943817328,0.01229125072,3,0.943817328,0.943817328,0.943817328,0.0217328944,0.9220844335999999,0.2912951016976689,False
1287994755.jpg,3,0.01223715888,0.010455911688,0.0471731076,0.903783926,0.02634988922,3,0.903783926,0.903783926,0.903783926,0.0471731076,0.8566108184,0.4328792885926739,False
1524159108.jpg,3,0.007935262226,0.007990627804,0.01360146818,0.954934156,0.01553846996,3,0.954934156,0.954934156,0.954934156,0.01553846996,0.93939568604,0.24416614070538564,False
781807650.jpg,3,0.008836579216,0.013067450622,0.0284000052,0.936019784,0.01367618118,3,0.936019784,0.936019784,0.936019784,0.0284000052,0.9076197788,0.32019940454038226,False
3126227969.jpg,3,0.009352590112,0.0124906040799999,0.0152368548,0.9488863,0.0140336521938,3,0.9488863,0.9488863,0.9488863,0.0152368548,0.9336494451999999,0.2718476691427099,False
2049291369.jpg,2,0.0149341986,0.01130295936,0.89803641,0.0669836913,0.0087427181,2,0.89803641,0.89803641,0.89803641,0.0669836913,0.8310527187,0.4325454153558613,False
2019191905.jpg,3,0.0079513368934,0.0071675882263,0.009112257685,0.96384876,0.01192007088,3,0.96384876,0.96384876,0.96384876,0.01192007088,0.95192868912,0.20493565833354374,False
326934481.jpg,3,0.007243969302,0.010802582,0.00915391162,0.95330349,0.01949602962,3,0.95330349,0.95330349,0.95330349,0.01949602962,0.9338074603800001,0.249928943924749,False
2467892554.jpg,0,0.858274282,0.0431968584,0.007022636556,0.01393909168,0.077567142,0,0.858274282,0.858274282,0.858274282,0.077567142,0.78070714,0.5595895289827751,False
2266545283.jpg,3,0.01024794748,0.0222465158,0.0507411524,0.90488492,0.011879446824,3,0.90488492,0.90488492,0.90488492,0.0507411524,0.8541437676,0.4259654350858089,False
1364435251.jpg,4,0.243970422,0.0332307572,0.0491527094,0.0815529992,0.592093108,4,0.592093108,0.592093108,0.592093108,0.243970422,0.34812268600000007,1.120109969500414,False
555028236.jpg,1,0.008047122476,0.949368632,0.00917507347,0.00823520807,0.0251739761,1,0.949368632,0.949368632,0.949368632,0.0251739761,0.9241946558999999,0.26338959285905295,False
1601764877.jpg,1,0.0142155513,0.939536916,0.00865352854,0.00866325296,0.0289307736,1,0.939536916,0.939536916,0.939536916,0.0289307736,0.9106061424,0.3038005759466612,False
2577074887.jpg,3,0.0068903635679999,0.007245376362,0.01235417296,0.963263696,0.01024642381,3,0.963263696,0.963263696,0.963263696,0.01235417296,0.95090952304,0.2072699839175482,False
1330510466.jpg,2,0.0982334156,0.2435265284,0.184269058,0.2240629519999999,0.249908,4,0.249908,0.184269058,0.184269058,0.249908,-0.06563894199999998,1.5652927934115182,True
2941452708.jpg,3,0.007366703678,0.00765832836,0.00697615506,0.96961392,0.008384867768,3,0.96961392,0.96961392,0.96961392,0.008384867768,0.9612290522320001,0.17813625050016604,False
2995209596.jpg,3,0.01353821614,0.0138195328,0.0219819138,0.9255685,0.0250918689999999,3,0.9255685,0.9255685,0.9255685,0.0250918689999999,0.9004766310000001,0.3653909945097108,False
2606569889.jpg,3,0.0255358991999999,0.031912943,0.01516050622,0.87800027,0.0493904114,3,0.87800027,0.87800027,0.87800027,0.0493904114,0.8286098586,0.5298989489354374,False
157784182.jpg,3,0.0323212024,0.0142081898,0.0377326148,0.902826082,0.0129119122,3,0.902826082,0.902826082,0.902826082,0.0377326148,0.8650934672,0.4434800348768623,False
3312082353.jpg,3,0.008976597844,0.00910482628,0.1141080068,0.8575380239999999,0.010272557892,3,0.8575380239999999,0.8575380239999999,0.8575380239999999,0.1141080068,0.7434300171999999,0.5116004542014002,False
4074718278.jpg,3,0.01284208656,0.0223088392,0.047235314,0.47220352,0.445410256,3,0.47220352,0.47220352,0.47220352,0.445410256,0.026793263999999983,0.999499652044326,False
1614282966.jpg,3,0.0109288035,0.008304812452,0.0127576423,0.959055364,0.0089533318938,3,0.959055364,0.959055364,0.959055364,0.0127576423,0.9462977217,0.22710629696858176,False
125475896.jpg,3,0.009739697596,0.008440628972,0.009068296476,0.87451645,0.098234941,3,0.87451645,0.87451645,0.87451645,0.098234941,0.776281509,0.4732617577455952,False
1925077855.jpg,1,0.008201618982,0.963551868,0.007752986408,0.00995333186,0.010540236648,1,0.963551868,0.963551868,0.963551868,0.010540236648,0.9530116313520001,0.20671689677767066,False
1974451313.jpg,3,0.00931058139,0.00884211911,0.0151296835999999,0.942622724,0.0240948696,3,0.942622724,0.942622724,0.942622724,0.0240948696,0.9185278544000001,0.2942298229941276,False
2157124737.jpg,3,0.01007258358,0.013154613158,0.01295337728,0.954489672,0.0093297397068,3,0.954489672,0.954489672,0.954489672,0.013154613158,0.941335058842,0.24765703374164683,False
2156691234.jpg,3,0.01170089352,0.0223210094,0.0124113880799999,0.94267484,0.010891866994,3,0.94267484,0.94267484,0.94267484,0.0223210094,0.9203538306,0.29626964059455596,False
4262559239.jpg,3,0.01037358762,0.012893281985,0.016595283744,0.94816444,0.011973431964,3,0.94816444,0.94816444,0.94816444,0.016595283744,0.931569156256,0.2749604745140878,False
571189248.jpg,3,0.007069779496,0.0177842768,0.0180915242,0.9505466,0.006507850866,3,0.9505466,0.9505466,0.9505466,0.0180915242,0.9324550758,0.26023383090363744,False
1411799307.jpg,3,0.01030852512,0.01072625542,0.0126745122,0.955094852,0.011195881156,3,0.955094852,0.955094852,0.955094852,0.0126745122,0.9424203398,0.24534353526237743,False
2977542209.jpg,3,0.0173841346,0.01590307738,0.0163304498,0.916303296,0.0340790356,3,0.916303296,0.916303296,0.916303296,0.0340790356,0.8822242604,0.3987453912575145,False
2903757445.jpg,3,0.008499689526,0.008878976795,0.009030587967,0.963067296,0.0105234093476,3,0.963067296,0.963067296,0.963067296,0.0105234093476,0.9525438866524,0.20914466193196152,False
808870213.jpg,3,0.007951385546,0.00778316482,0.0418242572,0.932573444,0.009867736318,3,0.932573444,0.932573444,0.932573444,0.0418242572,0.8907491867999999,0.3196700243081361,False
2338166652.jpg,3,0.00828840502,0.892144504,0.0129059412,0.025636653,0.0610245041999999,1,0.892144504,0.025636653,0.025636653,0.892144504,-0.866507851,0.4622647347252452,True
4089218356.jpg,1,0.00586794356,0.96656344,0.004915584662,0.0113270875999999,0.0113259359,1,0.96656344,0.96656344,0.96656344,0.0113270875999999,0.9552363524000002,0.1906495587778469,False
3913684904.jpg,3,0.01102985062,0.01095460108,0.01173865406,0.95853766,0.0077392614136,3,0.95853766,0.95853766,0.95853766,0.01173865406,0.94679900594,0.22955365224725108,False
3876777651.jpg,3,0.0091353068896,0.010351030122,0.010033919196,0.962776396,0.0077033713756,3,0.962776396,0.962776396,0.962776396,0.010351030122,0.952425365878,0.21038828820395827,False
3838205917.jpg,3,0.01347486024,0.0392657971999999,0.0145953144,0.901557484,0.0311065628,3,0.901557484,0.901557484,0.901557484,0.0392657971999999,0.8622916868000001,0.44822958427808934,False
3022761015.jpg,4,0.0272747042,0.004158267424,0.01140353814,0.02966772876,0.92749574,4,0.92749574,0.92749574,0.92749574,0.02966772876,0.89782801124,0.3462256984807135,False
3862819448.jpg,3,0.009229757024,0.007351029664,0.007883400536,0.964933256,0.010602579646,3,0.964933256,0.964933256,0.964933256,0.010602579646,0.954330676354,0.2001895417121741,False
2549684718.jpg,3,0.0207087896,0.01343823744,0.007937849152,0.94740196,0.0105131937936,3,0.94740196,0.94740196,0.94740196,0.0207087896,0.9266931704,0.27567326350836885,False
834357600.jpg,3,0.01323391502,0.01162703854,0.0246873713999999,0.938645648,0.011806039902,3,0.938645648,0.938645648,0.938645648,0.0246873713999999,0.9139582766000002,0.3122486221505716,False
3232803826.jpg,3,0.01037438434,0.010929220278,0.01042722586,0.954626486,0.01364268186,3,0.954626486,0.954626486,0.954626486,0.01364268186,0.94098380414,0.24725463990719931,False
725034194.jpg,3,0.022174891,0.08825016804,0.465282678,0.3447549299999999,0.0795373722,2,0.465282678,0.3447549299999999,0.3447549299999999,0.465282678,-0.1205277480000001,1.2231744509608455,True
4224453437.jpg,2,0.007382254046,0.01060847556,0.95972336,0.01197499774,0.010310956516,2,0.95972336,0.95972336,0.95972336,0.01197499774,0.94774836226,0.2240752753984481,False
4157923017.jpg,4,0.0667915922,0.040112277,0.0104949606,0.01114603734,0.871455132,4,0.871455132,0.871455132,0.871455132,0.0667915922,0.8046635398,0.527602374051294,False
1164139457.jpg,3,0.0063954886578,0.007415417899,0.01414977686,0.93828032,0.0337589942,3,0.93828032,0.93828032,0.93828032,0.0337589942,0.9045213258,0.3030954584881912,False
3073020157.jpg,3,0.00912328496,0.01017010298,0.0088396155,0.963883248,0.00798374477,3,0.963883248,0.963883248,0.963883248,0.01017010298,0.95371314502,0.2053339373992221,False
2209572670.jpg,0,0.388405632,0.5666597,0.0107145723,0.0216924814,0.01252763942,1,0.5666597,0.388405632,0.388405632,0.5666597,-0.178254068,0.8757488196511046,True
959863341.jpg,3,0.0163075604583999,0.007700996398,0.00989235673,0.95811482,0.0079842545708,3,0.95811482,0.95811482,0.95811482,0.0163075604583999,0.9418072595416002,0.22982490232784195,False
3040986534.jpg,4,0.0253619192,0.01403650368,0.01923712942,0.02061400738,0.92075046,4,0.92075046,0.92075046,0.92075046,0.0253619192,0.8953885408000001,0.38511982746303874,False
1465778841.jpg,3,0.011991764016,0.01217964704,0.01025189966,0.95416846,0.01140820258,3,0.95416846,0.95416846,0.95416846,0.01217964704,0.94198881296,0.24948900063031104,False
1137270192.jpg,3,0.0147390254,0.008442563348,0.724554182,0.244476984,0.00778726772062,2,0.724554182,0.244476984,0.244476984,0.724554182,-0.480077198,0.7181053198170241,True
185586277.jpg,3,0.023791479242,0.01067663754,0.0238820942,0.90064182,0.041007925,3,0.90064182,0.90064182,0.90064182,0.041007925,0.859633895,0.45183106447483073,False
3344412896.jpg,4,0.6540503240000001,0.135723146,0.0220286654,0.01270810002,0.175489762,0,0.6540503240000001,0.175489762,0.175489762,0.6540503240000001,-0.4785605620000001,0.9936573001854023,True
83337985.jpg,3,0.00707093176188,0.0080147043581,0.01240722729,0.9268282,0.0456789356,3,0.9268282,0.9268282,0.9268282,0.0456789356,0.8811492644,0.33955513145746086,False
1094531638.jpg,3,0.007165226702,0.0500608236,0.0159687342,0.91964038,0.007164804934,3,0.91964038,0.91964038,0.91964038,0.0500608236,0.8695795564000001,0.3637827256207896,False
3086663390.jpg,2,0.005404970313,0.0713136216,0.491857958,0.38556261,0.0458608564,2,0.491857958,0.491857958,0.491857958,0.38556261,0.10629534800000001,1.0743480679162605,False
2732047545.jpg,3,0.00804528837,0.0111782462,0.0274460314,0.944692256,0.008638192144,3,0.944692256,0.944692256,0.944692256,0.0274460314,0.9172462245999999,0.28250970568537737,False
103776422.jpg,1,0.1464294111999999,0.731596724,0.00813334368,0.0212464468,0.0925940992,1,0.731596724,0.731596724,0.731596724,0.1464294111999999,0.5851673128000001,0.8512631879462316,False
3831080704.jpg,4,0.3017800959999999,0.01518313288,0.00701450546,0.04597589458,0.6300463599999999,4,0.6300463599999999,0.6300463599999999,0.6300463599999999,0.3017800959999999,0.32826626400000003,0.8925669770638588,False
2681077258.jpg,3,0.0077560601124,0.032439168,0.0207438038,0.92500932,0.01405166324,3,0.92500932,0.92500932,0.92500932,0.032439168,0.892570152,0.3613321019883746,False
2759452874.jpg,3,0.0096294521,0.0275773766,0.121741816,0.83184176,0.009209613228,3,0.83184176,0.83184176,0.83184176,0.121741816,0.710099944,0.596425979188935,False
3304610004.jpg,3,0.008458136962,0.0483562082,0.01059516124,0.925776088,0.00681439548596,3,0.925776088,0.925776088,0.925776088,0.0483562082,0.8774198798,0.34041985516180717,False
403293009.jpg,3,0.0077494990844,0.008579529052,0.00868035256,0.965498412,0.009492242466,3,0.965498412,0.965498412,0.965498412,0.009492242466,0.956006169534,0.1977986250163891,False
1150408914.jpg,1,0.0289499246,0.1156030126,0.0212496686,0.1189834418,0.715213972,4,0.715213972,0.1156030126,0.1156030126,0.715213972,-0.5996109594000001,0.9268208955044379,True
3007566713.jpg,0,0.894405356,0.06396076,0.013162148992,0.01151415146,0.0169575556,0,0.894405356,0.894405356,0.894405356,0.06396076,0.830444596,0.45320680318401724,False
3415144054.jpg,3,0.009233446966,0.0158665794,0.0588903212,0.8950042260000001,0.0210054154,3,0.8950042260000001,0.8950042260000001,0.8950042260000001,0.0588903212,0.8361139048,0.45620719622367734,False
4029728754.jpg,4,0.185823776,0.033045791,0.0249767012,0.0246735154,0.73148021,4,0.73148021,0.73148021,0.73148021,0.185823776,0.545656434,0.837639154451258,False
1774534152.jpg,3,0.00947785582,0.008664871698,0.008740283258,0.96538004,0.00773692010992,3,0.96538004,0.96538004,0.96538004,0.00947785582,0.95590218418,0.19835630229670778,False
1980864606.jpg,3,0.01065596102,0.0093870862,0.17756261,0.79390308,0.008491278012,3,0.79390308,0.79390308,0.79390308,0.17756261,0.6163404699999999,0.6228437274930785,False
3751415933.jpg,3,0.006924034766,0.0193439306,0.037124656,0.91231392,0.0242934386,3,0.91231392,0.91231392,0.91231392,0.037124656,0.875189264,0.4070558519146752,False
427331923.jpg,3,0.0101946782456,0.0102867181984,0.0307778036,0.93585542,0.012885372358,3,0.93585542,0.93585542,0.93585542,0.0307778036,0.9050776164,0.31908396875997835,False
2203540560.jpg,3,0.007533823416,0.926273556,0.008891505656,0.02577953664,0.0315215894,1,0.926273556,0.02577953664,0.02577953664,0.926273556,-0.9004940193600001,0.35303759057241935,True
291117333.jpg,3,0.00800957925,0.00834791694,0.0144279593999999,0.957221264,0.01199328732,3,0.957221264,0.957221264,0.957221264,0.0144279593999999,0.9427933046000001,0.23466992644792495,False
1323659037.jpg,3,0.0273919746,0.00952618788,0.12196725,0.82329369,0.017820893346,3,0.82329369,0.82329369,0.82329369,0.12196725,0.70132644,0.6313490035886881,False
2297944103.jpg,3,0.010277891776,0.0063160067488,0.006471648492,0.95847202,0.01846242769,3,0.95847202,0.95847202,0.95847202,0.01846242769,0.94000959231,0.22601324717365015,False
2210937583.jpg,3,0.01334852288,0.01072478824,0.008386284636,0.951243528,0.0162968248,3,0.951243528,0.951243528,0.951243528,0.0162968248,0.9349467032,0.2609906698622046,False
2792323624.jpg,4,0.0078380604999999,0.0089377782,0.062388234,0.01540368882,0.905432272,4,0.905432272,0.905432272,0.905432272,0.062388234,0.8430440379999999,0.4074872243228632,False
3338027863.jpg,2,0.00539462522,0.003811407844,0.96963138,0.0149021366,0.00626045408,2,0.96963138,0.96963138,0.96963138,0.0149021366,0.9547292434000001,0.17374855213077317,False
2948559947.jpg,1,0.0131093061999999,0.2991904012,0.54770691,0.1086647492,0.0313286272,2,0.54770691,0.2991904012,0.2991904012,0.54770691,-0.24851650880000004,1.0972528900075633,True
3324881806.jpg,2,0.177321954,0.0146278077,0.34157897,0.0220623846,0.444408932,4,0.444408932,0.34157897,0.34157897,0.444408932,-0.102829962,1.1800089646113037,True
421638370.jpg,3,0.01774187758,0.011267789804,0.00892790168,0.95197329,0.0100891279745,3,0.95197329,0.95197329,0.95197329,0.01774187758,0.93423141242,0.2574314199974488,False
2877008433.jpg,3,0.00905426372,0.017712021,0.0642078312,0.877739096,0.0312867932,3,0.877739096,0.877739096,0.877739096,0.0642078312,0.8135312648,0.5131858508474219,False
717891487.jpg,1,0.010807139686,0.567180518,0.01148266698,0.398024886,0.0125047532,1,0.567180518,0.567180518,0.567180518,0.398024886,0.169155632,0.843325510056252,False
3513806994.jpg,3,0.0074141042418,0.0194365254,0.00808545222,0.95673568,0.00832822434,3,0.95673568,0.95673568,0.95673568,0.0194365254,0.9372991546,0.2340973428101183,False
31199469.jpg,3,0.007758278296,0.01188363392,0.01117298842,0.959747524,0.009437590238,3,0.959747524,0.959747524,0.959747524,0.01188363392,0.9478638900799999,0.22402626983409474,False
76754228.jpg,3,0.00990431042,0.01257178542,0.02015528598,0.948634816,0.00873378989,3,0.948634816,0.948634816,0.948634816,0.02015528598,0.9284795300199999,0.27084205443928727,False
1982384882.jpg,3,0.009864700004,0.00774146345,0.079486789,0.8886429600000001,0.014264050084,3,0.8886429600000001,0.8886429600000001,0.8886429600000001,0.079486789,0.8091561710000001,0.45000450855920865,False
1931114133.jpg,3,0.006720102918,0.009153416736,0.00951537498,0.96517964,0.009431460402,3,0.96517964,0.96517964,0.96517964,0.00951537498,0.95566426502,0.1990661897515158,False
1905588148.jpg,2,0.01226704124,0.038395176,0.9083207,0.0213782758,0.0196388126,2,0.9083207,0.9083207,0.9083207,0.038395176,0.869925524,0.4258818504743265,False
3675527864.jpg,3,0.007374621118,0.006833977916,0.0489823004,0.92751746,0.009291625962,3,0.92751746,0.92751746,0.92751746,0.0489823004,0.8785351596000001,0.3312875609277159,False
3638262712.jpg,3,0.008339917656,0.01179246692,0.0693356902,0.593299732,0.31723219,3,0.593299732,0.593299732,0.593299732,0.31723219,0.27606754199999994,0.9512819625760975,False
4251678390.jpg,2,0.341521852,0.0693445697999999,0.454161496,0.0401227408,0.09484932,2,0.454161496,0.454161496,0.454161496,0.341521852,0.11263964399999998,1.2628817029336679,False
1365612235.jpg,4,0.0102417418,0.0084867421,0.0231434762,0.90554889,0.0525791907999999,3,0.90554889,0.0525791907999999,0.0525791907999999,0.90554889,-0.8529696992000002,0.41926674868253,True
2068458725.jpg,3,0.007040642864,0.0123727178,0.0252349544,0.944485178,0.010866501458,3,0.944485178,0.944485178,0.944485178,0.0252349544,0.9192502236,0.2851743052895562,False
1354001742.jpg,3,0.00915315957,0.027353822,0.00967014072,0.947303272,0.0065195937604,3,0.947303272,0.947303272,0.947303272,0.027353822,0.91994945,0.2703583762123337,False
1838238336.jpg,3,0.007623104466,0.008201931204,0.0122765324,0.9639112,0.0079872035,3,0.9639112,0.9639112,0.9639112,0.0122765324,0.9516346675999999,0.2045963349248597,False
1101952886.jpg,0,0.75440938,0.023859856,0.034997993,0.02839442696,0.158338362,0,0.75440938,0.75440938,0.75440938,0.158338362,0.596071018,0.8120165922526813,False
3338521890.jpg,2,0.0629521262,0.350244016,0.52737196,0.0354348952,0.0239970062,2,0.52737196,0.52737196,0.52737196,0.350244016,0.17712794399999998,1.0868342007244236,False
1575734710.jpg,3,0.00764103978,0.01071367686,0.2051217059999999,0.765731336,0.010792224392,3,0.765731336,0.765731336,0.765731336,0.2051217059999999,0.5606096300000001,0.6640570071241015,False
2421660747.jpg,1,0.4829166359999999,0.346799728,0.0165850935,0.124852298,0.0288462354,0,0.4829166359999999,0.346799728,0.346799728,0.4829166359999999,-0.13611690799999993,1.1488234822572179,True
3575732526.jpg,2,0.00759805478,0.0125624951999999,0.886822644,0.019897515,0.0731193408,2,0.886822644,0.886822644,0.886822644,0.0731193408,0.8137033032,0.46777777494777606,False
768948562.jpg,3,0.0080586408,0.0074527539,0.01220750082,0.964631176,0.0076499363376,3,0.964631176,0.964631176,0.964631176,0.01220750082,0.95242367518,0.20116017816171256,False
1151646112.jpg,3,0.0071145755346,0.007103113142,0.062848984,0.91627658,0.006656748225,3,0.91627658,0.91627658,0.91627658,0.062848984,0.853427596,0.35771195925555244,False
4223598705.jpg,3,0.0066550793378,0.007228523871,0.010645377436,0.93239678,0.0430742541999999,3,0.93239678,0.93239678,0.93239678,0.0430742541999999,0.8893225258000002,0.3180763734997923,False
4244470722.jpg,2,0.00877019765,0.0112317624,0.93086974,0.0385833228,0.010544986176,2,0.93086974,0.93086974,0.93086974,0.0385833228,0.8922864172,0.3322304284153716,False
2259448327.jpg,1,0.01084971258,0.95276527,0.01356806694,0.0101062822199999,0.01271067576,1,0.95276527,0.95276527,0.95276527,0.01356806694,0.93919720306,0.2554446826227939,False
778148477.jpg,3,0.00880137289,0.011081607928,0.008401978358,0.96426496,0.0074501141737999,3,0.96426496,0.96426496,0.96426496,0.011081607928,0.953183352072,0.20329644825088433,False
23257124.jpg,3,0.0166021478,0.0779594028,0.38414724,0.478680356,0.0426108536,3,0.478680356,0.478680356,0.478680356,0.38414724,0.09453311599999997,1.1216021318776048,False
4025505972.jpg,3,0.01193827614,0.009565315472,0.01046943962,0.96001868,0.0080083072886,3,0.96001868,0.96001868,0.96001868,0.01193827614,0.94808040386,0.22290052277621047,False
2098616985.jpg,3,0.00945350452,0.012069891,0.216828876,0.754143096,0.007504629816,3,0.754143096,0.754143096,0.754143096,0.216828876,0.53731422,0.6783476039632307,False
1455906876.jpg,1,0.0100833205999999,0.93959998,0.0140641952,0.0198226468,0.01642986778,1,0.93959998,0.93959998,0.93959998,0.0198226468,0.9197773332,0.3100891259413855,False
3538960735.jpg,2,0.3094742428,0.00771266944,0.58162512,0.0920255859999999,0.009162353886,2,0.58162512,0.58162512,0.58162512,0.3094742428,0.2721508772,0.9782373212926372,False
1558894441.jpg,1,0.01388818096,0.0586872264,0.1980861339999999,0.510351982,0.2189864759999999,3,0.510351982,0.0586872264,0.0586872264,0.510351982,-0.45166475559999997,1.2223927183023857,True
4006771974.jpg,3,0.009354973688,0.0087337062,0.0160080634,0.95564462,0.010258616892,3,0.95564462,0.95564462,0.95564462,0.0160080634,0.9396365565999999,0.2416332046421173,False
2421758086.jpg,2,0.0522042184,0.0946706071999999,0.72373029,0.0652972846,0.06409759,2,0.72373029,0.72373029,0.72373029,0.0946706071999999,0.6290596828000001,0.9656000446667985,False
4033546541.jpg,3,0.006366283704,0.007156563028,0.008497140384,0.967644042,0.01033597116,3,0.967644042,0.967644042,0.967644042,0.01033597116,0.95730807084,0.18714279545860035,False
565347582.jpg,0,0.7503663600000001,0.081330856,0.01664078452,0.0207976992,0.1308642824,0,0.7503663600000001,0.7503663600000001,0.7503663600000001,0.1308642824,0.6195020776000001,0.8344098388085005,False
1773419255.jpg,3,0.049408938,0.0247099406,0.01632543,0.90250166,0.0070540406764,3,0.90250166,0.90250166,0.90250166,0.049408938,0.853092722,0.43475323727807824,False
236428559.jpg,4,0.0117682278276,0.00794996126,0.01037979816,0.00837637904,0.961525648,4,0.961525648,0.961525648,0.961525648,0.0117682278276,0.9497574201724,0.21591043877344832,False
2953704874.jpg,3,0.010622680296,0.0080652127314,0.012350868336,0.95672788,0.01223339528,3,0.95672788,0.95672788,0.95672788,0.012350868336,0.944377011664,0.23761642878927897,False
466665230.jpg,3,0.00852521458,0.01011328942,0.0119554958399999,0.961026606,0.0083793654099999,3,0.961026606,0.961026606,0.961026606,0.0119554958399999,0.9490711101600001,0.2182754327699017,False
2421223189.jpg,3,0.010057428354,0.008479756562,0.011896054618,0.95820564,0.011361120198,3,0.95820564,0.95820564,0.95820564,0.011896054618,0.9463095853819999,0.23120420637863065,False
425678500.jpg,1,0.0353728955999999,0.601987538,0.0259134812,0.00883452548,0.3278915639999999,1,0.601987538,0.601987538,0.601987538,0.3278915639999999,0.27409597400000013,0.9257931019516926,False
3178512733.jpg,3,0.0092039170799999,0.0536920598,0.1890458559999999,0.731707444,0.01635072324,3,0.731707444,0.731707444,0.731707444,0.1890458559999999,0.5426615880000001,0.8109023008082746,False
3285084610.jpg,3,0.0180385728,0.0137988374,0.0238371583799999,0.90642932,0.037896114,3,0.90642932,0.90642932,0.90642932,0.037896114,0.868533206,0.4336798785100311,False
241951779.jpg,2,0.01393529552,0.0175983708,0.587313604,0.3600668919999999,0.0210858272,2,0.587313604,0.587313604,0.587313604,0.3600668919999999,0.22724671200000007,0.8923821488917256,False
1958784721.jpg,3,0.008583162387,0.0078112580639999,0.013973843,0.962608076,0.0070236694336,3,0.962608076,0.962608076,0.962608076,0.013973843,0.9486342329999999,0.20992684850134763,False
199112616.jpg,1,0.0047685945,0.954158804,0.0096586094,0.0113744572,0.02003950504,1,0.954158804,0.954158804,0.954158804,0.02003950504,0.93411929896,0.24435249431167244,False
3878495459.jpg,3,0.01417691458,0.0144300476599999,0.0419543334,0.0243650034,0.905073692,4,0.905073692,0.0243650034,0.0243650034,0.905073692,-0.8807086886,0.4353218275868204,True
3492114933.jpg,4,0.0513978904,0.01153691122,0.01494780132,0.0446529356,0.87746442,4,0.87746442,0.87746442,0.87746442,0.0513978904,0.8260665296,0.5203853581369475,False
1073983503.jpg,4,0.0085332561039999,0.0369597117999999,0.0193937782,0.01573015068,0.919383098,4,0.919383098,0.919383098,0.919383098,0.0369597117999999,0.8824233862,0.3815975536566783,False
2370095283.jpg,3,0.0109411077344,0.01651216764,0.010411509356,0.948996472,0.013138745118,3,0.948996472,0.948996472,0.948996472,0.01651216764,0.9324843043600001,0.2712884833465234,False
2531124051.jpg,3,0.01075239472,0.0462432183999999,0.0473953692,0.886963052,0.0086459758778,3,0.886963052,0.886963052,0.886963052,0.0473953692,0.8395676828,0.48286733780593716,False
3806166801.jpg,3,0.0079499358904,0.009366156908,0.011824003458,0.958423068,0.01243681678,3,0.958423068,0.958423068,0.958423068,0.01243681678,0.94598625122,0.22991309523979866,False
1745363268.jpg,3,0.01160535318,0.019046322,0.0832038896,0.879606136,0.0065383129458,3,0.879606136,0.879606136,0.879606136,0.0832038896,0.7964022464,0.4797652727141996,False
2286796247.jpg,3,0.0101156442,0.2567061439999999,0.01749264,0.706054624,0.00963095192,3,0.706054624,0.706054624,0.706054624,0.2567061439999999,0.44934848000000005,0.756783308210039,False
813688651.jpg,3,0.0098549657319999,0.01360758764,0.00833514515,0.94639237,0.021809934638,3,0.94639237,0.94639237,0.94639237,0.021809934638,0.924582435362,0.2794797934642272,False
3643032888.jpg,0,0.70459488,0.0465459198,0.0204653128,0.0397815314,0.188612376,0,0.70459488,0.70459488,0.70459488,0.188612376,0.515982504,0.9119492270950165,False
1182679440.jpg,2,0.00941790676,0.0085815415,0.935332224,0.0386874596,0.0079808379968,2,0.935332224,0.935332224,0.935332224,0.0386874596,0.8966447644000001,0.31167231692619424,False
989119004.jpg,3,0.01044237036,0.01521376936,0.01256019644,0.950128056,0.011655586457,3,0.950128056,0.950128056,0.950128056,0.01521376936,0.9349142866400001,0.2667911631562445,False
1004389140.jpg,1,0.00366975804412,0.97869008,0.00438043121336,0.008885935032,0.0043737685108,1,0.97869008,0.97869008,0.97869008,0.008885935032,0.969804144968,0.13117797152484545,False
581030887.jpg,4,0.0217130665999999,0.0144203368,0.161931668,0.0187650434,0.78316984,4,0.78316984,0.78316984,0.78316984,0.161931668,0.621238172,0.7051132336001644,False
3295623672.jpg,3,0.008774904184,0.00748583674,0.0474621552,0.92109783,0.015179279,3,0.92109783,0.92109783,0.92109783,0.0474621552,0.8736356748,0.36212646918619523,False
344715777.jpg,3,0.00946220835,0.009429351314,0.022907695,0.915885176,0.042315536,3,0.915885176,0.915885176,0.915885176,0.042315536,0.8735696399999999,0.38888262815519703,False
3305364109.jpg,2,0.007734656588,0.0058523728924,0.93621692,0.0429642868,0.00723177212,2,0.93621692,0.93621692,0.93621692,0.0429642868,0.8932526332,0.3002695729003303,False
2409691318.jpg,3,0.009505226172,0.01251188376,0.00915453764,0.960671396,0.0081569749542,3,0.960671396,0.960671396,0.960671396,0.01251188376,0.94815951224,0.21980872405515994,False
968865165.jpg,1,0.00678814902,0.864392004,0.04535940084,0.0665447324,0.0169156638,1,0.864392004,0.864392004,0.864392004,0.0665447324,0.7978472716,0.5494961419658181,False
2176535101.jpg,2,0.0070605291879999,0.0098521842,0.928376546,0.0485447438,0.00616602416,2,0.928376546,0.928376546,0.928376546,0.0485447438,0.8798318022,0.32772310961611234,False
90543852.jpg,3,0.008031210312,0.0103444627999999,0.28174012,0.6852764760000001,0.0146077196,3,0.6852764760000001,0.6852764760000001,0.6852764760000001,0.28174012,0.4035363560000001,0.7636573521852291,False
2948560860.jpg,3,0.010362012482,0.008715813728,0.0493154158,0.920605744,0.01100102759,3,0.920605744,0.920605744,0.920605744,0.0493154158,0.8712903282,0.3628694734361142,False
918675350.jpg,3,0.006668171402,0.008516787316,0.00866979684,0.96201098,0.0141342351,3,0.96201098,0.96201098,0.96201098,0.0141342351,0.9478767449,0.212620300744762,False
3899345868.jpg,3,0.0092264822716,0.010013169416,0.009229092046,0.9506963,0.0208349688,3,0.9506963,0.9506963,0.9506963,0.0208349688,0.9298613312,0.2612959357473049,False
4221079095.jpg,1,0.0080814499136,0.950810316,0.012412055816,0.0221147067999999,0.006581493656,1,0.950810316,0.950810316,0.950810316,0.0221147067999999,0.9286956092,0.25872760846534243,False
1779790231.jpg,3,0.012131694496,0.011712457382,0.0169404095999999,0.950556494,0.00865897017642,3,0.950556494,0.950556494,0.950556494,0.0169404095999999,0.9336160844000001,0.26401797223936413,False
1986963411.jpg,3,0.011977696416,0.0175890696,0.072089998,0.8862871400000001,0.01205610236,3,0.8862871400000001,0.8862871400000001,0.8862871400000001,0.072089998,0.814197142,0.47390483092148117,False
1974117751.jpg,3,0.01111559636,0.0253383459999999,0.0356386826,0.90657824,0.0213291178,3,0.90657824,0.90657824,0.90657824,0.0356386826,0.8709395574,0.4329569558615562,False
713259486.jpg,1,0.012819665724,0.944320558,0.009938340718,0.0227969002,0.010124549944,1,0.944320558,0.944320558,0.944320558,0.0227969002,0.9215236578,0.28847937319160283,False
803527097.jpg,3,0.006757195582,0.008167107892,0.00896404344,0.966243478,0.00986815554,3,0.966243478,0.966243478,0.966243478,0.00986815554,0.95637532246,0.19404826274748785,False
3676837791.jpg,3,0.01028769582,0.0112076209,0.0597374014,0.90932986,0.009437436354,3,0.90932986,0.90932986,0.90932986,0.0597374014,0.8495924586000001,0.39618474157956907,False
3182178940.jpg,3,0.007810733718,0.008339043658,0.01045485858,0.96219534,0.01120006362,3,0.96219534,0.96219534,0.96219534,0.01120006362,0.9509952763799999,0.21288815744610712,False
529641068.jpg,2,0.009119751105,0.0313985888,0.74321848,0.149307274,0.0669558908,2,0.74321848,0.74321848,0.74321848,0.149307274,0.593911206,0.8370449990297899,False
4233314988.jpg,4,0.1006263748,0.0395609168,0.01079129928,0.0316315776,0.81738983,4,0.81738983,0.81738983,0.81738983,0.1006263748,0.7167634552,0.6817853452741373,False
2680320967.jpg,4,0.358129778,0.0218248365,0.0183287914,0.01220837938,0.589508256,4,0.589508256,0.589508256,0.589508256,0.358129778,0.231378478,0.889845728516411,False
3240436783.jpg,1,0.0265693456,0.8696790799999999,0.00703594134,0.0148886953999999,0.081826955,1,0.8696790799999999,0.8696790799999999,0.8696790799999999,0.081826955,0.7878521249999999,0.520166940693122,False
568949064.jpg,3,0.00995727072,0.00764765778,0.0237781278,0.93597376,0.0226432022,3,0.93597376,0.93597376,0.93597376,0.0237781278,0.9121956322,0.31977492820666,False
1518949710.jpg,1,0.0411307998,0.0954879563999999,0.0335879835999999,0.00834795892,0.8214453039999999,4,0.8214453039999999,0.0954879563999999,0.0954879563999999,0.8214453039999999,-0.7259573476000001,0.6710310334788306,True
1824113054.jpg,3,0.0080412928532,0.0087339035,0.012632811,0.96254703,0.008044968438,3,0.96254703,0.96254703,0.96254703,0.012632811,0.949914219,0.21095295047349294,False
1278681440.jpg,3,0.0077112074019999,0.009580939924,0.01125507668,0.9580251,0.0134276862936,3,0.9580251,0.9580251,0.9580251,0.0134276862936,0.9445974137063999,0.23150901909044586,False
459331011.jpg,3,0.009143998455,0.010367052932,0.0098058436799999,0.96192616,0.0087569341582,3,0.96192616,0.96192616,0.96192616,0.010367052932,0.951559107068,0.21447532814195738,False
1057462029.jpg,0,0.018590151,0.714403412,0.0172571954,0.0253467776,0.224402472,1,0.714403412,0.018590151,0.018590151,0.714403412,-0.6958132610000001,0.8128790975493028,True
2052899282.jpg,4,0.09041071044,0.107094226,0.0060409434,0.0135415609,0.78291256,4,0.78291256,0.78291256,0.78291256,0.107094226,0.675818334,0.7372714465415069,False
2854111497.jpg,1,0.330754504,0.3204912359999999,0.151986882,0.1320430179999999,0.0647243532,0,0.330754504,0.3204912359999999,0.3204912359999999,0.330754504,-0.010263268000000103,1.461492712917743,True
860415279.jpg,4,0.0955428419999999,0.0127310844,0.0252483523,0.0728616616,0.7936160400000001,4,0.7936160400000001,0.7936160400000001,0.7936160400000001,0.0955428419999999,0.6980731980000001,0.747082583227979,False
716279515.jpg,3,0.0083904011779999,0.0080939042379999,0.01061096748,0.957136116,0.01576862248,3,0.957136116,0.957136116,0.957136116,0.01576862248,0.94136749352,0.2347006077691134,False
133434281.jpg,3,0.010552043026,0.011104046497,0.01197348894,0.95285288,0.0135175486,3,0.95285288,0.95285288,0.95285288,0.0135175486,0.9393353314,0.2551776926179157,False
2566236030.jpg,3,0.0820757778,0.0472971323,0.03068256677,0.76567672,0.0742677696,3,0.76567672,0.76567672,0.76567672,0.0820757778,0.6836009422,0.8539506384413721,False
2884334007.jpg,3,0.010980674,0.0111214255,0.01021471142,0.959292684,0.00839046853678,3,0.959292684,0.959292684,0.959292684,0.0111214255,0.9481712585000001,0.2263773389716163,False
292549170.jpg,3,0.007488753422,0.006092740068,0.010116106026,0.96752016,0.00878223282,3,0.96752016,0.96752016,0.96752016,0.010116106026,0.957404053974,0.18772984726997546,False
2969226797.jpg,3,0.01947600582,0.0230835257999999,0.0452274228,0.819450828,0.0927622010079999,3,0.819450828,0.819450828,0.819450828,0.0927622010079999,0.7266886269920001,0.6874594457593873,False
3386258598.jpg,3,0.00751819501,0.01483656858,0.1981632244,0.7712635000000001,0.00821854455,3,0.7712635000000001,0.7712635000000001,0.7712635000000001,0.1981632244,0.5731002756000001,0.6597754475062053,False
1943448568.jpg,2,0.0126214486,0.0570032292,0.89120256,0.019975266906,0.019197509,2,0.89120256,0.89120256,0.89120256,0.0570032292,0.8341993308,0.4751871903518549,False
2683970067.jpg,0,0.622477602,0.249801456,0.0205000947,0.01494966358,0.092271196,0,0.622477602,0.622477602,0.622477602,0.249801456,0.372676146,1.0039902304783754,False
122062036.jpg,3,0.00920740605,0.008648308392,0.0135905228,0.960395182,0.0081586064536,3,0.960395182,0.960395182,0.960395182,0.0135905228,0.9468046592,0.2207042353542474,False
2586069156.jpg,1,0.02140992144,0.0393164898,0.0249978608,0.869864564,0.044411139782,3,0.869864564,0.0393164898,0.0393164898,0.869864564,-0.8305480742,0.5613290034250596,True
2795132787.jpg,4,0.0160618266,0.0217495511999999,0.137006844,0.0212866756,0.8038951000000001,4,0.8038951000000001,0.8038951000000001,0.8038951000000001,0.137006844,0.6668882560000001,0.6793752388866579,False
3489995637.jpg,3,0.0075848877644,0.0094225617348,0.00933175926,0.96021844,0.01344233832,3,0.96021844,0.96021844,0.96021844,0.01344233832,0.94677610168,0.22150629720396656,False
1775001723.jpg,3,0.009322559238,0.009929754578,0.009343058536,0.958977736,0.012426883,3,0.958977736,0.958977736,0.958977736,0.012426883,0.946550853,0.22774232494144392,False
1000812911.jpg,3,0.0098396660648,0.01023644345,0.0123660804876,0.95791524,0.009642558722,3,0.95791524,0.95791524,0.95791524,0.0123660804876,0.9455491595123999,0.23263852419917141,False
1022008227.jpg,3,0.008014485487,0.010711392198,0.00772878765,0.94474319,0.02880212822,3,0.94474319,0.94474319,0.94474319,0.02880212822,0.9159410617799999,0.28072838463857397,False
431419127.jpg,2,0.0142171534,0.281606242,0.258716148,0.0373826171999999,0.408077852,4,0.408077852,0.258716148,0.258716148,0.408077852,-0.14936170400000004,1.2557434278625637,True
4209668687.jpg,4,0.218492056,0.0557183443999999,0.03331936144,0.00932085356,0.6831493799999999,4,0.6831493799999999,0.6831493799999999,0.6831493799999999,0.218492056,0.4646573239999999,0.9104391249476547,False
3819965975.jpg,3,0.008983504232,0.01624099102,0.00948326084,0.956878252,0.0084139760558,3,0.956878252,0.956878252,0.956878252,0.01624099102,0.94063726098,0.2358042961449751,False
2984109922.jpg,4,0.130946952,0.247736824,0.0521019572,0.0787586999999999,0.49045556,4,0.49045556,0.49045556,0.49045556,0.247736824,0.24271873600000002,1.3154027224369855,False
872590456.jpg,2,0.01217501768,0.0398163494,0.8228830199999999,0.1063474416,0.01877817248,2,0.8228830199999999,0.8228830199999999,0.8228830199999999,0.1063474416,0.7165355783999999,0.6554065494426337,False
84878474.jpg,3,0.009887297336,0.0100380349175999,0.009083966398,0.96055092,0.01043978591,3,0.96055092,0.96055092,0.96055092,0.01043978591,0.9501111340899999,0.22082764918547468,False
3127673735.jpg,3,0.009445811234,0.009949094272,0.01155476944,0.95775888,0.01129144802,3,0.95775888,0.95775888,0.95775888,0.01155476944,0.94620411056,0.23341172452403877,False
948836344.jpg,4,0.0651007879999999,0.01294370838,0.0778897122,0.0506088998,0.7934569,4,0.7934569,0.7934569,0.7934569,0.0778897122,0.7155671878000001,0.76749139358234,False
2362121230.jpg,3,0.0082899185448,0.008253619682,0.0122769531,0.95762,0.0135595115,3,0.95762,0.95762,0.95762,0.0135595115,0.9440604885,0.23312761545223418,False
4005310479.jpg,0,0.722303116,0.029907666,0.1428506849999999,0.089864734,0.0150737417799999,0,0.722303116,0.722303116,0.722303116,0.1428506849999999,0.5794524310000001,0.8976748282116561,False
3846724248.jpg,3,0.01018415354,0.00980606848,0.0258108544,0.937901924,0.0162969934,3,0.937901924,0.937901924,0.937901924,0.0258108544,0.9120910696000001,0.3136736828460561,False
4210867586.jpg,4,0.022916646,0.105927015,0.0211121638,0.01518276488,0.834861446,4,0.834861446,0.834861446,0.834861446,0.105927015,0.728934431,0.6200491765512489,False
16503141.jpg,3,0.00906892262,0.0341437862,0.039746858,0.8863812200000001,0.0306592498,3,0.8863812200000001,0.8863812200000001,0.8863812200000001,0.039746858,0.8466343620000001,0.49989911480006266,False
3885318661.jpg,3,0.0102903647638,0.009715137698,0.01049159448,0.95078813,0.0187147594,3,0.95078813,0.95078813,0.95078813,0.0187147594,0.9320733706,0.2623632611834575,False
781931652.jpg,3,0.0085381877752,0.0112989098837,0.009336127968,0.9557313,0.0150954706,3,0.9557313,0.9557313,0.9557313,0.0150954706,0.9406358293999999,0.24153331188370636,False
2199980417.jpg,3,0.008665532882,0.00996200498,0.0152940332,0.95224482,0.0138336102,3,0.95224482,0.95224482,0.95224482,0.0152940332,0.9369507868,0.2568088203383722,False
2279252876.jpg,2,0.0100717368028,0.011354588012,0.0405999914,0.8567964459999999,0.08117723718,3,0.8567964459999999,0.0405999914,0.0405999914,0.8567964459999999,-0.8161964545999999,0.5635072022482698,True
3213489228.jpg,3,0.0069641972264,0.00974567451,0.008480376428,0.966503784,0.008305973542,3,0.966503784,0.966503784,0.966503784,0.00974567451,0.9567581094900001,0.19289487327727523,False
3094965725.jpg,4,0.0526201696,0.098548684,0.00555540608,0.01331862772,0.8299571400000001,4,0.8299571400000001,0.8299571400000001,0.8299571400000001,0.098548684,0.731408456,0.624361020979535,False
11252426.jpg,3,0.009656321414,0.00943102372,0.0100502624999999,0.96111124,0.0097511157092,3,0.96111124,0.96111124,0.96111124,0.0100502624999999,0.9510609775000002,0.21829733420634337,False
1905665106.jpg,0,0.5262147180000001,0.03397590926,0.0564314448,0.03712264788,0.34625527,0,0.5262147180000001,0.5262147180000001,0.5262147180000001,0.34625527,0.17995944800000008,1.1044847136649212,False
2445348448.jpg,3,0.010380780805,0.008907479064,0.0209044534,0.94377902,0.01602830038,3,0.94377902,0.94377902,0.94377902,0.0209044534,0.9228745666,0.2911838872867355,False
3419650756.jpg,2,0.0104055238,0.01002487441,0.952520382,0.01406424708,0.01298495588,2,0.952520382,0.952520382,0.952520382,0.01406424708,0.93845613492,0.2563589111506758,False
2676091424.jpg,3,0.007520898964,0.01250951764,0.01066425864,0.958466036,0.0108392850516,3,0.958466036,0.958466036,0.958466036,0.01250951764,0.94595651836,0.22971254221342496,False
63578884.jpg,3,0.0067755763839999,0.01439700564,0.02108995608,0.949286476,0.008450984868,3,0.949286476,0.949286476,0.949286476,0.02108995608,0.9281965199200001,0.26602512510765275,False
1368056046.jpg,3,0.01501794058,0.0363686542,0.02045074732,0.90651232,0.0216502978,3,0.90651232,0.90651232,0.90651232,0.0363686542,0.8701436658,0.4350830997762419,False
3652860388.jpg,3,0.0272016574,0.128468102,0.0298052156,0.537249032,0.277275988,3,0.537249032,0.537249032,0.537249032,0.277275988,0.259973044,1.1558446470696426,False
3355858515.jpg,3,0.007713741804,0.0097359865,0.0171179656,0.946574152,0.0188581444,3,0.946574152,0.946574152,0.946574152,0.0188581444,0.9277160076,0.27910599271217035,False
2872979804.jpg,0,0.86588207,0.0198724044,0.009484779641,0.0097570507,0.095003692,0,0.86588207,0.86588207,0.86588207,0.095003692,0.7708783779999999,0.5155382233176253,False
2536929613.jpg,3,0.0071395801104,0.007295710376,0.01105303758,0.960751,0.0137606946,3,0.960751,0.960751,0.960751,0.0137606946,0.9469903054000001,0.2184233054365157,False
290865362.jpg,3,0.00862258278,0.00808902382,0.007313378244,0.96506416,0.01091087181,3,0.96506416,0.96506416,0.96506416,0.01091087181,0.9541532881899999,0.199534339434226,False
3539750453.jpg,3,0.010142800645,0.013967530244,0.213739248,0.71292864,0.0492217932,3,0.71292864,0.71292864,0.71292864,0.213739248,0.499189392,0.8254843529145327,False
2458846508.jpg,1,0.0176073589,0.72248836,0.0347923428,0.210797934,0.01431403507,1,0.72248836,0.72248836,0.72248836,0.210797934,0.511690426,0.8117833254069416,False
4173521076.jpg,0,0.746291164,0.067397339,0.009331197896,0.0251007674,0.1518795372,0,0.746291164,0.746291164,0.746291164,0.1518795372,0.5944116267999999,0.8225278068536312,False
3971597689.jpg,3,0.0077385129244,0.0097721968948,0.01082228596,0.95800363,0.01366337986,3,0.95800363,0.95800363,0.95800363,0.01366337986,0.94434025014,0.2315915118110416,False
3168989288.jpg,0,0.0229164132,0.0594735844,0.0602776624,0.3042194996,0.553112828,4,0.553112828,0.0229164132,0.0229164132,0.553112828,-0.5301964147999999,1.1132580276051542,True
401824702.jpg,4,0.006670206994,0.00990640076,0.0578602864,0.8826499,0.0429132318,3,0.8826499,0.0429132318,0.0429132318,0.8826499,-0.8397366682,0.48931186159334905,True
4214625845.jpg,4,0.0114201474,0.0113350125,0.01341334042,0.7107240560000001,0.2531074279999999,3,0.7107240560000001,0.2531074279999999,0.2531074279999999,0.7107240560000001,-0.4576166280000002,0.7501325587189401,True
133303828.jpg,4,0.0456910204,0.1156133276,0.00683278482,0.01050269562,0.8213601580000001,4,0.8213601580000001,0.8213601580000001,0.8213601580000001,0.1156133276,0.7057468304000001,0.6339904234438359,False
805835204.jpg,3,0.0092326217072,0.00899348031,0.01199852058,0.9607542,0.0090211853,3,0.9607542,0.9607542,0.9607542,0.01199852058,0.94875567942,0.21963341428108443,False
612701263.jpg,2,0.0220922405,0.246020244,0.60915212,0.0298553566,0.0928800336,2,0.60915212,0.60915212,0.60915212,0.246020244,0.36313187599999996,1.0567389022762235,False
3959970856.jpg,3,0.009167197236,0.275174828,0.00864534028,0.687615586,0.0193970256,3,0.687615586,0.687615586,0.687615586,0.275174828,0.41244075799999996,0.7731616713429441,False
2933784082.jpg,3,0.0082518074,0.00948383548,0.0759777952,0.893200344,0.013086178264,3,0.893200344,0.893200344,0.893200344,0.0759777952,0.8172225488,0.43720873937405735,False
1966591283.jpg,3,0.007876038616,0.01018241232,0.0283118166,0.941653226,0.011976499898,3,0.941653226,0.941653226,0.941653226,0.0283118166,0.9133414094,0.2953796660290561,False
545074586.jpg,3,0.008300233576,0.0116808029,0.0227488,0.949594734,0.007675418678,3,0.949594734,0.949594734,0.949594734,0.0227488,0.926845934,0.26430216316066196,False
701052546.jpg,3,0.008982243436,0.0076485151975999,0.0113552125,0.96102456,0.0109894898222,3,0.96102456,0.96102456,0.96102456,0.0113552125,0.9496693475,0.21822888160811088,False
4154571034.jpg,3,0.0066388607343,0.0069905315628,0.011421272564,0.967499664,0.0074496657379999,3,0.967499664,0.967499664,0.967499664,0.011421272564,0.9560783914359999,0.1875338193183146,False
3097618200.jpg,3,0.007309511852,0.007908843266,0.0109017175,0.9410075,0.032872429,3,0.9410075,0.9410075,0.9410075,0.032872429,0.908135071,0.2929729855155985,False
3667619405.jpg,4,0.039291499,0.01946910928,0.00700485092,0.0540598003,0.880174734,4,0.880174734,0.880174734,0.880174734,0.0540598003,0.8261149337,0.5086854717957203,False
3961117682.jpg,1,0.031058288944,0.7942204240000001,0.1006758704,0.0502479192,0.0237974763,1,0.7942204240000001,0.7942204240000001,0.7942204240000001,0.1006758704,0.6935445536000001,0.7611913013118117,False
3421593064.jpg,1,0.007999115758,0.945261196,0.01367015374,0.0150887186199999,0.0179807848,1,0.945261196,0.945261196,0.945261196,0.0179807848,0.9272804112,0.2860494388835206,False
3913823345.jpg,3,0.008349857164,0.00787030086,0.01320720107,0.96241105,0.008161585766,3,0.96241105,0.96241105,0.96241105,0.01320720107,0.9492038489300001,0.211351676591755,False
2392443273.jpg,3,0.0078615598914,0.0078757832195,0.0077365351639999,0.967769196,0.008756941402,3,0.967769196,0.967769196,0.967769196,0.008756941402,0.959012254598,0.18705411712358563,False
1924122147.jpg,3,0.0066767118737999,0.03011314334,0.00978000638,0.94562984,0.0078002963677199,3,0.94562984,0.94562984,0.94562984,0.03011314334,0.91551669666,0.27490481988683474,False
3407709856.jpg,3,0.0110157687799999,0.0131189396,0.02784835572,0.93251342,0.0155035291377999,3,0.93251342,0.93251342,0.93251342,0.02784835572,0.90466506428,0.3359964582721391,False
1088048736.jpg,3,0.0331006594,0.0288960172,0.0576293759999999,0.868828538,0.01154542137,3,0.868828538,0.868828538,0.868828538,0.0576293759999999,0.8111991620000001,0.5533560160914021,False
745723934.jpg,3,0.0082484198852,0.0089909745832,0.009419557332,0.95738742,0.01595364164,3,0.95738742,0.95738742,0.95738742,0.01595364164,0.94143377836,0.23358567228275454,False
2748659636.jpg,3,0.011585445554,0.010355287,0.0378544328,0.92328994,0.0169149102399999,3,0.92328994,0.92328994,0.92328994,0.0378544328,0.8854355072,0.36560497385555096,False
2965024429.jpg,3,0.0070001632116,0.0146179802,0.01597575004,0.951512136,0.010893936,3,0.951512136,0.951512136,0.951512136,0.01597575004,0.93553638596,0.25911703095862043,False
648490394.jpg,3,0.010982804302,0.010503385376,0.008161445416,0.96118135,0.0091710064364,3,0.96118135,0.96118135,0.96118135,0.010982804302,0.950198545698,0.21772802665224195,False
3747261251.jpg,3,0.008021368038,0.0076040761,0.024138354,0.952304936,0.007931250259,3,0.952304936,0.952304936,0.952304936,0.024138354,0.928166582,0.2506013583834477,False
4117129692.jpg,2,0.012541778376,0.0136630022,0.935684872,0.027689704,0.0104206095798,2,0.935684872,0.935684872,0.935684872,0.027689704,0.9079951679999999,0.32264764422346526,False
3772677160.jpg,4,0.256287868,0.01162968658,0.01074147854,0.242893714,0.4784472079999999,4,0.4784472079999999,0.4784472079999999,0.4784472079999999,0.256287868,0.22215933999999993,1.1458653284989762,False
1721889897.jpg,4,0.16699813,0.0149592988,0.0116635346,0.0654857428,0.740893318,4,0.740893318,0.740893318,0.740893318,0.16699813,0.5738951880000001,0.8143737042016729,False
18792791.jpg,3,0.00925730568,0.00765545529,0.0152807482,0.958678388,0.00912808002,3,0.958678388,0.958678388,0.958678388,0.0152807482,0.9433976398,0.22786208610413322,False
280115595.jpg,3,0.0093323477699999,0.00848551266,0.00923719688,0.963126964,0.00981795726,3,0.963126964,0.963126964,0.963126964,0.00981795726,0.95330900674,0.20894291824924086,False
1207863833.jpg,4,0.013097184,0.00867863112,0.00810652758,0.018489268,0.951628396,4,0.951628396,0.951628396,0.951628396,0.018489268,0.9331391280000001,0.2579761137827926,False
2013837502.jpg,3,0.0097389782,0.0107518036,0.039756247,0.929798126,0.00995484244,3,0.929798126,0.929798126,0.929798126,0.039756247,0.890041879,0.3356219177688633,False
2923119977.jpg,1,0.1700463052,0.407615492,0.011267979958,0.03124533698,0.379824892,1,0.407615492,0.407615492,0.407615492,0.379824892,0.0277906,1.1936012779299405,False
3652677598.jpg,3,0.0083025700976,0.0076422167887999,0.010537844858,0.96406561,0.00945175772,3,0.96406561,0.96406561,0.96406561,0.010537844858,0.953527765142,0.20434514438058637,False
3026177156.jpg,1,0.0215905232,0.912387884,0.0303792487999999,0.02152250138,0.01411983976,1,0.912387884,0.912387884,0.912387884,0.0303792487999999,0.8820086352000002,0.41538280061393307,False
1125109121.jpg,2,0.0124447109,0.013578754882,0.948284182,0.01559810998,0.010094236434,2,0.948284182,0.948284182,0.948284182,0.01559810998,0.93268607202,0.27461013504474197,False
2084711314.jpg,4,0.0140105142,0.183560544,0.226450022,0.02570875542,0.5502701560000001,4,0.5502701560000001,0.5502701560000001,0.5502701560000001,0.226450022,0.3238201340000001,1.1301199619216473,False
1083535091.jpg,4,0.005144194984,0.0118476179,0.0785583392,0.0313487512,0.8731011,4,0.8731011,0.8731011,0.8731011,0.0785583392,0.7945427608,0.5065374231861643,False
630240307.jpg,3,0.0069553622599999,0.005879941788,0.008123882402,0.97223752,0.006803317342,3,0.97223752,0.97223752,0.97223752,0.008123882402,0.964113637598,0.1651807342454492,False
1573629437.jpg,3,0.006796642838,0.00779733356,0.0768236428,0.899408344,0.00917404318,3,0.899408344,0.899408344,0.899408344,0.0768236428,0.8225847012,0.407312921794165,False
748623930.jpg,3,0.01088647854,0.0093358335459999,0.00980189308,0.960484804,0.0094910334324,3,0.960484804,0.960484804,0.960484804,0.01088647854,0.94959832546,0.22110724475928015,False
3709879391.jpg,3,0.0082036018605,0.0092467334618,0.00729703284,0.9645906,0.0106620339,3,0.9645906,0.9645906,0.9645906,0.0106620339,0.9539285661,0.20180578293071777,False
718269749.jpg,3,0.008208654816,0.01025654046,0.01583782876,0.944796962,0.0209000054,3,0.944796962,0.944796962,0.944796962,0.0209000054,0.9238969565999999,0.2865411815209134,False
2796815697.jpg,3,0.01244066946,0.0129916521999999,0.078074908,0.8622864800000001,0.0342063054,3,0.8622864800000001,0.8622864800000001,0.8622864800000001,0.078074908,0.784211572,0.5533219902171316,False
804347789.jpg,1,0.158039129,0.752949556,0.01001785524,0.01171495644,0.067278462,1,0.752949556,0.752949556,0.752949556,0.158039129,0.5949104270000001,0.7850131503997811,False
2571818236.jpg,3,0.007741846754,0.008458783796,0.01258082432,0.88804658,0.0831720094,3,0.88804658,0.88804658,0.88804658,0.0831720094,0.8048745706,0.4453269758745123,False
458113547.jpg,3,0.00646875032,0.008440633468,0.00903800568,0.965188516,0.0108640813,3,0.965188516,0.965188516,0.965188516,0.0108640813,0.9543244347,0.1987736597066353,False
2409798912.jpg,4,0.025585687,0.1294423416,0.145448779,0.49587968,0.203643532,3,0.49587968,0.203643532,0.203643532,0.49587968,-0.292236148,1.310748693078957,True
1541714876.jpg,3,0.00902266165,0.009510851908,0.0134710304,0.95816222,0.0098332160199999,3,0.95816222,0.95816222,0.95816222,0.0134710304,0.9446911896,0.23117665027902876,False
2074036389.jpg,2,0.007126259964,0.0128805856,0.026327896,0.938141304,0.01552392202,3,0.938141304,0.026327896,0.026327896,0.938141304,-0.911813408,0.3116142909946343,True
2578644350.jpg,4,0.01495583164,0.0369853966,0.0166303805999999,0.0725940592,0.85883436,4,0.85883436,0.85883436,0.85883436,0.0725940592,0.7862403008000001,0.5740320469807784,False
31623252.jpg,1,0.00640341984,0.90244011,0.00570862988,0.0126424854,0.0728053092,1,0.90244011,0.90244011,0.90244011,0.0728053092,0.8296348008000001,0.4004747031309276,False
2362358956.jpg,3,0.009328439558,0.0432612391999999,0.009323296176,0.928838964,0.0092480705622,3,0.928838964,0.928838964,0.928838964,0.0432612391999999,0.8855777248000001,0.33493668280934075,False
2428200462.jpg,3,0.007379686344,0.00940385582,0.34585278,0.622654168,0.01470948762,3,0.622654168,0.622654168,0.622654168,0.34585278,0.2768013879999999,0.8043722111636726,False
2191624068.jpg,4,0.00828532106,0.0170289666,0.0469009532,0.0134541266,0.91433064,4,0.91433064,0.91433064,0.91433064,0.0469009532,0.8674296868,0.3924305925230739,False
2421154857.jpg,3,0.01359067248,0.019797122,0.0333943666,0.92628663,0.006931197044,3,0.92628663,0.92628663,0.92628663,0.0333943666,0.8928922634,0.3549733446564307,False
3253718766.jpg,3,0.009009646008,0.00925394842,0.230469064,0.729532676,0.0217346696,3,0.729532676,0.729532676,0.729532676,0.230469064,0.49906361200000005,0.7372870387398793,False
3987329576.jpg,3,0.0111414395056,0.01115526472,0.009436449502,0.9583995,0.0098673824358,3,0.9583995,0.9583995,0.9583995,0.01115526472,0.94724423528,0.23055578818214814,False
2643647832.jpg,1,0.006999304206,0.955401314,0.010549628226,0.014080266178,0.01296948606,1,0.955401314,0.955401314,0.955401314,0.014080266178,0.941321047822,0.24271591672668325,False
2624991206.jpg,1,0.0487417376,0.493267704,0.0577945348,0.3098318399999999,0.0903641784,1,0.493267704,0.493267704,0.493267704,0.3098318399999999,0.18343586400000006,1.2408825714027378,False
184909120.jpg,3,0.0078981519092,0.0081334703079999,0.01374426108,0.961760122,0.0084639809612,3,0.961760122,0.961760122,0.961760122,0.01374426108,0.94801586092,0.21418461345178283,False
584853244.jpg,4,0.0360639638,0.119045148,0.0172327291439999,0.0360004275999999,0.791657756,4,0.791657756,0.791657756,0.791657756,0.119045148,0.672612608,0.7477858320469802,False
2458410861.jpg,3,0.00676109226,0.007441825834,0.0377416372,0.93633486,0.01172056876,3,0.93633486,0.93633486,0.93633486,0.0377416372,0.8985932228,0.30763953418753887,False
1339257499.jpg,0,0.8393024599999999,0.038338973,0.011580896032,0.00635383318,0.104423832,0,0.8393024599999999,0.8393024599999999,0.8393024599999999,0.104423832,0.7348786279999999,0.5917657750499399,False
881299929.jpg,4,0.013428579696,0.02105726782,0.0220895992,0.4039267599999999,0.539497802,4,0.539497802,0.539497802,0.539497802,0.4039267599999999,0.13557104200000009,0.922495212640673,False
2435784137.jpg,0,0.809084312,0.0326871544,0.070071432,0.0790454492,0.009111652888,0,0.809084312,0.809084312,0.809084312,0.0790454492,0.7300388628,0.7128928466122805,False
3028155719.jpg,3,0.0115281519,0.0238896636,0.259838252,0.69365208,0.011091833324,3,0.69365208,0.69365208,0.69365208,0.259838252,0.433813828,0.794501839524006,False
1131959133.jpg,3,0.009242380384,0.009185328416,0.008454859456,0.96538742,0.0077299870614,3,0.96538742,0.96538742,0.96538742,0.009242380384,0.956145039616,0.1983213492356038,False
1973109559.jpg,2,0.019620279082,0.021587851558,0.111753866,0.80926528,0.0377726986,3,0.80926528,0.111753866,0.111753866,0.80926528,-0.6975114139999999,0.6998510341488977,True
499152575.jpg,3,0.008989544462,0.009857643188,0.0144710297,0.95677278,0.0099090043736,3,0.95677278,0.95677278,0.95677278,0.0144710297,0.9423017503,0.2371894209734821,False
2203932051.jpg,3,0.0129861328,0.0217893288,0.0840924072,0.85825522,0.0228768875,3,0.85825522,0.85825522,0.85825522,0.0840924072,0.7741628128,0.5655905611296531,False
961915557.jpg,4,0.01150849072,0.0328894884,0.531479992,0.01353623102,0.410585824,2,0.531479992,0.410585824,0.410585824,0.531479992,-0.12089416799999997,0.9233585657362682,True
1778971646.jpg,0,0.73003436,0.0393632196,0.0693415928,0.0224861922,0.138774658,0,0.73003436,0.73003436,0.73003436,0.138774658,0.591259702,0.9015033405853385,False
3165173552.jpg,3,0.01212861922,0.028743928,0.110328228,0.817140964,0.0316582512,3,0.817140964,0.817140964,0.817140964,0.110328228,0.706812736,0.6730560718867324,False
1601382474.jpg,3,0.0176975922,0.01175852852,0.00866430046,0.952253556,0.00962603417,3,0.952253556,0.952253556,0.952253556,0.0176975922,0.9345559638,0.25607030365052186,False
651255888.jpg,3,0.0085565098399999,0.00992311872,0.01079199594,0.95910306,0.01162531068,3,0.95910306,0.95910306,0.95910306,0.01162531068,0.94747774932,0.22722352074073515,False
1870345628.jpg,1,0.006178819234,0.92487855,0.009549524,0.0223585068,0.0370346452,1,0.92487855,0.92487855,0.92487855,0.0370346452,0.8878439048,0.35511024008139325,False
1387354222.jpg,3,0.010332698522,0.0249138792,0.01212426892,0.944237696,0.008391464328,3,0.944237696,0.944237696,0.944237696,0.0249138792,0.9193238168,0.2870284157249218,False
4217871378.jpg,2,0.0102029608876,0.009850769198,0.8723297780000001,0.0965647663,0.011051734834,2,0.8723297780000001,0.8723297780000001,0.8723297780000001,0.0965647663,0.7757650117000001,0.4869575525514679,False
298424266.jpg,3,0.008426830792,0.007587035804,0.0083510442724,0.968377252,0.0072578175518,3,0.968377252,0.968377252,0.968377252,0.008426830792,0.959950421208,0.18411394697683,False
2435051665.jpg,1,0.072607146,0.7605446,0.00662700343,0.0114191740399999,0.14880204,1,0.7605446,0.7605446,0.7605446,0.14880204,0.61174256,0.7664081868338946,False
3188371437.jpg,3,0.0087998703,0.01075319248,0.00963337508,0.9613317,0.009481880152,3,0.9613317,0.9613317,0.9613317,0.01075319248,0.9505785075200001,0.21719349522676568,False
3012872087.jpg,3,0.0157093762,0.5096324839999999,0.01772607778,0.439562224,0.01736983226,1,0.5096324839999999,0.439562224,0.439562224,0.5096324839999999,-0.07007025999999994,0.9119686554006866,True
641309732.jpg,1,0.03186537382,0.82102682,0.0154379242,0.0362243096,0.0954455568,1,0.82102682,0.82102682,0.82102682,0.0954455568,0.7255812632,0.6805259231215445,False
2541897274.jpg,2,0.066793564,0.55722013,0.13819272,0.03863049542,0.1991631384,1,0.55722013,0.13819272,0.13819272,0.55722013,-0.41902741000000004,1.227179220121345,True
3271199232.jpg,3,0.00935365166,0.00944851732,0.073573438,0.9002829,0.00734148003,3,0.9002829,0.9002829,0.9002829,0.073573438,0.826709462,0.41038487611361385,False
2437198013.jpg,1,0.231051228,0.1761526,0.03019923968,0.1034915732,0.459105336,4,0.459105336,0.1761526,0.1761526,0.459105336,-0.282952736,1.3422331075560265,True
2635668715.jpg,3,0.0501595413,0.0285428914,0.284035604,0.0335799568,0.6036820359999999,4,0.6036820359999999,0.0335799568,0.0335799568,0.6036820359999999,-0.5701020791999999,1.0277636940394987,True
4288246700.jpg,4,0.372964796,0.0655252279999999,0.01090017256,0.360637732,0.1899721,0,0.372964796,0.1899721,0.1899721,0.372964796,-0.18299269599999998,1.2790074816536592,True
2051816326.jpg,3,0.008807830882,0.009847752178,0.012679509,0.92066702,0.0479978821999999,3,0.92066702,0.92066702,0.92066702,0.0479978821999999,0.8726691378000001,0.3644122000092216,False
64610911.jpg,4,0.0132001436,0.0443572104,0.053756219,0.1661212698,0.7225651599999999,4,0.7225651599999999,0.7225651599999999,0.7225651599999999,0.1661212698,0.5564438902,0.8854530542497616,False
3401893530.jpg,1,0.0080663515,0.709525638,0.0635761902,0.187110634,0.03172118896,1,0.709525638,0.709525638,0.709525638,0.187110634,0.522415004,0.8806156264517575,False
2813897976.jpg,0,0.8983776800000001,0.0537276414,0.013410256942,0.01180476486,0.0226796908,0,0.8983776800000001,0.8983776800000001,0.8983776800000001,0.0537276414,0.8446500386000001,0.449462346371816,False
571576955.jpg,2,0.00999894224,0.01163049264,0.8998605959999999,0.0635950784,0.01491486586,2,0.8998605959999999,0.8998605959999999,0.8998605959999999,0.0635950784,0.8362655175999999,0.43074203621488094,False
4165205071.jpg,3,0.008244189624,0.010062526308,0.0181031178219999,0.949841876,0.01374828976,3,0.949841876,0.949841876,0.949841876,0.0181031178219999,0.9317387581780001,0.26627369419122393,False
4208734427.jpg,3,0.01298279178,0.0149557778,0.019382469,0.93838234,0.0142966413357,3,0.93838234,0.93838234,0.93838234,0.019382469,0.918999871,0.31609285197823755,False
3321411338.jpg,3,0.0097502644848,0.0095318054076,0.0151148816,0.955651872,0.009951136298,3,0.955651872,0.955651872,0.955651872,0.0151148816,0.9405369904,0.24208888984817548,False
3075515456.jpg,3,0.01007160594,0.0114226232159999,0.0656445796,0.8707080700000001,0.0421531339999999,3,0.8707080700000001,0.8707080700000001,0.8707080700000001,0.0656445796,0.8050634904,0.5302002988214253,False
2170557341.jpg,3,0.00922589941,0.007286762278,0.0168724392,0.95585352,0.010761409782,3,0.95585352,0.95585352,0.95585352,0.0168724392,0.9389810808,0.23989373674626885,False
2806021040.jpg,4,0.273693156,0.304963984,0.00732100718,0.009060238,0.40496162,4,0.40496162,0.40496162,0.40496162,0.304963984,0.099997636,1.1614866338543692,False
2749588807.jpg,2,0.00978362068,0.0183498412,0.810136404,0.1010859488,0.060644194,2,0.810136404,0.810136404,0.810136404,0.1010859488,0.7090504552,0.6908473133843749,False
2610204498.jpg,3,0.009107093802,0.009556015172,0.0122394216,0.962119996,0.006977489878,3,0.962119996,0.962119996,0.962119996,0.0122394216,0.9498805744,0.21292090705624656,False
922000226.jpg,3,0.0260273644,0.0426856049999999,0.0209714761,0.856435276,0.0538802804,3,0.856435276,0.856435276,0.856435276,0.0538802804,0.8025549956,0.6007468407979764,False
3192117887.jpg,2,0.0135751186,0.01472180906,0.93332218,0.02135581876,0.0170250799999999,2,0.93332218,0.93332218,0.93332218,0.02135581876,0.91196636124,0.33636101869405777,False
2669409913.jpg,3,0.009229121324,0.067284256,0.03372164876,0.8407287379999999,0.04903623452,3,0.8407287379999999,0.8407287379999999,0.8407287379999999,0.067284256,0.7734444819999999,0.6328428589763311,False
1761544079.jpg,3,0.0138743303352,0.01386612258,0.04301229,0.917006848,0.012240418687,3,0.917006848,0.917006848,0.917006848,0.04301229,0.873994558,0.3873466970655256,False
175519615.jpg,3,0.008783447076,0.0138131878,0.2161223256,0.749684,0.0115970418,3,0.749684,0.749684,0.749684,0.2161223256,0.5335616744,0.6994932715764417,False
231687413.jpg,2,0.01041370404,0.00954629272,0.85689064,0.1157066334,0.007442741886,2,0.85689064,0.85689064,0.85689064,0.1157066334,0.7411840066000001,0.5103002070857431,False
3662840429.jpg,3,0.01184138674,0.0333453324,0.0322494269,0.913059808,0.00950403758,3,0.913059808,0.913059808,0.913059808,0.0333453324,0.8797144755999999,0.4039825431954569,False
2022734694.jpg,1,0.009102970184,0.93242014,0.015802920972,0.0330941508,0.009579789571,1,0.93242014,0.93242014,0.93242014,0.0330941508,0.8993259892,0.3308888013970422,False
228290866.jpg,3,0.0288761832,0.1849838184,0.136264422,0.450484782,0.1993907895999999,3,0.450484782,0.450484782,0.450484782,0.1993907895999999,0.2510939924000001,1.3668587060382573,False
2689770530.jpg,3,0.01571919558,0.01825964084,0.0219600516,0.910867904,0.0331932168,3,0.910867904,0.910867904,0.910867904,0.0331932168,0.8776746872,0.42030217294227956,False
3812288918.jpg,3,0.0069724801452,0.00910666622,0.010648968582,0.96478848,0.00848342463,3,0.96478848,0.96478848,0.96478848,0.010648968582,0.9541395114179999,0.2008315725087178,False
1391957751.jpg,3,0.00813835309,0.00893632882,0.043984009,0.9097266,0.0292147236,3,0.9097266,0.9097266,0.9097266,0.043984009,0.8657425910000001,0.4080045239902909,False
4194395982.jpg,3,0.0071418946139999,0.008772432049,0.00742853102,0.917326992,0.0593301832,3,0.917326992,0.917326992,0.917326992,0.0593301832,0.8579968088000001,0.3600025197084221,False
4133329748.jpg,3,0.008371260632,0.0075408312486,0.00822487201,0.96339778,0.012465245,3,0.96339778,0.96339778,0.96339778,0.012465245,0.950932535,0.20696059316566395,False
1932604522.jpg,3,0.008947066656,0.0287946686,0.1304496002,0.789211178,0.0425974982,3,0.789211178,0.789211178,0.789211178,0.1304496002,0.6587615778,0.7313039020191495,False
3358836074.jpg,3,0.006998433,0.01060516706,0.1868475512,0.673717644,0.1218311959999999,3,0.673717644,0.673717644,0.673717644,0.1868475512,0.48687009280000004,0.9189219051124341,False
1159384671.jpg,3,0.009551233632,0.009985364328,0.0082434557799999,0.956111682,0.01610823272,3,0.956111682,0.956111682,0.956111682,0.01610823272,0.94000344928,0.23938983968107824,False
2621080584.jpg,4,0.01299868602,0.00958075082,0.006317686494,0.01241177132,0.9586911,4,0.9586911,0.9586911,0.9586911,0.01299868602,0.94569241398,0.2278990323661096,False
1400687003.jpg,0,0.8737107599999999,0.0736708564,0.007165573892,0.0348577508,0.01059507,0,0.8737107599999999,0.8737107599999999,0.8737107599999999,0.0736708564,0.8000399035999999,0.5106665529440135,False
1835807693.jpg,1,0.0088453701872,0.959778598,0.010935279206,0.01494688642,0.005493893448,1,0.959778598,0.959778598,0.959778598,0.01494688642,0.94483171158,0.22201864760180776,False
967883712.jpg,3,0.007333946246,0.009387397976,0.0187885468,0.95631774,0.0081723937,3,0.95631774,0.95631774,0.95631774,0.0187885468,0.9375291932,0.23654598036192032,False
2562556347.jpg,3,0.0242021186,0.0130951924,0.0234283326,0.926071964,0.013202386264,3,0.926071964,0.926071964,0.926071964,0.0242021186,0.9018698454,0.36304039946337174,False
2713307369.jpg,4,0.444666976,0.014976107464,0.0054191034058,0.00640779818,0.5285300279999999,4,0.5285300279999999,0.5285300279999999,0.5285300279999999,0.444666976,0.08386305199999994,0.8209474190844491,False
1910888895.jpg,3,0.009155983376,0.008414620456,0.0199453048,0.947579576,0.0149045072,3,0.947579576,0.947579576,0.947579576,0.0199453048,0.9276342712,0.2749681075632302,False
229033895.jpg,3,0.010196183604,0.01084943402,0.01183365742,0.95389868,0.01322203897,3,0.95389868,0.95389868,0.95389868,0.01322203897,0.94067664103,0.2505584459123269,False
1281439622.jpg,3,0.008196996372,0.008593557054,0.01119655298,0.961550828,0.01046204986598,3,0.961550828,0.961550828,0.961550828,0.01119655298,0.95035427502,0.21595949334331532,False
4022000067.jpg,3,0.00947810178,0.00919598796,0.01259011938,0.95432326,0.0144125446,3,0.95432326,0.95432326,0.95432326,0.0144125446,0.9399107154,0.24807751692926078,False
3288339403.jpg,3,0.010029359678,0.007508292408,0.016406101,0.95337376,0.0126824675,3,0.95337376,0.95337376,0.95337376,0.016406101,0.936967659,0.2512299773459862,False
1242441980.jpg,3,0.1365203655999999,0.3953093079999999,0.064119936,0.264886012,0.1391643739999999,1,0.3953093079999999,0.264886012,0.264886012,0.3953093079999999,-0.1304232959999999,1.4412045935777529,True
3523079938.jpg,3,0.00826741906,0.005465099638,0.0319943312,0.94679085,0.00748234906,3,0.94679085,0.94679085,0.94679085,0.0319943312,0.9147965188,0.2666417756762053,False
4106389238.jpg,4,0.0827466946,0.176397284,0.01190784882,0.01378212968,0.7151660200000001,4,0.7151660200000001,0.7151660200000001,0.7151660200000001,0.176397284,0.5387687360000001,0.8638135711813641,False
2776534686.jpg,3,0.009517781078,0.00950767322,0.44772939,0.5226341160000001,0.0106110573,3,0.5226341160000001,0.5226341160000001,0.5226341160000001,0.44772939,0.07490472600000009,0.8357059663533364,False
4037316351.jpg,3,0.0281282466,0.0127984764,0.02115847304,0.92872902,0.009185757318,3,0.92872902,0.92872902,0.92872902,0.0281282466,0.9006007734,0.3495584750663376,False
1351485568.jpg,3,0.008416343856,0.072465894,0.01929812102,0.887116996,0.01270266124,3,0.887116996,0.887116996,0.887116996,0.072465894,0.814651102,0.4683072570912698,False
1848142800.jpg,3,0.009019598944,0.006656616286,0.0272942248,0.94910242,0.007927167243,3,0.94910242,0.94910242,0.94910242,0.0272942248,0.9218081952,0.26204718414961303,False
3817704326.jpg,3,0.00840727348,0.00975642522,0.0658920641999999,0.907479244,0.008465023552,3,0.907479244,0.907479244,0.907479244,0.0658920641999999,0.8415871798000001,0.39305092082864657,False
2002289812.jpg,3,0.0081345419,0.0085493937,0.073138595,0.8951817599999999,0.01499570162,3,0.8951817599999999,0.8951817599999999,0.8951817599999999,0.073138595,0.822043165,0.4332423348909345,False
3942244753.jpg,3,0.00859700014,0.0100999126878,0.01237139296,0.95416046,0.0147712504,3,0.95416046,0.95416046,0.95416046,0.0147712504,0.9393892095999999,0.2486757639038928,False
1208561216.jpg,3,0.008975677954,0.01779935232,0.5475287428,0.40358044,0.02211578712,2,0.5475287428,0.40358044,0.40358044,0.5475287428,-0.14394830279999998,0.8943036009293968,True
1367847379.jpg,2,0.008543127031,0.01073885992,0.910843536,0.0553925544,0.014481903764,2,0.910843536,0.910843536,0.910843536,0.0553925544,0.8554509816,0.39603145917022553,False
3056854411.jpg,3,0.010502202802,0.009568473698,0.009122750426,0.950917876,0.019888683384,3,0.950917876,0.950917876,0.950917876,0.019888683384,0.931029192616,0.2609591491565248,False
1335452154.jpg,3,0.010262675418,0.0095750773284,0.01843702212,0.95072464,0.0110005806698,3,0.95072464,0.95072464,0.95072464,0.01843702212,0.93228761788,0.26278358060252804,False
1333580402.jpg,0,0.735492692,0.0180977978,0.012595936,0.02241974,0.211393786,0,0.735492692,0.735492692,0.735492692,0.211393786,0.524098906,0.7673201291654064,False
1156776649.jpg,1,0.0211901373,0.94603916,0.00765714324,0.00871993242,0.01639362226,1,0.94603916,0.94603916,0.94603916,0.0211901373,0.9248490227,0.2801990750053003,False
943110824.jpg,3,0.011763865814,0.0084785974,0.0346914595999999,0.936528164,0.0085378963096,3,0.936528164,0.936528164,0.936528164,0.0346914595999999,0.9018367044000002,0.31139689087960787,False
3489692619.jpg,0,0.8490583199999999,0.0790218702,0.01682470918,0.0188528824,0.0362422592,0,0.8490583199999999,0.8490583199999999,0.8490583199999999,0.0790218702,0.7700364498,0.6033177465034648,False
114198015.jpg,3,0.00826744042,0.369632274,0.1652407679999999,0.308102348,0.148757146,1,0.369632274,0.308102348,0.308102348,0.369632274,-0.06152992599999996,1.3511966025756776,True
2647145433.jpg,3,0.007572605206,0.01027579528,0.01048592552,0.96132658,0.0103390887604,3,0.96132658,0.96132658,0.96132658,0.01048592552,0.95084065448,0.2169970933020886,False
4086892324.jpg,3,0.0092839863304,0.0100926636798,0.00903720874,0.96106916,0.01051694506,3,0.96106916,0.96106916,0.96106916,0.01051694506,0.95055221494,0.2184274325841986,False
2021948804.jpg,4,0.096775676,0.310900428,0.0051242129,0.0150007396,0.5721989599999999,4,0.5721989599999999,0.5721989599999999,0.5721989599999999,0.310900428,0.2612985319999999,0.9986881294012115,False
2895704556.jpg,3,0.0106062806,0.0618206607999999,0.01565534298,0.888471362,0.023446359358,3,0.888471362,0.888471362,0.888471362,0.0618206607999999,0.8266507012000001,0.47843610624042804,False
578279237.jpg,3,0.0098912495,0.008358057918,0.01007194639,0.961402024,0.010276739704,3,0.961402024,0.961402024,0.961402024,0.010276739704,0.951125284296,0.21684814104733544,False
258351073.jpg,3,0.009559539252,0.009107005986,0.0128383353,0.958853976,0.00964109702,3,0.958853976,0.958853976,0.958853976,0.0128383353,0.9460156407,0.22819911346222532,False
3504347958.jpg,4,0.35505191,0.266721624,0.0125614982199999,0.0159549512,0.34971002,0,0.35505191,0.34971002,0.34971002,0.35505191,-0.005341890000000016,1.2085667685440273,True
4059009090.jpg,0,0.8866970599999999,0.06926046998,0.015568973896,0.01555957246,0.01291392866,0,0.8866970599999999,0.8866970599999999,0.8866970599999999,0.06926046998,0.8174365900199999,0.4772938778473603,False
3101350755.jpg,3,0.0076758884964,0.00813953602,0.00930566374,0.936576396,0.0383024931999999,3,0.936576396,0.936576396,0.936576396,0.0383024931999999,0.8982739028000001,0.3063827001302872,False
1767778795.jpg,0,0.6440765,0.0356340666,0.0130594952,0.0482864474,0.258943492,0,0.6440765,0.6440765,0.6440765,0.258943492,0.38513300800000005,0.9550363586235286,False
2031180151.jpg,3,0.0070934943318,0.0192935182,0.036264562,0.921790276,0.0155581729,3,0.921790276,0.921790276,0.921790276,0.036264562,0.8855257139999999,0.3713993344649491,False
1633915236.jpg,3,0.0094112961919999,0.01057174372,0.015042219,0.953354542,0.011620251082,3,0.953354542,0.953354542,0.953354542,0.015042219,0.938312323,0.2524476690710646,False
3446252418.jpg,3,0.00932195982,0.00988674828,0.01454405866,0.95106565,0.01518161616,3,0.95106565,0.95106565,0.95106565,0.01518161616,0.93588403384,0.26204883297584886,False
2516082759.jpg,3,0.0081748780492,0.008577589336,0.009292953885,0.96394382,0.0100107422228,3,0.96394382,0.96394382,0.96394382,0.0100107422228,0.9539330777772,0.20507713410622605,False
405521670.jpg,3,0.008098049086,0.0087350677702,0.031214264,0.94223818,0.0097144635,3,0.94223818,0.94223818,0.94223818,0.031214264,0.911023916,0.28970388760349475,False
2616752972.jpg,3,0.01382378196,0.01350883504,0.337216156,0.5498962000000001,0.0855550316,3,0.5498962000000001,0.5498962000000001,0.5498962000000001,0.337216156,0.21268004400000007,1.0230939980170253,False
1726848787.jpg,3,0.00878218188,0.01007151513,0.01016296842,0.9590672,0.0119161602,3,0.9590672,0.9590672,0.9590672,0.0119161602,0.9471510398,0.22740138076722802,False
4149113936.jpg,2,0.040328061,0.0252249189,0.022330815,0.195840644,0.7162755999999999,4,0.7162755999999999,0.022330815,0.022330815,0.7162755999999999,-0.6939447849999999,0.8655277514729575,True
319690126.jpg,3,0.0120524966,0.008974413708,0.01590454052,0.952773996,0.01029456624596,3,0.952773996,0.952773996,0.952773996,0.01590454052,0.93686945548,0.2546188979877319,False
690967280.jpg,1,0.008710819574,0.96099563,0.0090604865439999,0.01040779118,0.010825278134,1,0.96099563,0.96099563,0.96099563,0.010825278134,0.950170351866,0.21867716025765546,False
4284191566.jpg,3,0.008534527133,0.00932827092,0.0340368544,0.941034088,0.0070662350164,3,0.941034088,0.941034088,0.941034088,0.0340368544,0.9069972336,0.29150468579733735,False
4228769241.jpg,3,0.009434606666,0.01047227194,0.0171158179,0.951864512,0.011112813918,3,0.951864512,0.951864512,0.951864512,0.0171158179,0.9347486940999999,0.25832508819084876,False
3480857039.jpg,3,0.006681638222,0.00685937216,0.0420943756,0.92723685,0.0171277952,3,0.92723685,0.92723685,0.92723685,0.0420943756,0.8851424744,0.3406958140870417,False
2676885505.jpg,3,0.008381853736,0.0152864571999999,0.01367126902,0.949868184,0.01279223472,3,0.949868184,0.949868184,0.949868184,0.0152864571999999,0.9345817268000001,0.2672861539456225,False
3343975940.jpg,0,0.207851734,0.112188008,0.1245925052,0.058941934,0.4964258119999999,4,0.4964258119999999,0.207851734,0.207851734,0.4964258119999999,-0.2885740779999999,1.345964476232914,True
2561181055.jpg,3,0.008621408649,0.010596899434,0.01074777966,0.946702516,0.02333141,3,0.946702516,0.946702516,0.946702516,0.02333141,0.9233711059999999,0.27741799686543134,False
365554294.jpg,2,0.01326677494,0.0085367866,0.8197291999999999,0.099884326,0.058582927,2,0.8197291999999999,0.8197291999999999,0.8197291999999999,0.099884326,0.719844874,0.6572820054107696,False
4067721259.jpg,3,0.013742333,0.296384,0.0200367418,0.66027342,0.00956352368,3,0.66027342,0.66027342,0.66027342,0.296384,0.36388942,0.8162457541149499,False
3093126312.jpg,3,0.012805274172,0.011972198748,0.019114402,0.94695196,0.009156177456,3,0.94695196,0.94695196,0.94695196,0.019114402,0.927837558,0.27901310862981327,False
394700634.jpg,3,0.01036255584,0.01059865514,0.00944271069,0.961005282,0.0085907756418,3,0.961005282,0.961005282,0.961005282,0.01059865514,0.95040662686,0.21866265318774455,False
1539485289.jpg,3,0.0075783736664,0.010545783648,0.008649790184,0.96348486,0.009741219718,3,0.96348486,0.96348486,0.96348486,0.010545783648,0.952939076352,0.20704977721638157,False
886507028.jpg,3,0.0088594388879999,0.00937825458,0.0140087104,0.940143218,0.02761035324,3,0.940143218,0.940143218,0.940143218,0.02761035324,0.91253286476,0.30259047372109515,False
128820265.jpg,3,0.007678986746,0.013619525556,0.03510452658,0.92600648,0.0175905165804,3,0.92600648,0.92600648,0.92600648,0.03510452658,0.89090195342,0.3557424321094302,False
1710665856.jpg,3,0.00975025962,0.0089642484964,0.0135141423,0.95782972,0.009941601408,3,0.95782972,0.95782972,0.95782972,0.0135141423,0.9443155777,0.23268470666620422,False
1690276814.jpg,3,0.00908780363,0.00889948986,0.0381662564,0.93325188,0.01059455008,3,0.93325188,0.93325188,0.93325188,0.0381662564,0.8950856236,0.32203190659459735,False
3276257158.jpg,4,0.0562737156,0.315795344,0.0155901482,0.1556433272,0.456697448,4,0.456697448,0.456697448,0.456697448,0.315795344,0.14090210400000003,1.238261818551183,False
201421885.jpg,0,0.559592544,0.163136444,0.00661027468,0.01391611178,0.256744638,0,0.559592544,0.559592544,0.559592544,0.256744638,0.302847906,1.0624172268658194,False
1138006821.jpg,3,0.0126482117,0.01433354766,0.00964199266,0.95279484,0.01058139374,3,0.95279484,0.95279484,0.95279484,0.01433354766,0.9384612923400001,0.25508252919392754,False
2247014271.jpg,3,0.0082398196115999,0.00851656848,0.00845253766,0.967270364,0.0075207228966,3,0.967270364,0.967270364,0.967270364,0.00851656848,0.95875379552,0.18944033795159065,False
1800555547.jpg,4,0.0127597801,0.00739814802,0.015259917,0.01239714542,0.95218502,4,0.95218502,0.95218502,0.95218502,0.015259917,0.9369251030000001,0.2568556599736889,False
2725369010.jpg,3,0.008819878702,0.0116693261,0.01272603384,0.954913784,0.011870925988,3,0.954913784,0.954913784,0.954913784,0.01272603384,0.94218775016,0.24588599817088025,False
1193204860.jpg,3,0.009691791306,0.0081827789636,0.0175294014,0.955502202,0.00909379768,3,0.955502202,0.955502202,0.955502202,0.0175294014,0.9379728006,0.24138173054348736,False
1414761827.jpg,3,0.01046884976,0.2223597179999999,0.0641929401999999,0.68876662,0.01421184944,3,0.68876662,0.68876662,0.68876662,0.2223597179999999,0.4664069020000001,0.8755660100306444,False
2185298493.jpg,4,0.607104376,0.0191183126,0.05571392596,0.0256704748,0.292392898,0,0.607104376,0.292392898,0.292392898,0.607104376,-0.314711478,0.9930656302578564,True
4109440762.jpg,1,0.037639406,0.1399982679999999,0.0525016217999999,0.067758078,0.70210262,4,0.70210262,0.1399982679999999,0.1399982679999999,0.70210262,-0.5621043520000001,0.9841264635307714,True
1258505000.jpg,3,0.0139314821219999,0.0324436262,0.4786891664,0.458070802,0.016864937304,2,0.4786891664,0.458070802,0.458070802,0.4786891664,-0.020618364399999978,0.9498964079201171,True
597389720.jpg,2,0.03729320782,0.0261050714,0.125008738,0.0434320688,0.768160904,4,0.768160904,0.125008738,0.125008738,0.768160904,-0.643152166,0.8165984771664838,True
3623482214.jpg,3,0.014665787916,0.00980446296,0.08206001,0.882711636,0.010758101856,3,0.882711636,0.882711636,0.882711636,0.08206001,0.8006516260000001,0.4713232348265238,False
2158861629.jpg,3,0.0066384661796,0.006830823058,0.01093437488,0.968205664,0.00739064742,3,0.968205664,0.968205664,0.968205664,0.01093437488,0.9572712891199999,0.18428295464859454,False
3363710081.jpg,4,0.010984103,0.0379563572,0.026670394,0.1302539919999999,0.79413516,4,0.79413516,0.79413516,0.79413516,0.1302539919999999,0.6638811680000001,0.7189209472253915,False
1687514090.jpg,3,0.01007298368,0.01029979514,0.00796961218,0.96384576,0.0078118381,3,0.96384576,0.96384576,0.96384576,0.01029979514,0.95354596486,0.20534932780171372,False
3574527119.jpg,4,0.01219761698,0.02533285962,0.1950980906,0.01096409684,0.756407344,4,0.756407344,0.756407344,0.756407344,0.1950980906,0.5613092533999999,0.7263559651399163,False
3688869074.jpg,2,0.0135967382,0.0285121122,0.7397141,0.20697491,0.01120216176,2,0.7397141,0.7397141,0.7397141,0.20697491,0.53273919,0.7592193273792842,False
1112896854.jpg,3,0.008505475788,0.009174473996,0.01281297162,0.948889276,0.02061777358,3,0.948889276,0.948889276,0.948889276,0.02061777358,0.9282715024199999,0.26922811742652286,False
1506979895.jpg,3,0.007172481606,0.01347440828,0.0120129353999999,0.95735598,0.0099842067,3,0.95735598,0.95735598,0.95735598,0.01347440828,0.94388157172,0.23428269299433147,False
2406905705.jpg,3,0.0095770143,0.00903640222,0.01201307529,0.959773028,0.009600464444,3,0.959773028,0.959773028,0.959773028,0.01201307529,0.94775995271,0.22417640996143998,False
2032102834.jpg,3,0.01044962724,0.01065861526,0.00816418752,0.959716246,0.01101134276,3,0.959716246,0.959716246,0.959716246,0.01101134276,0.94870490324,0.22443052576096778,False
1524851298.jpg,3,0.0075037620149999,0.007821919244,0.01376068854,0.95589654,0.01501705942,3,0.95589654,0.95589654,0.95589654,0.01501705942,0.94087948058,0.2397977096215546,False
1142600361.jpg,3,0.0101367614,0.009517002108,0.0312301639999999,0.93521474,0.01390133146,3,0.93521474,0.93521474,0.93521474,0.0312301639999999,0.9039845760000002,0.3211764586346839,False
3698178527.jpg,3,0.007997754818,0.01056264846,0.01148628098,0.95169055,0.0182627536,3,0.95169055,0.95169055,0.95169055,0.0182627536,0.9334277964000001,0.2582142778749884,False
3186269269.jpg,3,0.008729751624,0.01528308068,0.00698999128,0.96035219,0.008645012616,3,0.96035219,0.96035219,0.96035219,0.01528308068,0.9450691093200001,0.21990159200078085,False
1534825646.jpg,3,0.009378844958,0.0096202736,0.041762124,0.92511145,0.0141273071599999,3,0.92511145,0.92511145,0.92511145,0.041762124,0.8833493259999999,0.3532837415105814,False
802266352.jpg,3,0.010126378076,0.0083529951756,0.08835301,0.875360624,0.01780700954,3,0.875360624,0.875360624,0.875360624,0.08835301,0.7870076140000001,0.4891147650113181,False
2742350070.jpg,3,0.007834939236,0.00941816918,0.0291765791999999,0.9447423,0.008828020448,3,0.9447423,0.9447423,0.9447423,0.0291765791999999,0.9155657208000001,0.28050816488729186,False
2229012981.jpg,3,0.0103735542826,0.009745719816,0.00760787719,0.963461238,0.0088116238888,3,0.963461238,0.963461238,0.963461238,0.0103735542826,0.9530876837174,0.20719557921789883,False
3006063417.jpg,2,0.0102275028,0.008501015296,0.94644816,0.0273885146,0.007434801342,2,0.94644816,0.94644816,0.94644816,0.0273885146,0.9190596454,0.2744662210939368,False
3988908835.jpg,0,0.0792984474,0.01712464852,0.634176072,0.0190890072,0.250311824,2,0.634176072,0.0792984474,0.0792984474,0.634176072,-0.5548776246,0.9817171818515951,True
3349377732.jpg,3,0.00454833819,0.0252864128,0.01116031768,0.7715193279999999,0.1874856036,3,0.7715193279999999,0.7715193279999999,0.7715193279999999,0.1874856036,0.5840337243999999,0.681677648218769,False
4113877744.jpg,4,0.555779096,0.215594778,0.01980119,0.03389941482,0.174925494,0,0.555779096,0.174925494,0.174925494,0.555779096,-0.38085360199999996,1.1546073342962375,True
3421109276.jpg,3,0.0092623831488,0.0099641667082,0.008343311518,0.95481354,0.01761658464,3,0.95481354,0.95481354,0.95481354,0.01761658464,0.9371969553599999,0.24452226932583143,False
977709534.jpg,3,0.00880514218,0.0206347386,0.008561865722,0.953168232,0.00883003495946,3,0.953168232,0.953168232,0.953168232,0.0206347386,0.9325334934,0.24998684566185073,False
1519283117.jpg,4,0.0393401436,0.062865791,0.0120127048,0.0146660971999999,0.871115256,4,0.871115256,0.871115256,0.871115256,0.062865791,0.808249465,0.5364579903449695,False
1317481628.jpg,3,0.0201002159999999,0.024871175,0.014744244276,0.9335228,0.006761575575,3,0.9335228,0.9335228,0.9335228,0.024871175,0.908651625,0.33058348071199684,False
2875203815.jpg,4,0.0070292381,0.0124454456,0.00550607786,0.0441475436,0.930871682,4,0.930871682,0.930871682,0.930871682,0.0441475436,0.8867241384000001,0.3225133548124331,False
1952459381.jpg,3,0.00904930502,0.0097432021,0.007801047578,0.9630104,0.010396041224,3,0.9630104,0.9630104,0.9630104,0.010396041224,0.9526143587760001,0.20933117524074724,False
3217226349.jpg,2,0.00903871544,0.0295125898,0.934257616,0.0132108594,0.01398026516,2,0.934257616,0.934257616,0.934257616,0.0295125898,0.9047450262,0.32689864566460564,False
390615617.jpg,3,0.0355465486,0.029255182,0.0465799926,0.881297512,0.00732076562,3,0.881297512,0.881297512,0.881297512,0.0465799926,0.8347175193999999,0.5121349285843896,False
3973350310.jpg,3,0.008537272498,0.008960517032,0.022320426,0.949538424,0.0106433388,3,0.949538424,0.949538424,0.949538424,0.022320426,0.927217998,0.2652990031171576,False
177187875.jpg,3,0.007728664882,0.0102330114,0.01010641744,0.96319606,0.008735812342,3,0.96319606,0.96319606,0.96319606,0.0102330114,0.9529630486,0.20843573778979918,False
4124651871.jpg,1,0.0116321083958,0.8847501,0.03196377124,0.0618923344,0.009761661576,1,0.8847501,0.8847501,0.8847501,0.0618923344,0.8228577656,0.4875993461290244,False
4101194273.jpg,3,0.0082410586688,0.101100106,0.1733423359999999,0.708184928,0.009131584,3,0.708184928,0.708184928,0.708184928,0.1733423359999999,0.5348425920000001,0.8622526733754927,False
2265275376.jpg,1,0.01144248922,0.947924024,0.006378694666,0.0175366558,0.01671814078,1,0.947924024,0.947924024,0.947924024,0.0175366558,0.9303873682,0.27339865414082626,False
217326166.jpg,1,0.0813022716,0.8520516,0.0157537219,0.0151869726,0.0357054016,1,0.8520516,0.8520516,0.8520516,0.0813022716,0.7707493284,0.5884229951720236,False
3856935048.jpg,0,0.647686792,0.188461912,0.01796074418,0.0839980344,0.0618924898,0,0.647686792,0.647686792,0.647686792,0.188461912,0.45922488,1.0482992232629862,False
2927770833.jpg,0,0.324452574,0.27436786,0.0211021946,0.0185780648,0.3614993,4,0.3614993,0.324452574,0.324452574,0.3614993,-0.03704672600000003,1.2433369611690483,True
2043349328.jpg,3,0.0090854972022,0.008516715136,0.0120751944,0.95749766,0.01282493872,3,0.95749766,0.95749766,0.95749766,0.01282493872,0.94467272128,0.23408739462373312,False
3720541939.jpg,2,0.008901443,0.77365343,0.168320998,0.037482646,0.0116414808999999,1,0.77365343,0.168320998,0.168320998,0.77365343,-0.605332432,0.7154304506182856,True
3042287740.jpg,3,0.009294116744,0.010005821616,0.00963567412,0.959458936,0.0116054273694,3,0.959458936,0.959458936,0.959458936,0.0116054273694,0.9478535086306,0.22571056640550724,False
3997023855.jpg,1,0.0068730376699999,0.937964376,0.0095695318,0.038336716,0.0072563281799999,1,0.937964376,0.937964376,0.937964376,0.038336716,0.89962766,0.29956263777054004,False
1535644192.jpg,3,0.006930200222,0.00867512352,0.006462264322,0.969612824,0.0083195604328,3,0.969612824,0.969612824,0.969612824,0.00867512352,0.96093770048,0.17798501882176923,False
1079107547.jpg,3,0.009209405932,0.009619686426,0.0184644034,0.948142638,0.014563857,3,0.948142638,0.948142638,0.948142638,0.0184644034,0.9296782346,0.2736334425802914,False
1086499006.jpg,3,0.0085433489024,0.0201883566,0.025533208,0.93116146,0.0145736194,3,0.93116146,0.93116146,0.93116146,0.025533208,0.905628252,0.34116473223125204,False
3099868770.jpg,2,0.009290208092,0.01703669128,0.854726254,0.0223890896,0.096557771,2,0.854726254,0.854726254,0.854726254,0.096557771,0.7581684830000001,0.5577917734511482,False
1237818538.jpg,3,0.0093565962,0.01175587082,0.0108520324799999,0.95907587,0.0089596166799999,3,0.95907587,0.95907587,0.95907587,0.01175587082,0.9473199991800001,0.22735506256871088,False
4084618799.jpg,3,0.01133674026,0.0348242596,0.0296234962,0.90394767,0.02026779102,3,0.90394767,0.90394767,0.90394767,0.0348242596,0.8691234104,0.44225886856246155,False
3247553763.jpg,4,0.0173707616,0.05682093838,0.4534191199999999,0.045509368,0.42687981,2,0.4534191199999999,0.42687981,0.42687981,0.4534191199999999,-0.02653930999999987,1.0959828097895938,True
1057579024.jpg,3,0.008578475576,0.73143698,0.0658094042,0.1857889968,0.008386163372,1,0.73143698,0.1857889968,0.1857889968,0.73143698,-0.5456479832000001,0.8014455141113515,True
3135277056.jpg,3,0.0092567763419999,0.0144917739,0.0479480464,0.8667521,0.0615513679999999,3,0.8667521,0.8667521,0.8667521,0.0615513679999999,0.8052007320000001,0.545898932415713,False
1657954384.jpg,2,0.0158796974,0.01275002618,0.5433989800000001,0.01161159184,0.4163596859999999,2,0.5433989800000001,0.5433989800000001,0.5433989800000001,0.4163596859999999,0.1270392940000002,0.8693838742111399,False
249583013.jpg,3,0.0083937231292,0.013324213832,0.0101630944999999,0.96115036,0.0069686291802,3,0.96115036,0.96115036,0.96115036,0.013324213832,0.947826146168,0.21699247072676658,False
3194399372.jpg,3,0.00864937188,0.022597906,0.032699693,0.922488898,0.0135641139599999,3,0.922488898,0.922488898,0.922488898,0.032699693,0.889789205,0.3713327697167888,False
4007863717.jpg,3,0.01145363421,0.0121502263476,0.02210072704,0.9403053,0.01399011378,3,0.9403053,0.9403053,0.9403053,0.02210072704,0.91820457296,0.3066359182630287,False
3644897265.jpg,3,0.00961158064,0.0142736034,0.168886086,0.760438924,0.0467898252,3,0.760438924,0.760438924,0.760438924,0.168886086,0.591552838,0.7571943367710667,False
360024971.jpg,2,0.0077014926499999,0.007345956082,0.9689739,0.00861317213,0.00736552515,2,0.9689739,0.9689739,0.9689739,0.00861317213,0.96036072787,0.18123564649199295,False
125989393.jpg,3,0.01076456514,0.0157958294,0.0221796104,0.942441038,0.008818959126,3,0.942441038,0.942441038,0.942441038,0.0221796104,0.9202614276,0.29636458900007573,False
263656708.jpg,3,0.009591867496,0.00802041103,0.0220961588,0.948686824,0.011604691,3,0.948686824,0.948686824,0.948686824,0.0220961588,0.9265906652,0.26920287548759225,False
631221436.jpg,3,0.01014014378,0.012434320464,0.01233115356,0.92890129,0.036193077,3,0.92890129,0.92890129,0.92890129,0.036193077,0.892708213,0.343941959877882,False
3512385051.jpg,4,0.02609478122,0.0340040932,0.0466768878,0.0333653514,0.8598588840000001,4,0.8598588840000001,0.8598588840000001,0.8598588840000001,0.0466768878,0.8131819962000001,0.5964384894570269,False
2705189411.jpg,1,0.0235042736,0.2037741639999999,0.1606834636,0.345771026,0.266267072,3,0.345771026,0.2037741639999999,0.2037741639999999,0.345771026,-0.14199686200000008,1.4256281695021327,True
1967901235.jpg,3,0.01368053,0.01617544572,0.22652074,0.730231852,0.013391382338,3,0.730231852,0.730231852,0.730231852,0.22652074,0.503711112,0.7491293842592909,False
814026139.jpg,3,0.008565443372,0.01073590368,0.0128923804,0.9581831,0.009623163206,3,0.9581831,0.9581831,0.9581831,0.0128923804,0.9452907196,0.23116235299639795,False
91285032.jpg,3,0.007047096074,0.006457313864,0.0259118636,0.94823076,0.0123529077,3,0.94823076,0.94823076,0.94823076,0.0259118636,0.9223188964,0.2668205319711625,False
3740864417.jpg,3,0.00997075227,0.011829955658,0.0105753154,0.9598752,0.007748760721,3,0.9598752,0.9598752,0.9598752,0.011829955658,0.948045244342,0.22351623604504328,False
2084810608.jpg,4,0.01466973654,0.0140539104,0.01246766052,0.163802704,0.795005976,4,0.795005976,0.795005976,0.795005976,0.163802704,0.631203272,0.65525209045344,False
2103640329.jpg,2,0.00805504066,0.106393358,0.36057225,0.5009119200000001,0.02406743044,3,0.5009119200000001,0.36057225,0.36057225,0.5009119200000001,-0.14033967000000008,1.0810194057834,True
313840458.jpg,3,0.00919312294,0.0239249872,0.160466538,0.7979795080000001,0.008435849716,3,0.7979795080000001,0.7979795080000001,0.7979795080000001,0.160466538,0.6375129700000001,0.6463833841017896,False
1864285719.jpg,3,0.013667948,0.01048283348,0.0153798416,0.952287524,0.008181855556,3,0.952287524,0.952287524,0.952287524,0.0153798416,0.9369076824,0.2565358848084433,False
1150608601.jpg,3,0.008316399678,0.009372000772,0.007136826384,0.959309024,0.0158657499999999,3,0.959309024,0.959309024,0.959309024,0.0158657499999999,0.943443274,0.22446563479800985,False
3391940260.jpg,2,0.02829954908,0.071396988,0.63216631,0.235050814,0.0330863706,2,0.63216631,0.63216631,0.63216631,0.235050814,0.397115496,1.0323728562151742,False
830574932.jpg,0,0.7825262399999999,0.0522367144,0.00811511936,0.00746615262,0.149655766,0,0.7825262399999999,0.7825262399999999,0.7825262399999999,0.149655766,0.632870474,0.705988138786006,False
2707207245.jpg,4,0.09828857848,0.01966909138,0.0177278068,0.01527244564,0.84904212,4,0.84904212,0.84904212,0.84904212,0.09828857848,0.75075354152,0.5795857445281816,False
1650282539.jpg,3,0.0101597067,0.0366048166,0.05003937,0.890625338,0.012570777154,3,0.890625338,0.890625338,0.890625338,0.05003937,0.840585968,0.47574148087769064,False
2295281657.jpg,1,0.01764716148,0.946746698,0.0069750772276,0.013963129,0.01466794788,1,0.946746698,0.946746698,0.946746698,0.01764716148,0.92909953652,0.27925899389364994,False
239700501.jpg,2,0.007396651328,0.0474382363,0.7603586,0.164972775,0.01983372098,2,0.7603586,0.7603586,0.7603586,0.164972775,0.595385825,0.7642446740510485,False
3422450809.jpg,2,0.0123640956,0.01344547766,0.75818188,0.2055716568,0.01043690914832,2,0.75818188,0.75818188,0.75818188,0.2055716568,0.5526102232,0.6949657106993158,False
3953331047.jpg,3,0.013919714356,0.009562900556,0.009338410652,0.958238336,0.0089406717868,3,0.958238336,0.958238336,0.958238336,0.013919714356,0.9443186216439999,0.23066116328262046,False
2175090546.jpg,3,0.0094657742046,0.007897800456,0.01432184182,0.955437564,0.01287702604,3,0.955437564,0.955437564,0.955437564,0.01432184182,0.9411157221800001,0.24275516162732746,False
396152951.jpg,3,0.0460216596,0.0427031333999999,0.397688984,0.4864126199999999,0.027173594,3,0.4864126199999999,0.4864126199999999,0.4864126199999999,0.397688984,0.08872363599999988,1.0915821854375736,False
190928103.jpg,2,0.008214725324,0.009725039452,0.9003898319999999,0.015875991024,0.06579445362,2,0.9003898319999999,0.9003898319999999,0.9003898319999999,0.06579445362,0.8345953783799999,0.4237924771162732,False
1289985467.jpg,1,0.0088603894664,0.947922228,0.014543358692,0.0198373832,0.0088365917064,1,0.947922228,0.947922228,0.947922228,0.0198373832,0.9280848448000001,0.2736538526845279,False
1321561951.jpg,4,0.0358649978,0.0274783026,0.197383584,0.032750158,0.706522972,4,0.706522972,0.706522972,0.706522972,0.197383584,0.509139388,0.8958147674276675,False
1220197.jpg,3,0.00806296286,0.01055188624,0.13942692,0.83269302,0.00926520526,3,0.83269302,0.83269302,0.83269302,0.13942692,0.6932661,0.5574275731538526,False
1383484107.jpg,4,0.0124336208,0.00993868242,0.0215943096,0.0427763259999999,0.91325708,4,0.91325708,0.91325708,0.91325708,0.0427763259999999,0.8704807540000001,0.40089047284818113,False
1904073700.jpg,3,0.0108101089,0.014608246,0.276933184,0.676545232,0.02110318782,3,0.676545232,0.676545232,0.676545232,0.276933184,0.39961204800000005,0.8120408121248156,False
2822226984.jpg,3,0.010372886424,0.009990425168,0.0189265946,0.950102796,0.010607270898,3,0.950102796,0.950102796,0.950102796,0.0189265946,0.9311762014,0.2653457172302085,False
2963193428.jpg,2,0.0277920742,0.0218843092,0.881847464,0.0381427446,0.0303333986,2,0.881847464,0.881847464,0.881847464,0.0381427446,0.8437047194,0.5247215535749493,False
2765983833.jpg,3,0.009112784,0.01040076164,0.02434821636,0.9000716400000001,0.0560666052,3,0.9000716400000001,0.9000716400000001,0.9000716400000001,0.0560666052,0.8440050348000001,0.4370623074624497,False
2265654382.jpg,3,0.008483496296,0.00946145417,0.014689433544,0.95813978,0.009225817788,3,0.95813978,0.95813978,0.95813978,0.014689433544,0.943450346456,0.23075862553895854,False
314175675.jpg,4,0.0449129616,0.1325720044,0.011264678878,0.011154879056,0.80009546,4,0.80009546,0.80009546,0.80009546,0.1325720044,0.6675234556,0.686371040885402,False
291024116.jpg,3,0.0082680711,0.0094302574664,0.009067580644,0.96437038,0.0088637414658,3,0.96437038,0.96437038,0.96437038,0.0094302574664,0.9549401225335999,0.20315010433415026,False
2480152514.jpg,3,0.01453514578,0.00869553392,0.02125763052,0.94101621,0.01449550326,3,0.94101621,0.94101621,0.94101621,0.02125763052,0.9197585794800001,0.3032064631892965,False
3119447411.jpg,3,0.01075053198,0.00914080982,0.00987218586,0.959941184,0.01029531112,3,0.959941184,0.959941184,0.959941184,0.01075053198,0.94919065202,0.2235938197586603,False
2398365273.jpg,3,0.0101815712,0.00942573608,0.0193199802,0.9500819,0.01099082534,3,0.9500819,0.9500819,0.9500819,0.0193199802,0.9307619198,0.26514494149898427,False
4016154109.jpg,3,0.009741087464,0.00976060382,0.0349485832,0.93799584,0.0075538885812,3,0.93799584,0.93799584,0.93799584,0.0349485832,0.9030472568,0.3044607801329565,False
3279881598.jpg,1,0.8041122599999999,0.0325811338,0.0307046796,0.0350923329999999,0.0975096179999999,0,0.8041122599999999,0.0325811338,0.0325811338,0.8041122599999999,-0.7715311261999999,0.7383576539560179,True
2603943138.jpg,3,0.007265989296,0.0485155568,0.18595574,0.7466966859999999,0.01156604222,3,0.7466966859999999,0.7466966859999999,0.7466966859999999,0.18595574,0.5607409459999999,0.7650950961449365,False
2952187496.jpg,1,0.3059821516,0.5500843419999999,0.0644722158,0.0390466432,0.0404146548,1,0.5500843419999999,0.5500843419999999,0.5500843419999999,0.3059821516,0.24410219039999992,1.1241822978342562,False
4201154907.jpg,3,0.008729530288,0.01015419108,0.008108958482,0.965733912,0.00727339774112,3,0.965733912,0.965733912,0.965733912,0.01015419108,0.95557972092,0.19651937467093888,False
2956931145.jpg,3,0.0076473679096,0.008252338398,0.0113388766,0.961913666,0.0108477054,3,0.961913666,0.961913666,0.961913666,0.0113388766,0.9505747894,0.2140744698938335,False
3494510902.jpg,3,0.0084898564074,0.009147503801,0.00865268623,0.95688208,0.01682783942,3,0.95688208,0.95688208,0.95688208,0.01682783942,0.94005424058,0.23543900309499316,False
3744017930.jpg,3,0.009370126754,0.007546477402,0.00933237736,0.964100952,0.00965009096,3,0.964100952,0.964100952,0.964100952,0.00965009096,0.95445086104,0.20429067244393428,False
4267414655.jpg,1,0.76226254,0.065444326,0.1000854738,0.059198884,0.01300881445,0,0.76226254,0.065444326,0.065444326,0.76226254,-0.6968182140000001,0.8395668755859653,True
3984703972.jpg,3,0.0091965935239999,0.01055569718,0.01115702918,0.956214524,0.0128761800236,3,0.956214524,0.956214524,0.956214524,0.0128761800236,0.9433383439763999,0.24017509505319745,False
3809163419.jpg,0,0.533881914,0.0322553578,0.01157151602,0.00978745644,0.4125037379999999,0,0.533881914,0.533881914,0.533881914,0.4125037379999999,0.12137817600000006,0.9079802901936742,False
4103428960.jpg,2,0.0170985602,0.0462176476,0.76658574,0.1572166488,0.0128813938956,2,0.76658574,0.76658574,0.76658574,0.1572166488,0.6093690912,0.7623571477116519,False
3232568726.jpg,3,0.014252846828,0.008453656852,0.0088280278,0.96085994,0.00760558205,3,0.96085994,0.96085994,0.96085994,0.014252846828,0.946607093172,0.2181621822052662,False
852886751.jpg,3,0.008523122424,0.006447511186,0.1213921407999999,0.819208556,0.0444286942,3,0.819208556,0.819208556,0.819208556,0.1213921407999999,0.6978164152,0.6308261650622582,False
1206348025.jpg,3,0.0114788172902,0.009295262106,0.0173216678,0.92038236,0.0415219046,3,0.92038236,0.92038236,0.92038236,0.0415219046,0.8788604553999999,0.3734813833967775,False
2705886783.jpg,3,0.00941157211,0.00782258846,0.0122682286,0.95899131,0.01150631584,3,0.95899131,0.95899131,0.95899131,0.0122682286,0.9467230814,0.2273774895364568,False
751472775.jpg,0,0.423124222,0.349224504,0.0115437188,0.0110267007,0.2050808459999999,0,0.423124222,0.423124222,0.423124222,0.349224504,0.073899718,1.1574487400352405,False
1942233808.jpg,3,0.008346411546,0.0072527217131999,0.008521219474,0.967314144,0.008565513822,3,0.967314144,0.967314144,0.967314144,0.008565513822,0.958748630178,0.18919791707316946,False
3562291336.jpg,4,0.074669622,0.105988788,0.02057061346,0.0202565818,0.7785144239999999,4,0.7785144239999999,0.7785144239999999,0.7785144239999999,0.105988788,0.6725256359999999,0.7854224248485522,False
2647322567.jpg,0,0.854639808,0.054949949,0.008757603921,0.00724883584,0.074403824,0,0.854639808,0.854639808,0.854639808,0.074403824,0.7802359839999999,0.5641968130463777,False
2219335308.jpg,3,0.0112992386,0.009683745406,0.0221239392,0.947812602,0.00908048502,3,0.947812602,0.947812602,0.947812602,0.0221239392,0.9256886628,0.273372010806911,False
778101302.jpg,4,0.102929712,0.506304348,0.0089694459,0.0364153715999999,0.345381098,1,0.506304348,0.345381098,0.345381098,0.506304348,-0.16092325000000002,1.1087256129498013,True
1744145648.jpg,3,0.00605115225,0.0108881212,0.0303384336,0.936112656,0.0166095916,3,0.936112656,0.936112656,0.936112656,0.0303384336,0.9057742224,0.31602866032858257,False
2254620180.jpg,3,0.008602581229,0.010109695632,0.00908828956,0.96078308,0.011416383964,3,0.96078308,0.96078308,0.96078308,0.011416383964,0.949366696036,0.2195795634478366,False
1681857148.jpg,3,0.031851157244,0.0173511258,0.0092030620779999,0.92327458,0.01832003808,3,0.92327458,0.92327458,0.92327458,0.031851157244,0.891423422756,0.37024940134960715,False
762558370.jpg,3,0.0094297360919999,0.008552350646,0.0223061304,0.95152974,0.0081820624016,3,0.95152974,0.95152974,0.95152974,0.0223061304,0.9292236096000001,0.25612707607194757,False
2301906836.jpg,1,0.0197281234,0.869098438,0.0121534784,0.0314469494,0.067573018,1,0.869098438,0.869098438,0.869098438,0.067573018,0.8015254199999999,0.5438468654690136,False
275310206.jpg,3,0.007627128898,0.0099999757399999,0.01251724782,0.96027616,0.0095794664975,3,0.96027616,0.96027616,0.96027616,0.01251724782,0.9477589121800001,0.2215263089539816,False
4019214613.jpg,3,0.00808246858,0.009614377816,0.009930483718,0.9599263,0.01244635108,3,0.9599263,0.9599263,0.9599263,0.01244635108,0.94747994892,0.223250157991955,False
2612731695.jpg,3,0.056751306,0.0223863404,0.095049763,0.7454727160000001,0.0803398776,3,0.7454727160000001,0.7454727160000001,0.7454727160000001,0.095049763,0.6504229530000001,0.8931110306805559,False
1075841093.jpg,3,0.0094937781799999,0.0153612386,0.0217273038,0.905510336,0.0479073644,3,0.905510336,0.905510336,0.905510336,0.0479073644,0.8576029716,0.42700237069128344,False
664943933.jpg,4,0.072135288,0.0131260586,0.01275258398,0.0102067212,0.8917793399999999,4,0.8917793399999999,0.8917793399999999,0.8917793399999999,0.072135288,0.8196440519999999,0.4510994373374054,False
3049252354.jpg,3,0.007619963258,0.0141670822,0.139895554,0.8267711179999999,0.01154631272,3,0.8267711179999999,0.8267711179999999,0.8267711179999999,0.139895554,0.6868755639999999,0.5814113117374334,False
2806814131.jpg,3,0.01008427252,0.0119254904,0.0833218162,0.8197006200000001,0.0749678095999999,3,0.8197006200000001,0.8197006200000001,0.8197006200000001,0.0833218162,0.7363788038000001,0.6634210547015053,False
2807877356.jpg,3,0.007184121088,0.009681144398,0.01419044256,0.934288976,0.0346552829999999,3,0.934288976,0.934288976,0.934288976,0.0346552829999999,0.8996336930000002,0.32076477264960157,False
3037049633.jpg,3,0.00722394894,0.00979298631,0.01137480682,0.959908384,0.011699893,3,0.959908384,0.959908384,0.959908384,0.011699893,0.948208491,0.22315767692993682,False
3642529029.jpg,3,0.00842747884,0.0174968702,0.00985164712,0.95715291,0.0070710894288,3,0.95715291,0.95715291,0.95715291,0.0174968702,0.9396560398,0.23348519460132958,False
764879606.jpg,4,0.0249470626,0.069694868,0.308491298,0.15313641,0.4437303399999999,4,0.4437303399999999,0.4437303399999999,0.4437303399999999,0.308491298,0.13523904199999986,1.288422654932813,False
4253761974.jpg,4,0.0317242792,0.018883006,0.0207040952,0.089170875,0.839517714,4,0.839517714,0.839517714,0.839517714,0.089170875,0.750346839,0.6271034379270217,False
2215986164.jpg,3,0.00844624639,0.009551020356,0.0155903787999999,0.9493046,0.0171077404,3,0.9493046,0.9493046,0.9493046,0.0171077404,0.9321968596000001,0.2686048564126117,False
3362457506.jpg,3,0.007263093528,0.007734705818,0.00952985064,0.944424756,0.0310475976,3,0.944424756,0.944424756,0.944424756,0.0310475976,0.9133771584,0.2795283331241417,False
1885492446.jpg,2,0.0442308466,0.048608103,0.312734836,0.01183394668,0.58259224,4,0.58259224,0.312734836,0.312734836,0.58259224,-0.26985740399999997,1.0156990141462605,True
3124400463.jpg,3,0.01089133486,0.0090789457399999,0.0802827222,0.88980864,0.0099383484764,3,0.88980864,0.88980864,0.88980864,0.0802827222,0.8095259178,0.4441164168820168,False
1090266454.jpg,3,0.0085279180602,0.0083398252019999,0.01309560182,0.96237571,0.007660939824,3,0.96237571,0.96237571,0.96237571,0.01309560182,0.94928010818,0.21155519392609967,False
870967605.jpg,3,0.010169955012,0.009616713668,0.01204877794,0.957150036,0.01101448141,3,0.957150036,0.957150036,0.957150036,0.01204877794,0.94510125806,0.2361442560540957,False
2558709233.jpg,4,0.02837136004,0.01101753488,0.00683542672,0.0295981688,0.924177496,4,0.924177496,0.924177496,0.924177496,0.0295981688,0.8945793272,0.36187763042716314,False
3493323158.jpg,3,0.0079359390165,0.007681062702,0.0102056047,0.95505227,0.01912512568,3,0.95505227,0.95505227,0.95505227,0.01912512568,0.93592714432,0.24216640583726534,False
4188579631.jpg,3,0.01128547972,0.0246729683,0.0126638815,0.943526464,0.00785122107718,3,0.943526464,0.943526464,0.943526464,0.0246729683,0.9188534957,0.290179340796704,False
509573595.jpg,3,0.0084121194424,0.0087267600184,0.01358472408,0.959103872,0.0101725847199999,3,0.959103872,0.959103872,0.959103872,0.01358472408,0.94551914792,0.2266893153977736,False
220707732.jpg,2,0.01147473342,0.01455619736,0.937516956,0.0267694963,0.009682623404,2,0.937516956,0.937516956,0.937516956,0.0267694963,0.9107474596999999,0.31514368549168514,False
3172430646.jpg,3,0.0085854726908,0.008576176404,0.01378731604,0.960512462,0.0085385565399999,3,0.960512462,0.960512462,0.960512462,0.01378731604,0.9467251459599999,0.22009191269189476,False
2600950317.jpg,3,0.007937624678,0.010161281722,0.01018324346,0.963901408,0.0078164366289,3,0.963901408,0.963901408,0.963901408,0.01018324346,0.95371816454,0.20509068959950222,False
3887762313.jpg,0,0.0430571448,0.249151346,0.01830920878,0.01073840674,0.6787438960000001,4,0.6787438960000001,0.0430571448,0.0430571448,0.6787438960000001,-0.6356867512000001,0.8666202473907128,True
1323334775.jpg,3,0.22668072,0.255580464,0.018271165,0.484123776,0.0153438516,3,0.484123776,0.484123776,0.484123776,0.255580464,0.228543312,1.1735213441680798,False
2454437891.jpg,4,0.752857804,0.1628792339999999,0.00642095434,0.01280366618,0.0650383462,0,0.752857804,0.0650383462,0.0650383462,0.752857804,-0.6878194578,0.7752531767547833,True
3609260930.jpg,4,0.0942873576,0.0341856416,0.0266336754,0.0092074198,0.835685888,4,0.835685888,0.835685888,0.835685888,0.0942873576,0.7413985304,0.6277921501692476,False
1277936443.jpg,3,0.00822044654,0.0144931126,0.018318368,0.95172568,0.00724239477,3,0.95172568,0.95172568,0.95172568,0.018318368,0.933407312,0.2568822010167635,False
2746509855.jpg,3,0.010940456772,0.00881612156,0.0094774099199999,0.958238064,0.0125279065,3,0.958238064,0.958238064,0.958238064,0.0125279065,0.9457101575,0.23101087444715784,False
2339196209.jpg,4,0.0500118596,0.0145265422799999,0.0091690569179999,0.01002345142,0.916269076,4,0.916269076,0.916269076,0.916269076,0.0500118596,0.8662572164,0.3805634284219854,False
418261395.jpg,3,0.0079003860366,0.008224734292,0.00762587931,0.96717852,0.009070504684,3,0.96717852,0.96717852,0.96717852,0.009070504684,0.9581080153160001,0.18984661484646834,False
3672292589.jpg,3,0.0078361600452,0.007782302084,0.01086386222,0.929336778,0.0441808964,3,0.929336778,0.929336778,0.929336778,0.0441808964,0.8851558816,0.330843745881912,False
2078445415.jpg,3,0.009026386742,0.0116838538,0.3903207479999999,0.5564697780000001,0.0324992178,3,0.5564697780000001,0.5564697780000001,0.5564697780000001,0.3903207479999999,0.1661490300000002,0.8992193639158141,False
3141772785.jpg,3,0.008779413296,0.0503666023999999,0.0582349392,0.8685809999999999,0.014038022396,3,0.8685809999999999,0.8685809999999999,0.8685809999999999,0.0582349392,0.8103460607999999,0.5399323439181749,False
2979455354.jpg,3,0.00713141996,0.008259092616,0.01254931342,0.93811038,0.033949811496,3,0.93811038,0.93811038,0.93811038,0.033949811496,0.9041605685040001,0.3045901611234023,False
262606974.jpg,1,0.240490364,0.4526724239999999,0.0106982401,0.0222327562,0.273906224,1,0.4526724239999999,0.4526724239999999,0.4526724239999999,0.273906224,0.17876619999999993,1.1893663484457797,False
428166614.jpg,3,0.009366004592,0.00760923494,0.0208110612,0.952541482,0.0096722226714,3,0.952541482,0.952541482,0.952541482,0.0208110612,0.9317304208,0.2526310908019263,False
486827297.jpg,3,0.02127460822,0.0202743348,0.0178343066,0.878132092,0.0624846448,3,0.878132092,0.878132092,0.878132092,0.0624846448,0.8156474471999999,0.5201420884432566,False
1117033254.jpg,1,0.00741599618,0.96667657,0.009799088176,0.007146005936,0.0089623496399999,1,0.96667657,0.96667657,0.96667657,0.009799088176,0.956877481824,0.19202103741500431,False
987636835.jpg,1,0.0383917144,0.801067662,0.02686285618,0.01916166228,0.114516127,1,0.801067662,0.801067662,0.801067662,0.114516127,0.686551535,0.723943985566426,False
3254381404.jpg,2,0.007486519744,0.0071536979104,0.026736088,0.9505287,0.00809502328,3,0.9505287,0.026736088,0.026736088,0.9505287,-0.923792612,0.256031885809218,True
440064041.jpg,3,0.0100373716,0.048232671,0.0187136272,0.8364581959999999,0.086558128,3,0.8364581959999999,0.8364581959999999,0.8364581959999999,0.086558128,0.749900068,0.6280425928065264,False
301572737.jpg,1,0.493879012,0.295615064,0.0087538059,0.00732407056,0.194428052,0,0.493879012,0.295615064,0.295615064,0.493879012,-0.19826394800000002,1.1045802331976238,True
74548158.jpg,3,0.0218846792,0.01809023164,0.0257142808,0.917172884,0.01713788458,3,0.917172884,0.917172884,0.917172884,0.0257142808,0.8914586031999999,0.3993486936923495,False
1985341761.jpg,3,0.0108808728874,0.013827593228,0.017290077,0.940537276,0.017464190698,3,0.940537276,0.940537276,0.940537276,0.017464190698,0.923073085302,0.30689025902893274,False
3943522755.jpg,1,0.156539938,0.5114156999999999,0.2632113339999999,0.0498411886,0.0189918314,1,0.5114156999999999,0.5114156999999999,0.5114156999999999,0.2632113339999999,0.248204366,1.209318063368847,False
544308898.jpg,3,0.00833821825,0.017160472,0.0267739634,0.940638352,0.007089022398,3,0.940638352,0.940638352,0.940638352,0.0267739634,0.9138643886,0.29925341387791443,False
3817468539.jpg,2,0.0167954986,0.010761614744,0.1375027896,0.0128747561999999,0.82206534,4,0.82206534,0.1375027896,0.1375027896,0.82206534,-0.6845625503999999,0.6073361022042121,True
738403041.jpg,3,0.01152989626,0.0095734243799999,0.0547183719999999,0.91205022,0.0121280829164,3,0.91205022,0.91205022,0.91205022,0.0547183719999999,0.8573318480000002,0.39242309212085685,False
3356154075.jpg,4,0.0092663758,0.0227519333999999,0.1213209815999999,0.01111808422,0.835542642,4,0.835542642,0.835542642,0.835542642,0.1213209815999999,0.7142216604,0.5855039404271866,False
2604713994.jpg,1,0.0773079248,0.607018876,0.0387234604,0.0571924261999999,0.21975729,1,0.607018876,0.607018876,0.607018876,0.21975729,0.38726158600000005,1.123457894250532,False
2516136783.jpg,3,0.0092203663286,0.008098318146,0.01883731428,0.956763196,0.007080758773,3,0.956763196,0.956763196,0.956763196,0.01883731428,0.93792588172,0.23437302778626895,False
3677539514.jpg,1,0.03430910036,0.91164268,0.01302875108,0.0223711314,0.01864829934,1,0.91164268,0.91164268,0.91164268,0.03430910036,0.87733357964,0.415855617955373,False
1272381477.jpg,4,0.6719415639999999,0.208145328,0.01932923,0.0251217528,0.0754621319999999,0,0.6719415639999999,0.0754621319999999,0.0754621319999999,0.6719415639999999,-0.596479432,0.9576695282665989,True
464249040.jpg,4,0.517409718,0.053743602,0.013092296448,0.005693034968,0.4100613399999999,0,0.517409718,0.4100613399999999,0.4100613399999999,0.517409718,-0.10734837800000013,0.9497905691307921,True
586687554.jpg,3,0.009736633306,0.00699437667,0.010285727,0.8998679039999999,0.073115351,3,0.8998679039999999,0.8998679039999999,0.8998679039999999,0.073115351,0.826752553,0.413078803153407,False
2804918430.jpg,3,0.009112409796,0.00973481316,0.00948820376,0.96303452,0.00863005712976,3,0.96303452,0.96303452,0.96303452,0.00973481316,0.95329970684,0.20938461220523563,False
212528266.jpg,3,0.007296247536,0.00725951981938,0.0127684652,0.963462476,0.0092133263664,3,0.963462476,0.963462476,0.963462476,0.0127684652,0.9506940108,0.20638275747718732,False
1381222280.jpg,3,0.007645817886,0.10385853,0.0340909534,0.837760544,0.016644154542,3,0.837760544,0.837760544,0.837760544,0.10385853,0.733902014,0.6041298552733017,False
854883118.jpg,3,0.006766947004,0.0168221576,0.01239546628,0.951316144,0.012699278984,3,0.951316144,0.951316144,0.951316144,0.0168221576,0.9344939863999999,0.2598733303708065,False
484625436.jpg,3,0.0165567598,0.0410983075999999,0.542986328,0.391586078,0.0077725550844,2,0.542986328,0.391586078,0.391586078,0.542986328,-0.15140025000000001,0.9355458122305177,True
1093908406.jpg,4,0.0248016182,0.181889678,0.246369206,0.0167358082,0.5302036720000001,4,0.5302036720000001,0.5302036720000001,0.5302036720000001,0.246369206,0.28383446600000006,1.151700845601495,False
495499602.jpg,3,0.01397279842,0.0139680626,0.308085678,0.6543063199999999,0.009667162478,3,0.6543063199999999,0.6543063199999999,0.6543063199999999,0.308085678,0.3462206419999999,0.8044528696776743,False
2135860230.jpg,3,0.007911158876,0.00639837794,0.0439588376,0.93343074,0.0083008986,3,0.93343074,0.93343074,0.93343074,0.0439588376,0.8894719024000001,0.31203362623744957,False
1785801012.jpg,3,0.007603046504,0.00665799033,0.01283719184,0.96326344,0.009638324634,3,0.96326344,0.96326344,0.96326344,0.01283719184,0.95042624816,0.20717201532161647,False
681073401.jpg,4,0.03390829418,0.01317854296,0.012422386,0.113781778,0.8267089999999999,4,0.8267089999999999,0.8267089999999999,0.8267089999999999,0.113781778,0.7129272219999999,0.6309400162410514,False
3222453673.jpg,2,0.0126493248,0.012394894384,0.940362632,0.023444817784,0.0111483316399999,2,0.940362632,0.940362632,0.940362632,0.023444817784,0.916917814216,0.3056404696522201,False
3105818725.jpg,0,0.8372674,0.050723802,0.0090007024999999,0.0124217923,0.0905862579999999,0,0.8372674,0.8372674,0.8372674,0.0905862579999999,0.7466811420000001,0.614381061519481,False
3772064912.jpg,2,0.012485538736,0.013367451338,0.944528916,0.019226219384,0.010391831142,2,0.944528916,0.944528916,0.944528916,0.019226219384,0.925302696616,0.2897381356078948,False
2263561616.jpg,2,0.0143635312,0.0191615986999999,0.873398922,0.0159391217,0.0771368284,2,0.873398922,0.873398922,0.873398922,0.0771368284,0.7962620936,0.5185620402061777,False
3238638493.jpg,3,0.0081246269999999,0.058819642,0.01242812862,0.8944645500000001,0.0261630312,3,0.8944645500000001,0.8944645500000001,0.8944645500000001,0.058819642,0.8356449080000001,0.4553694248555472,False
4255843801.jpg,2,0.013721401,0.0832124123999999,0.8670730999999999,0.01513088598,0.0208622373999999,2,0.8670730999999999,0.8670730999999999,0.8670730999999999,0.0832124123999999,0.7838606876,0.5335633919725264,False
2531474935.jpg,3,0.015336131298,0.013112176,0.00858035858,0.46348996,0.499481378,4,0.499481378,0.46348996,0.46348996,0.499481378,-0.035991418,0.864868674657606,True
4227613635.jpg,3,0.006791067442,0.0071747285719999,0.00866055544,0.957007454,0.02036615852,3,0.957007454,0.957007454,0.957007454,0.02036615852,0.93664129548,0.23181200270083174,False
219893328.jpg,3,0.01748828448,0.0193644035799999,0.1821347451999999,0.643634154,0.137378432,3,0.643634154,0.643634154,0.643634154,0.1821347451999999,0.4614994088000001,1.0136174576175045,False
3822534983.jpg,2,0.01063089792,0.060891185,0.01061025238,0.906713224,0.0111544145,3,0.906713224,0.01061025238,0.01061025238,0.906713224,-0.89610297162,0.4058972827275894,True
3727711580.jpg,0,0.0794435006,0.0162139408,0.1497907608,0.0288585424,0.725693264,4,0.725693264,0.0794435006,0.0794435006,0.725693264,-0.6462497634,0.8874104900439443,True
3452736649.jpg,0,0.3303729079999999,0.0183744406,0.150956023,0.021253336,0.47904332,4,0.47904332,0.3303729079999999,0.3303729079999999,0.47904332,-0.14867041200000009,1.1591709520117823,True
265704323.jpg,2,0.0227088348,0.01490136594,0.92750444,0.016972532804,0.017912825598,2,0.92750444,0.92750444,0.92750444,0.0227088348,0.9047956052,0.3596668624682644,False
1999438235.jpg,2,0.00985008724,0.009270782516,0.951349198,0.01729599562,0.01223391874,2,0.951349198,0.951349198,0.951349198,0.01729599562,0.93405320238,0.26040056879354617,False
2344592304.jpg,4,0.0108864549,0.100815305504,0.033447411016,0.0053619933744,0.849488836,4,0.849488836,0.849488836,0.849488836,0.100815305504,0.748673530496,0.5607772952887573,False
2595356168.jpg,3,0.0137994735,0.0880999488,0.0909764464,0.7403658,0.0667583522,3,0.7403658,0.7403658,0.7403658,0.0909764464,0.6493893535999999,0.894464457841615,False
215124252.jpg,3,0.0098546738,0.01137913556,0.01249584344,0.953924944,0.01234540064,3,0.953924944,0.953924944,0.953924944,0.01249584344,0.9414291005600001,0.2504691283799204,False
3513035899.jpg,3,0.0188297768,0.01301244278,0.01870558607,0.8806766,0.0687755912,3,0.8806766,0.8806766,0.8806766,0.0687755912,0.8119010088,0.5017329772540895,False
1204449633.jpg,3,0.008659698942,0.008922848752,0.00652785719,0.968084192,0.0078054200044,3,0.968084192,0.968084192,0.968084192,0.008922848752,0.959161343248,0.18536000397665753,False
2055911260.jpg,2,0.01697773862,0.0240116677999999,0.443771088,0.02806838482,0.48717112,4,0.48717112,0.443771088,0.443771088,0.48717112,-0.04340003200000003,0.9699192955976196,True
3279751533.jpg,1,0.0073918793438,0.96493701,0.007477171058,0.007800536828,0.01239341906,1,0.96493701,0.96493701,0.96493701,0.01239341906,0.95254359094,0.19959798120720557,False
3388533190.jpg,3,0.00831824204,0.0187654354,0.0272639134,0.93042854,0.01522387474,3,0.93042854,0.93042854,0.93042854,0.0272639134,0.9031646266,0.34345834312569196,False
3333295936.jpg,3,0.0087516309,0.01282487676,0.00712062848,0.96292296,0.008379926424,3,0.96292296,0.96292296,0.96292296,0.01282487676,0.95009808324,0.209002554936197,False
3308263183.jpg,3,0.0089235058788,0.0081349902384,0.0097468534179999,0.9622749,0.01091974474,3,0.9622749,0.9622749,0.9622749,0.01091974474,0.95135515526,0.21271948194482115,False
876953624.jpg,3,0.009545871912,0.0097512310748,0.01300890886,0.956835934,0.01085806517,3,0.956835934,0.956835934,0.956835934,0.01300890886,0.94382702514,0.23737016954888335,False
2737692918.jpg,0,0.509202532,0.357117542,0.01333610174,0.0137791404,0.1065646912,0,0.509202532,0.509202532,0.509202532,0.357117542,0.15208498999999998,1.0665985225254588,False
3880254716.jpg,0,0.540213464,0.102702964,0.029248754,0.1406753872,0.187159464,0,0.540213464,0.540213464,0.540213464,0.187159464,0.35305400000000003,1.2592533291796157,False
1546196527.jpg,2,0.009957125388,0.01765211732,0.86807604,0.011904776938,0.09240988,2,0.86807604,0.86807604,0.86807604,0.09240988,0.7756661600000001,0.5127927343658116,False
2238956267.jpg,3,0.009693023798,0.01366338392,0.0125377194,0.95436458,0.0097413024222,3,0.95436458,0.95436458,0.95436458,0.01366338392,0.94070119608,0.24819406938469374,False
1874752223.jpg,2,0.0135120697999999,0.120076174,0.5754979360000001,0.268760878,0.0221529315,2,0.5754979360000001,0.5754979360000001,0.5754979360000001,0.268760878,0.3067370580000001,1.06818088047082,False
3926636513.jpg,3,0.0073159509639999,0.00750691799,0.0065030710068,0.966615018,0.0120590596,3,0.966615018,0.966615018,0.966615018,0.0120590596,0.9545559584000001,0.191544634388991,False
483058921.jpg,3,0.0129412786068,0.0084659866602,0.012826750716,0.945066294,0.02069964078,3,0.945066294,0.945066294,0.945066294,0.02069964078,0.92436665322,0.2861955353101853,False
695000133.jpg,3,0.008308792,0.01654188222,0.1050018532,0.8542712960000001,0.0158762012,3,0.8542712960000001,0.8542712960000001,0.8542712960000001,0.1050018532,0.7492694428000001,0.5446333525287504,False
2465281174.jpg,2,0.083799629,0.0456037972,0.8086089439999999,0.00941260102,0.052575036,2,0.8086089439999999,0.8086089439999999,0.8086089439999999,0.083799629,0.7248093149999999,0.7191381321502163,False
2454143099.jpg,3,0.008998317304,0.009903339574,0.007140418178,0.965417172,0.008540762242,3,0.965417172,0.965417172,0.965417172,0.009903339574,0.955513832426,0.1980357865702706,False
1457537356.jpg,1,0.0225929782,0.578810072,0.033029896,0.0657414883999999,0.299825576,1,0.578810072,0.578810072,0.578810072,0.299825576,0.278984496,1.0548617332604038,False
549830599.jpg,3,0.00917792126,0.01157071564,0.01626435174,0.95422736,0.00875964848108,3,0.95422736,0.95422736,0.95422736,0.01626435174,0.93796300826,0.2478479470986828,False
2530320825.jpg,0,0.897803918,0.0179054917,0.02287176058,0.01531908131,0.0460997268,0,0.897803918,0.897803918,0.897803918,0.0460997268,0.8517041912000001,0.46107975067891704,False
261391289.jpg,2,0.489642024,0.0429570236,0.168593755,0.1714453444,0.1273618106,0,0.489642024,0.168593755,0.168593755,0.489642024,-0.321048269,1.3497945333630479,True
2086061590.jpg,3,0.01225109456,0.21928511,0.182555048,0.5783189499999999,0.007589754602,3,0.5783189499999999,0.5783189499999999,0.5783189499999999,0.21928511,0.3590338399999999,1.0508923574700129,False
1099870140.jpg,1,0.683048124,0.190272048,0.011345768718,0.0287646484,0.08656937,0,0.683048124,0.190272048,0.190272048,0.683048124,-0.49277607600000006,0.9407994533313516,True
1091452653.jpg,3,0.0079295861,0.0110023134,0.0212399174,0.80913658,0.150691598,3,0.80913658,0.80913658,0.80913658,0.150691598,0.658444982,0.6263385823554688,False
2780906480.jpg,3,0.01077707256,0.0213652548,0.0291899684,0.8175973480000001,0.1210704039999999,3,0.8175973480000001,0.8175973480000001,0.8175973480000001,0.1210704039999999,0.6965269440000001,0.6544276816268826,False
1158898602.jpg,3,0.01054640154,0.010717969284,0.01212613204,0.932937782,0.0336717122,3,0.932937782,0.932937782,0.932937782,0.0336717122,0.8992660698,0.3290726609150424,False
1763032962.jpg,3,0.0089493614162,0.008570511108,0.00914091456,0.964230516,0.0091087019598,3,0.964230516,0.964230516,0.964230516,0.00914091456,0.95508960144,0.20383346745160244,False
1994098867.jpg,3,0.0074040868642,0.0100821482,0.0321697066,0.94113102,0.009213046524,3,0.94113102,0.94113102,0.94113102,0.0321697066,0.9089613134000001,0.29351247328747376,False
3738494351.jpg,1,0.00898113536,0.9454369,0.0115610659199999,0.023078,0.01094291406,1,0.9454369,0.9454369,0.9454369,0.023078,0.9223589,0.2833211634876911,False
2350465175.jpg,2,0.01654756562,0.035341883,0.0268554408,0.334250526,0.587004568,4,0.587004568,0.0268554408,0.0268554408,0.587004568,-0.5601491272,0.9621547057097778,True
4092211517.jpg,3,0.009696307202,0.01197140568,0.01530761296,0.948628606,0.0143960704,3,0.948628606,0.948628606,0.948628606,0.01530761296,0.9333209930399999,0.2729847136132837,False
3637314147.jpg,3,0.012955912865,0.039686020318,0.007520859624,0.920867024,0.01897016996,3,0.920867024,0.920867024,0.920867024,0.039686020318,0.881181003682,0.372274241412983,False
2820517088.jpg,3,0.007432246,0.0090498277,0.0159047025,0.95913208,0.0084811559964,3,0.95913208,0.95913208,0.95913208,0.0159047025,0.9432273775000001,0.22535101179925338,False
425031851.jpg,1,0.015771523,0.8584008219999999,0.086961698,0.009906766902,0.02895919,1,0.8584008219999999,0.8584008219999999,0.8584008219999999,0.086961698,0.7714391239999999,0.5571791278128732,False
3164729248.jpg,3,0.0091085043456,0.0082884678799999,0.007722278744,0.965313598,0.0095671420143,3,0.965313598,0.965313598,0.965313598,0.0095671420143,0.9557464559857001,0.19864029678404188,False
3770843515.jpg,3,0.01089823586,0.01078699912,0.0126192317599999,0.956614496,0.0090810609385599,3,0.956614496,0.956614496,0.956614496,0.0126192317599999,0.9439952642400001,0.23841323271945355,False
2681075727.jpg,3,0.00807110817,0.0073281665,0.01577377642,0.94817332,0.0206536672,3,0.94817332,0.94817332,0.94817332,0.0206536672,0.9275196528,0.270968956907279,False
511494516.jpg,3,0.011481671,0.01073279938,0.01571875156,0.9549372,0.00712959871816,3,0.9549372,0.9549372,0.9549372,0.01571875156,0.93921844844,0.24451147306576893,False
1638861203.jpg,4,0.0287821336,0.118913868,0.180928572,0.1320039356,0.53937148,4,0.53937148,0.53937148,0.53937148,0.180928572,0.358442908,1.2649332915499687,False
4250754910.jpg,3,0.0115711904,0.0263068814,0.0194667056,0.90500972,0.0376455104,3,0.90500972,0.90500972,0.90500972,0.0376455104,0.8673642096,0.43777012356773615,False
2465100759.jpg,3,0.0086530059834,0.00801301404,0.233660008,0.7393702200000001,0.010303750004,3,0.7393702200000001,0.7393702200000001,0.7393702200000001,0.233660008,0.5057102120000001,0.6898921676161573,False
2958100896.jpg,3,0.0073898643992,0.00793105348,0.1004900268,0.8726800700000001,0.01150900561,3,0.8726800700000001,0.8726800700000001,0.8726800700000001,0.1004900268,0.7721900432000002,0.47575514918711426,False
3611460254.jpg,3,0.0163953154859999,0.026675071716,0.0550255768,0.6630069639999999,0.238897074,3,0.6630069639999999,0.6630069639999999,0.6630069639999999,0.238897074,0.42410988999999993,0.938150303782801,False
1290189931.jpg,2,0.01106608314,0.073214496,0.886517196,0.01762034326,0.0115818864,2,0.886517196,0.886517196,0.886517196,0.073214496,0.8133027,0.4708335767460432,False
3617734118.jpg,3,0.025125158374,0.020886114,0.0156561985956,0.929027644,0.0093048521619999,3,0.929027644,0.929027644,0.929027644,0.025125158374,0.9039024856260001,0.35035363847747675,False
2202563232.jpg,4,0.138042082,0.154671532,0.147897924,0.301119036,0.2582694359999999,3,0.301119036,0.2582694359999999,0.2582694359999999,0.301119036,-0.0428496000000001,1.5557555348978276,True
1058438877.jpg,3,0.007924521276,0.01482259676,0.0187829316,0.948182896,0.0102870932912,3,0.948182896,0.948182896,0.948182896,0.0187829316,0.9293999644000001,0.2729560332893983,False
3881936041.jpg,3,0.012394623044,0.009269667104,0.01418107484,0.933612496,0.03054215896,3,0.933612496,0.933612496,0.933612496,0.03054215896,0.90307033704,0.3288465908079068,False
2086661183.jpg,3,0.0201380252,0.04079710196,0.033642564,0.84836519,0.0570571134,3,0.84836519,0.84836519,0.84836519,0.0570571134,0.7913080766,0.6261753098094365,False
1226235183.jpg,2,0.0224951973,0.02039947278,0.315749494,0.61758424,0.023771611042,3,0.61758424,0.315749494,0.315749494,0.61758424,-0.301834746,0.9152814341986228,True
3505140945.jpg,3,0.006929350316,0.010383261944,0.01010473792,0.93146574,0.0411169112,3,0.93146574,0.93146574,0.93146574,0.0411169112,0.8903488288,0.32565567176210475,False
46965268.jpg,4,0.0135723395,0.01164388004,0.0929832868,0.00779176488,0.874008748,4,0.874008748,0.874008748,0.874008748,0.0929832868,0.7810254611999999,0.4865985658879577,False
3610554342.jpg,1,0.0430992246,0.8347027600000001,0.0383129468,0.053794058,0.0300909982,1,0.8347027600000001,0.8347027600000001,0.8347027600000001,0.053794058,0.7809087020000001,0.673946876767483,False
1240341274.jpg,1,0.0119596583166,0.827887536,0.0121609523178,0.02192890901762,0.1260629278,1,0.827887536,0.827887536,0.827887536,0.1260629278,0.7018246081999999,0.6077701443018186,False
1650313956.jpg,3,0.00958453105,0.007757794018,0.01025546262,0.95743551,0.0149666949999999,3,0.95743551,0.95743551,0.95743551,0.0149666949999999,0.9424688150000001,0.2337445923626614,False
3641844972.jpg,3,0.00974362256,0.04078302,0.0692429743999999,0.602811252,0.277419152,3,0.602811252,0.602811252,0.602811252,0.277419152,0.32539209999999996,1.0213245187160422,False
780244327.jpg,4,0.023236086,0.0651812492,0.0154372008,0.0162757302,0.8798697400000001,4,0.8798697400000001,0.8798697400000001,0.8798697400000001,0.0651812492,0.8146884908,0.5094180363426094,False
1982908964.jpg,4,0.217585,0.0526557658,0.0207047826,0.00632266989,0.70273176,4,0.70273176,0.70273176,0.70273176,0.217585,0.48514676,0.8470764899920858,False
3366388775.jpg,3,0.01399073722,0.0285060508,0.0562269986,0.486467202,0.41480906,3,0.486467202,0.486467202,0.486467202,0.41480906,0.07165814199999998,1.0385343503990998,False
4075320498.jpg,3,0.008584347526,0.0110851311136,0.0639465143999999,0.90593424,0.01044975126,3,0.90593424,0.90593424,0.90593424,0.0639465143999999,0.8419877256000001,0.40374302779814075,False
1479311027.jpg,1,0.1325864842,0.78941394,0.01563459528,0.017314420098,0.0450505486,1,0.78941394,0.78941394,0.78941394,0.1325864842,0.6568274558,0.729461230452507,False
541997227.jpg,3,0.01016037547,0.01259467476,0.011125931664,0.943357996,0.02276102264,3,0.943357996,0.943357996,0.943357996,0.02276102264,0.92059697336,0.2928784368561785,False
813060428.jpg,3,0.01047143736,0.00959029582,0.01184734664,0.938685784,0.0294051168,3,0.938685784,0.938685784,0.938685784,0.0294051168,0.9092806672,0.3079517584788546,False
1555851966.jpg,2,0.015948755326,0.01631381492,0.933259342,0.0166482983419999,0.017829758288,2,0.933259342,0.933259342,0.933259342,0.017829758288,0.915429583712,0.33758826100888767,False
2466541991.jpg,1,0.011763787946,0.91529794,0.01054543152,0.0188656104,0.0435272337999999,1,0.91529794,0.91529794,0.91529794,0.0435272337999999,0.8717707062000001,0.39261051115607903,False
3296169925.jpg,3,0.00843430226,0.0093961011,0.01049299556,0.95958092,0.012095693848,3,0.95958092,0.95958092,0.95958092,0.012095693848,0.9474852261519999,0.224942926132663,False
2566097086.jpg,3,0.00798211267,0.008383582718,0.01690065262,0.95667486,0.01005878926,3,0.95667486,0.95667486,0.95667486,0.01690065262,0.9397742073800001,0.23624164366124226,False
3785545560.jpg,3,0.00951493063,0.009678862372,0.0217144287999999,0.933401204,0.025690556,3,0.933401204,0.933401204,0.933401204,0.025690556,0.907710648,0.3307406803645755,False
939861475.jpg,3,0.009757486258,0.01027307276,0.0151985862,0.95143867,0.013332211436,3,0.95143867,0.95143867,0.95143867,0.0151985862,0.9362400838,0.2607620504056666,False
2737290136.jpg,3,0.007180403504,0.01046683736,0.01250495024,0.956342568,0.0135052432,3,0.956342568,0.956342568,0.956342568,0.0135052432,0.9428373247999999,0.2387873950753,False
1408639438.jpg,2,0.0085606737036,0.008515410676,0.95269796,0.02077999294,0.009445941822,2,0.95269796,0.95269796,0.95269796,0.02077999294,0.93191796706,0.25203776569091313,False
1295898623.jpg,3,0.008492707652,0.029374712,0.0142214054,0.935440266,0.012470900736,3,0.935440266,0.935440266,0.935440266,0.029374712,0.906065554,0.32171075592387066,False
3453138674.jpg,3,0.00943962117,0.009069266044,0.0091416884799999,0.964357672,0.00799176256406,3,0.964357672,0.964357672,0.964357672,0.00943962117,0.95491805083,0.203180794726405,False
584996062.jpg,0,0.23800611,0.608591248,0.0523738482,0.0435542196,0.057474592,1,0.608591248,0.23800611,0.23800611,0.608591248,-0.370585138,1.0990073455366631,True
2078875826.jpg,2,0.05621292,0.0492929188,0.817668248,0.0411741169999999,0.0356518224,2,0.817668248,0.817668248,0.817668248,0.05621292,0.761455328,0.7249856676901111,False
3034111444.jpg,3,0.0103673973992,0.0118153959344,0.011222224796,0.9368596,0.0297353428,3,0.9368596,0.9368596,0.9368596,0.0297353428,0.9071242572,0.31583255866855836,False
2385423168.jpg,2,0.00861208231,0.00636684128,0.957129942,0.0181477591,0.0097433811724,2,0.957129942,0.957129942,0.957129942,0.0181477591,0.9389821829,0.23296089979815154,False
863369540.jpg,3,0.008740282516,0.01007197038,0.165147668,0.8041473480000001,0.01189272576,3,0.8041473480000001,0.8041473480000001,0.8041473480000001,0.165147668,0.6389996800000001,0.6131438993995544,False
1383174686.jpg,3,0.009662067096,0.0106289203,0.0159848866,0.953861676,0.00986247622,3,0.953861676,0.953861676,0.953861676,0.0159848866,0.9378767894000001,0.24985473606636172,False
2627504664.jpg,1,0.0219509071999999,0.6272047119999999,0.0172245832,0.0159456784,0.3176740999999999,1,0.6272047119999999,0.6272047119999999,0.6272047119999999,0.3176740999999999,0.30953061200000004,0.876643920657695,False
1309857132.jpg,4,0.353696812,0.1355059336,0.0702865660999999,0.01501673052,0.4254939359999999,4,0.4254939359999999,0.4254939359999999,0.4254939359999999,0.353696812,0.07179712399999988,1.2517023030250964,False
1924967159.jpg,3,0.01162314468,0.055864856,0.01010058836,0.913811896,0.008599537288,3,0.913811896,0.913811896,0.913811896,0.055864856,0.85794704,0.3826143170099936,False
1773757795.jpg,3,0.0110893269844,0.0126546665219999,0.0089213944799999,0.954004824,0.0133298344359999,3,0.954004824,0.954004824,0.954004824,0.0133298344359999,0.9406749895640001,0.24979755060187508,False
1872997067.jpg,3,0.009267623784,0.00891456468,0.5886873499999999,0.385124694,0.008005757496,2,0.5886873499999999,0.385124694,0.385124694,0.5886873499999999,-0.20356265599999995,0.8035130867212946,True
325567514.jpg,4,0.02357742098,0.0349367178,0.0809965262,0.0214168503,0.83907248,4,0.83907248,0.83907248,0.83907248,0.0809965262,0.7580759538,0.6386529025143775,False
2913981436.jpg,1,0.010287920588,0.8537124399999999,0.0780757366,0.0408967548,0.0170271428,1,0.8537124399999999,0.8537124399999999,0.8537124399999999,0.0780757366,0.7756367033999999,0.5812940384550974,False
1637510713.jpg,3,0.008034758826,0.00742273414,0.01256080364,0.958230524,0.0137511537,3,0.958230524,0.958230524,0.958230524,0.0137511537,0.9444793703,0.22996640352295591,False
1839350979.jpg,3,0.00845859176,0.01343448556,0.01352235564,0.8635834840000001,0.101001101,3,0.8635834840000001,0.8635834840000001,0.8635834840000001,0.101001101,0.762582383,0.5146779448982848,False
1818510196.jpg,1,0.0215436684,0.828344894,0.008712636828,0.080397266,0.061001549736,1,0.828344894,0.828344894,0.828344894,0.080397266,0.747947628,0.6532760177648786,False
854773586.jpg,3,0.010865663084,0.009410403344,0.01154654939,0.95935767,0.008819741516924,3,0.95935767,0.95935767,0.95935767,0.01154654939,0.9478111206100001,0.22608703126803337,False
1783550319.jpg,3,0.387875392,0.525665222,0.0080628258,0.0430322752,0.0353642776,1,0.525665222,0.0430322752,0.0430322752,0.525665222,-0.4826329468,0.9978232364901066,True
3821677855.jpg,1,0.027752118,0.683371796,0.00535028559,0.024436853,0.2590889256,1,0.683371796,0.683371796,0.683371796,0.2590889256,0.42428287039999996,0.8282545426216555,False
2883466780.jpg,3,0.009514370184,0.0202676576,0.01029410056,0.95021528,0.009708609492,3,0.95021528,0.95021528,0.95021528,0.0202676576,0.9299476224,0.2639360097429256,False
1364643330.jpg,3,0.01019957476,0.01003973792,0.01274971014,0.944925416,0.0220855718,3,0.944925416,0.944925416,0.944925416,0.0220855718,0.9228398442,0.2863193820477321,False
669748740.jpg,3,0.006580388276,0.02552687156,0.0108455226199999,0.94197769,0.01506951344,3,0.94197769,0.94197769,0.94197769,0.02552687156,0.91645081844,0.2952793055966065,False
3778007109.jpg,3,0.0090166775784999,0.009683884504,0.008169959876,0.961072096,0.012057404064,3,0.961072096,0.961072096,0.961072096,0.012057404064,0.949014691936,0.2180697394735535,False
42290082.jpg,3,0.01173235594,0.00957329866,0.0527156098,0.6680441800000001,0.257934534,3,0.6680441800000001,0.6680441800000001,0.6680441800000001,0.257934534,0.4101096460000001,0.8707967284330471,False
3114033989.jpg,3,0.009955258426,0.012280355918,0.01011467422,0.923669502,0.0439802185999999,3,0.923669502,0.923669502,0.923669502,0.0439802185999999,0.8796892834000001,0.35712043289021195,False
554118057.jpg,3,0.01494621142,0.0581756858,0.01055299032,0.90333213,0.01299300730558,3,0.90333213,0.90333213,0.90333213,0.0581756858,0.8451564442,0.424592422880425,False
3336885904.jpg,3,0.007775362664,0.008495684942,0.0170825124,0.9557154,0.01093104282,3,0.9557154,0.9557154,0.9557154,0.0170825124,0.9386328876,0.24044858991669316,False
785251696.jpg,3,0.011858630684,0.006927539022,0.009289813474,0.959430352,0.0124936527788,3,0.959430352,0.959430352,0.959430352,0.0124936527788,0.9469366992212,0.2249896477280655,False
2086525919.jpg,3,0.0222788344,0.0608489744,0.0569115078,0.152625935,0.707334772,4,0.707334772,0.152625935,0.152625935,0.707334772,-0.554708837,0.9500290194873444,True
718245684.jpg,3,0.0074923353547999,0.01008794072,0.0155536827,0.956969282,0.009896749368,3,0.956969282,0.956969282,0.956969282,0.0155536827,0.9414155993,0.23556226505500294,False
1009431532.jpg,2,0.0245980342,0.01322722534,0.918141804,0.0085624941004,0.03547044532,2,0.918141804,0.918141804,0.918141804,0.03547044532,0.88267135868,0.3859628022333024,False
3626224621.jpg,3,0.008166749316,0.01047909415,0.0225590574,0.944906556,0.01388856506,3,0.944906556,0.944906556,0.944906556,0.0225590574,0.9223474986,0.2855103302274705,False
4024428406.jpg,3,0.01339188978,0.0057125637348,0.00504179431,0.8552720979999999,0.120581626,3,0.8552720979999999,0.8552720979999999,0.8552720979999999,0.120581626,0.7346904719999999,0.5027288716827905,False
1611662564.jpg,4,0.097854786,0.317141718,0.00987524284,0.0590155208,0.516112734,4,0.516112734,0.516112734,0.516112734,0.317141718,0.198971016,1.145633517344332,False
2098716407.jpg,3,0.0102580407,0.009395695362,0.00901732438,0.959831874,0.01149710882596,3,0.959831874,0.959831874,0.959831874,0.01149710882596,0.94833476517404,0.22398470418191116,False
3389284339.jpg,2,0.0183586956,0.012841913042,0.919416416,0.02997294758,0.019410018864,2,0.919416416,0.919416416,0.919416416,0.02997294758,0.88944346842,0.3882071007975113,False
3021177990.jpg,3,0.0134445564,0.0246599351999999,0.0217547512,0.92967217,0.0104685487038,3,0.92967217,0.92967217,0.92967217,0.0246599351999999,0.9050122348000001,0.34804062707753375,False
284270936.jpg,4,0.0116297896,0.01411342112,0.0139816299,0.0672811656,0.892994,4,0.892994,0.892994,0.892994,0.0672811656,0.8257128344,0.4542834245444444,False
3350687852.jpg,3,0.00817119286,0.1407986216,0.449110548,0.39433874,0.00758093622,2,0.449110548,0.39433874,0.39433874,0.449110548,-0.05477180799999998,1.0787729270308084,True
3951033852.jpg,3,0.01056457308,0.009135015904,0.009628387772,0.95805542,0.01261662316,3,0.95805542,0.95805542,0.95805542,0.01261662316,0.94543879684,0.23189272785377485,False
1459763157.jpg,3,0.008394184006,0.009238829758,0.006571672932,0.878173636,0.0976216688,3,0.878173636,0.878173636,0.878173636,0.0976216688,0.7805519672,0.45764279004683495,False
2864427141.jpg,3,0.00981081645,0.01118114322,0.005164612046,0.95044808,0.02339533102,3,0.95044808,0.95044808,0.95044808,0.02339533102,0.92705274898,0.2589651017996759,False
452327589.jpg,3,0.0074518884438,0.0071300987328,0.00892290364,0.966999,0.00949610238,3,0.966999,0.966999,0.966999,0.00949610238,0.9575028976200001,0.1905369951086202,False
4183312671.jpg,3,0.009136866916,0.00905337106,0.01112348838,0.96254616,0.0081401127822,3,0.96254616,0.96254616,0.96254616,0.01112348838,0.95142267162,0.21144064573461627,False
1720212686.jpg,0,0.565793384,0.01434472628,0.0634871156,0.093929862,0.2624449184,0,0.565793384,0.565793384,0.565793384,0.2624449184,0.3033484656,1.1313871940425375,False
1738493952.jpg,3,0.010194208572,0.013490268038,0.0394033574,0.89816196,0.038750199,3,0.89816196,0.89816196,0.89816196,0.0394033574,0.8587586026,0.4546920025991923,False
2673946061.jpg,3,0.009665389258,0.012564794,0.017719625,0.94817456,0.0118756075,3,0.94817456,0.94817456,0.94817456,0.017719625,0.930454935,0.27440516300922313,False
3713964400.jpg,3,0.00922299179,0.0087302337699999,0.01590365422,0.95596846,0.0101746769962,3,0.95596846,0.95596846,0.95596846,0.01590365422,0.9400648057800001,0.2401970122787661,False
1318419572.jpg,3,0.008172223518,0.01285578188,0.01353074062,0.955453184,0.009988099664,3,0.955453184,0.955453184,0.955453184,0.01353074062,0.94192244338,0.24302585424964407,False
343493007.jpg,0,0.8038428360000001,0.0215265874,0.011869431296,0.01008865944,0.1526724643999999,0,0.8038428360000001,0.8038428360000001,0.8038428360000001,0.1526724643999999,0.6511703716000001,0.6440887267832867,False
391853550.jpg,3,0.010229084238,0.0135139462199999,0.0705606016,0.89015344,0.0155429205,3,0.89015344,0.89015344,0.89015344,0.0705606016,0.8195928384,0.460418181264744,False
911861181.jpg,4,0.00691986513,0.058344698,0.165687352,0.0127942867999999,0.75625382,4,0.75625382,0.75625382,0.75625382,0.165687352,0.590566468,0.7650911676973068,False
3113855149.jpg,3,0.01008808394,0.007959129644,0.0156524242,0.76296319,0.203337178,3,0.76296319,0.76296319,0.76296319,0.203337178,0.5596260120000001,0.6802179164524094,False
1964845483.jpg,3,0.0088597684,0.0129145376,0.0177264754,0.8795286440000001,0.080970618,3,0.8795286440000001,0.8795286440000001,0.8795286440000001,0.080970618,0.798558026,0.4859670100276109,False
3117750908.jpg,3,0.01118763068,0.008895261116,0.1358395172,0.82944958,0.01462804904,3,0.82944958,0.82944958,0.82944958,0.1358395172,0.6936100628,0.5803468365962687,False
2375606489.jpg,3,0.01003315996,0.0207436986,0.028017205,0.930876424,0.01032953166,3,0.930876424,0.930876424,0.930876424,0.028017205,0.902859219,0.3406352503420603,False
628889573.jpg,3,0.01752347062,0.03468189,0.0139132429999999,0.8552413,0.0786400912,3,0.8552413,0.8552413,0.8552413,0.0786400912,0.7766012087999999,0.5806383544314196,False
3353595234.jpg,2,0.01617576251,0.01495676318,0.92815906,0.02572567482,0.0149827223199999,2,0.92815906,0.92815906,0.92815906,0.02572567482,0.90243338518,0.3558692688327832,False
686071324.jpg,4,0.343464964,0.06137026202,0.01097292402,0.01264747216,0.57154436,4,0.57154436,0.57154436,0.57154436,0.343464964,0.228079396,0.962840785183374,False
3441163294.jpg,3,0.00888344135,0.00924789613,0.0272563238,0.94630862,0.008303731996,3,0.94630862,0.94630862,0.94630862,0.0272563238,0.9190522962000001,0.27546990700680885,False
2956574119.jpg,3,0.009627142746,0.0095959711676,0.3304231499999999,0.6289515560000001,0.021402169,3,0.6289515560000001,0.6289515560000001,0.6289515560000001,0.3304231499999999,0.2985284060000002,0.8291127182317397,False
3136225085.jpg,2,0.00811926465,0.01506666462,0.76279224,0.202756232,0.0112656155,2,0.76279224,0.76279224,0.76279224,0.202756232,0.560036008,0.6829178576175916,False
3951881914.jpg,3,0.01167357306,0.0137938499,0.0203945806,0.944295956,0.0098420486902,3,0.944295956,0.944295956,0.944295956,0.0203945806,0.9239013754000001,0.290028359712775,False
323552836.jpg,3,0.0125061644,0.0337343676,0.0165693489999999,0.92946154,0.0077285704835,3,0.92946154,0.92946154,0.92946154,0.0337343676,0.8957271724,0.34264034917711844,False
1393783706.jpg,2,0.0097678821,0.01069339192,0.837383744,0.1310224098,0.0111325796302,2,0.837383744,0.837383744,0.837383744,0.1310224098,0.7063613342,0.5587142570727445,False
191741846.jpg,3,0.0078282932,0.00943577226,0.01019128576,0.95339393,0.01915073796,3,0.95339393,0.95339393,0.95339393,0.01915073796,0.93424319204,0.24995997485605614,False
87817214.jpg,3,0.0103924852079999,0.0102613508518,0.022016114,0.937564044,0.0197660116,3,0.937564044,0.937564044,0.937564044,0.022016114,0.91554793,0.31646532657263504,False
1052903541.jpg,3,0.01666899683,0.012843360004,0.011006189652,0.94811483,0.011366635584,3,0.94811483,0.94811483,0.94811483,0.01666899683,0.93144583317,0.27521286943597023,False
688011612.jpg,0,0.92364644,0.0349149784,0.00873539796,0.01031082574,0.0223922984,0,0.92364644,0.92364644,0.92364644,0.0349149784,0.8887314615999999,0.36414134442473994,False
2792441656.jpg,4,0.01118345912,0.01354726592,0.047176124,0.807430662,0.120662504,3,0.807430662,0.120662504,0.120662504,0.807430662,-0.686768158,0.6804748580985941,True
1881585879.jpg,3,0.0116570139,0.02083338642,0.090542354,0.8509673039999999,0.0259999172,3,0.8509673039999999,0.8509673039999999,0.8509673039999999,0.090542354,0.7604249499999999,0.5822438462992281,False
3867608934.jpg,2,0.01022527272,0.0107282739702,0.0537142776,0.90244614,0.02288603274,3,0.90244614,0.0537142776,0.0537142776,0.90244614,-0.8487318624,0.43165584289060294,True
3064807599.jpg,1,0.007408342028,0.931817318,0.0171207784,0.0330507958,0.01060275296,1,0.931817318,0.931817318,0.931817318,0.0330507958,0.8987665222,0.33268121216420216,False
2963992338.jpg,3,0.0225687926,0.00781844482,0.01146713084,0.945463284,0.0126823407,3,0.945463284,0.945463284,0.945463284,0.0225687926,0.9228944914,0.2831426271012047,False
3689984405.jpg,1,0.0205290526,0.0237429782,0.022903194,0.0124801603,0.920344624,4,0.920344624,0.0237429782,0.0237429782,0.920344624,-0.8966016457999999,0.3861807724289006,True
3782101315.jpg,3,0.0185936898,0.200660906,0.0191979346,0.545038962,0.2165085084,3,0.545038962,0.545038962,0.545038962,0.2165085084,0.3285304536,1.1343406356505736,False
2545893399.jpg,2,0.01251684114,0.0212191046,0.857273988,0.024376033998,0.084614026,2,0.857273988,0.857273988,0.857273988,0.084614026,0.772659962,0.5681084409312376,False
1124430120.jpg,3,0.0063323605236,0.0078602210708,0.06338132182,0.915002336,0.007423729032,3,0.915002336,0.915002336,0.915002336,0.06338132182,0.85162101418,0.36266544816600965,False
796933103.jpg,1,0.008470042646,0.87585008,0.0327596954,0.0717802023999999,0.011139992756,1,0.87585008,0.87585008,0.87585008,0.0717802023999999,0.8040698776,0.5076847886045834,False
829448982.jpg,3,0.013178732388,0.0141418509999999,0.0165153018,0.94749968,0.0086644513922,3,0.94749968,0.94749968,0.94749968,0.0165153018,0.9309843781999999,0.2772882416261602,False
1804175748.jpg,3,0.0168861916,0.0319955912,0.0426601775999999,0.895899154,0.01255885544,3,0.895899154,0.895899154,0.895899154,0.0426601775999999,0.8532389764000001,0.46707998504026205,False
3027702005.jpg,3,0.0088518494899999,0.008900795318,0.00929483774,0.959113344,0.0138391737,3,0.959113344,0.959113344,0.959113344,0.0138391737,0.9452741703,0.22662827946260672,False
3966397461.jpg,1,0.0123537608,0.576148712,0.018480946,0.024498422,0.368518128,1,0.576148712,0.576148712,0.576148712,0.368518128,0.20763058399999995,0.9044670810041711,False
4183926297.jpg,2,0.0066918144178,0.01152786986,0.93883634,0.01324190176,0.0297021,2,0.93883634,0.93883634,0.93883634,0.0297021,0.9091342400000001,0.30591902501556745,False
2191616657.jpg,4,0.00886590528,0.0120522385,0.00900589292,0.929065184,0.0410107887999999,3,0.929065184,0.0410107887999999,0.0410107887999999,0.929065184,-0.8880543952000002,0.3369081574999707,True
296446823.jpg,3,0.0062888753899999,0.00802807839,0.00807919054,0.968777484,0.00882638762,3,0.968777484,0.968777484,0.968777484,0.00882638762,0.95995109638,0.1820202152418549,False
4256542670.jpg,3,0.008426089664,0.00848101082,0.00902208696,0.92149552,0.0525752946,3,0.92149552,0.92149552,0.92149552,0.0525752946,0.8689202254,0.3533771037572718,False
3468310197.jpg,2,0.0072766709939999,0.01138388552,0.096859554,0.87147302,0.013006886,3,0.87147302,0.096859554,0.096859554,0.87147302,-0.774613466,0.48925920558021135,True
3704585541.jpg,3,0.0090199625168,0.01749379814,0.014828017,0.94730994,0.0113483056038,3,0.94730994,0.94730994,0.94730994,0.01749379814,0.9298161418600001,0.277793832305699,False
3843185682.jpg,3,0.01268709838,0.12561482,0.208506782,0.512187452,0.1410038632,3,0.512187452,0.512187452,0.512187452,0.208506782,0.30368067000000004,1.2618011422952633,False
2257377706.jpg,3,0.010467828828,0.0101424603,0.008875102,0.959221448,0.01129315146,3,0.959221448,0.959221448,0.959221448,0.01129315146,0.94792829654,0.2267913588193067,False
1358792990.jpg,4,0.0408763058,0.0231946661,0.0562335166,0.005160396688,0.8745350840000001,4,0.8745350840000001,0.8745350840000001,0.8745350840000001,0.0562335166,0.8183015674000002,0.5242656098257634,False
3068895856.jpg,1,0.165586132,0.4825848599999999,0.014004448,0.276873736,0.0609508462,1,0.4825848599999999,0.4825848599999999,0.4825848599999999,0.276873736,0.2057111239999999,1.2352353896626909,False
1471261830.jpg,3,0.0197039506,0.0132897928,0.00776276609,0.86206956,0.0971739084,3,0.86206956,0.86206956,0.86206956,0.0971739084,0.7648956516000001,0.5269976414660003,False
3247545226.jpg,1,0.4679464959999999,0.219835912,0.0225146626,0.25788684,0.0318160742,0,0.4679464959999999,0.219835912,0.219835912,0.4679464959999999,-0.24811058399999988,1.2329862829136464,True
3440246067.jpg,3,0.009000415922,0.00939680738,0.0088653055,0.960550166,0.012187285488,3,0.960550166,0.960550166,0.960550166,0.012187285488,0.948362880512,0.22052384483035145,False
2593976226.jpg,1,0.0102811565,0.960860904,0.009357077662,0.008334385342,0.01116647516,1,0.960860904,0.960860904,0.960860904,0.01116647516,0.94969442884,0.21922836393512823,False
898358711.jpg,3,0.007817473324,0.0121801707999999,0.0116213344,0.95989854,0.008482507368,3,0.95989854,0.95989854,0.95989854,0.0121801707999999,0.9477183692000001,0.22313306775663155,False
2647765436.jpg,3,0.008608220364,0.00949307568,0.087818948,0.88427258,0.009807190342,3,0.88427258,0.88427258,0.88427258,0.087818948,0.796453632,0.45287248178495443,False
2501317997.jpg,3,0.01527415802,0.009116983488,0.0182413366799999,0.94422407,0.013143457344,3,0.94422407,0.94422407,0.94422407,0.0182413366799999,0.92598273332,0.29086383609262473,False
1920538853.jpg,3,0.0068452562596,0.009296643298,0.0205262288,0.93023928,0.0330926066,3,0.93023928,0.93023928,0.93023928,0.0330926066,0.8971466734,0.33743789458854645,False
1777247659.jpg,3,0.0213845208,0.00948065322,0.011616558138,0.94828183,0.009236447386,3,0.94828183,0.94828183,0.94828183,0.0213845208,0.9268973092,0.2717726902108025,False
4072193966.jpg,3,0.0085714601399999,0.01004993934,0.009959646,0.96141544,0.0100035114444,3,0.96141544,0.96141544,0.96141544,0.01004993934,0.95136550066,0.21682682546086093,False
831001239.jpg,3,0.0151039448,0.0132141744,0.0361068404,0.89823612,0.0373389034,3,0.89823612,0.89823612,0.89823612,0.0373389034,0.8608972166,0.45957975988067323,False
2138380512.jpg,3,0.0089593119599999,0.010035183256,0.0123427809,0.94896008,0.0197026545999999,3,0.94896008,0.94896008,0.94896008,0.0197026545999999,0.9292574254000001,0.2697518139374282,False
1834263937.jpg,3,0.01685613038,0.02392946896,0.0182779846,0.930862712,0.0100737081778,3,0.930862712,0.930862712,0.930862712,0.02392946896,0.90693324304,0.3443014268340384,False
1653535676.jpg,3,0.0084621263,0.01058508506,0.0237047261999999,0.943348092,0.01389993298,3,0.943348092,0.943348092,0.943348092,0.0237047261999999,0.9196433658000002,0.29168213987835423,False
1865345123.jpg,3,0.0132778295799999,0.0490748305999999,0.0275245552,0.901520156,0.008602672246,3,0.901520156,0.901520156,0.901520156,0.0490748305999999,0.8524453254000002,0.4385754661098581,False
3165375384.jpg,2,0.012343974194,0.01529008416,0.91778056,0.01346082822,0.04112456961,2,0.91778056,0.91778056,0.91778056,0.04112456961,0.87665599039,0.3861339395247518,False
2636545595.jpg,2,0.010027977658,0.01116711656,0.808072644,0.1578564896,0.012875759216,2,0.808072644,0.808072644,0.808072644,0.1578564896,0.6502161544,0.6160037747231358,False
2645405377.jpg,3,0.00857330736,0.008173551178,0.00831109634,0.9668694,0.00807264687,3,0.9668694,0.9668694,0.9668694,0.00857330736,0.95829609264,0.19138171762246017,False
4138769021.jpg,3,0.008016214944,0.008739928676,0.0175407014,0.95901788,0.00668527544118,3,0.95901788,0.95901788,0.95901788,0.0175407014,0.9414771786,0.22464514415341974,False
1357095762.jpg,3,0.0092646991,0.008086985784,0.00883222132,0.9095044,0.0643117316,3,0.9095044,0.9095044,0.9095044,0.0643117316,0.8451926684,0.38684648203133903,False
561385001.jpg,3,0.009005925896,0.01240615116,0.00889064122,0.960414444,0.009282838498,3,0.960414444,0.960414444,0.960414444,0.01240615116,0.94800829284,0.22109403162903363,False
3589688329.jpg,3,0.0183219739999999,0.081845362,0.0858834292,0.807879098,0.006070111228,3,0.807879098,0.807879098,0.807879098,0.0858834292,0.7219956688,0.6922972177537929,False
1424060312.jpg,3,0.009190614266,0.01130715865,0.008903667494,0.962498742,0.008099830468,3,0.962498742,0.962498742,0.962498742,0.01130715865,0.95119158335,0.21161636016679689,False
1266326020.jpg,3,0.0081489137438,0.01097840426,0.017863119356,0.95094978,0.012059801256,3,0.95094978,0.95094978,0.95094978,0.017863119356,0.9330866606439999,0.2617330398499647,False
3340494007.jpg,0,0.8788961,0.0569952004,0.0102615362,0.0130954294999999,0.040751692,0,0.8788961,0.8788961,0.8788961,0.0569952004,0.8219008995999999,0.5109168862278115,False
3109710849.jpg,3,0.007603773576,0.006886975864,0.0512138642,0.925143182,0.00915224336,3,0.925143182,0.925143182,0.925143182,0.0512138642,0.8739293178,0.33851920662772683,False
1161877959.jpg,3,0.0072093425859999,0.01840719522,0.1856262,0.7548328599999999,0.0339243948,3,0.7548328599999999,0.7548328599999999,0.7548328599999999,0.1856262,0.56920666,0.7487852607755563,False
505693686.jpg,3,0.0099494536,0.008960733604,0.0224890712,0.90070611,0.0578946615999999,3,0.90070611,0.90070611,0.90070611,0.0578946615999999,0.8428114484000001,0.43260009207600403,False
1604513601.jpg,3,0.006878531276,0.0307446139999999,0.0236777424,0.8973188999999999,0.0413802186,3,0.8973188999999999,0.8973188999999999,0.8973188999999999,0.0413802186,0.8559386814,0.4589487076643083,False
4159550001.jpg,3,0.008049539771924,0.0106017685096,0.009811330978,0.96097067,0.0105667360616,3,0.96097067,0.96097067,0.96097067,0.0106017685096,0.9503689014904,0.21872585981832646,False
3528647821.jpg,3,0.0120554467808,0.0107096625454,0.007757904298,0.95940054,0.010076482458,3,0.95940054,0.95940054,0.95940054,0.0120554467808,0.9473450932192,0.22563644175485403,False
2161797110.jpg,3,0.034631123044,0.041714304772,0.111563596,0.73837794,0.073713005,3,0.73837794,0.73837794,0.73837794,0.111563596,0.626814344,0.9098259683974816,False
2484530081.jpg,4,0.0142352531999999,0.0687847704,0.01916102278,0.0223316374,0.8754873159999998,4,0.8754873159999998,0.8754873159999998,0.8754873159999998,0.0687847704,0.8067025455999999,0.5217463898918143,False
3388237026.jpg,3,0.0048150061662,0.007736765214,0.0072293922,0.89673574,0.0834830928,3,0.89673574,0.89673574,0.89673574,0.0834830928,0.8132526472,0.40398203049339076,False
1753621875.jpg,3,0.0061449622344,0.00899245058,0.01017540228,0.96385414,0.01083305388,3,0.96385414,0.96385414,0.96385414,0.01083305388,0.95302108612,0.20484600123459312,False
2934115703.jpg,4,0.0058019395124,0.0102689302179999,0.0200401002,0.035292092,0.92859695,4,0.92859695,0.92859695,0.92859695,0.035292092,0.893304858,0.3420633742887886,False
1158902447.jpg,3,0.007827742778,0.007929513742,0.00923405274,0.96208796,0.0129207004,3,0.96208796,0.96208796,0.96208796,0.0129207004,0.9491672595999999,0.2129570329458726,False
476012362.jpg,1,0.0092883995,0.546375358,0.0244189088,0.408520518,0.0113967901,1,0.546375358,0.546375358,0.546375358,0.408520518,0.13785484000000003,0.8810760933066127,False
2585168553.jpg,3,0.00881104857,0.0082143087248,0.0126700637,0.959645424,0.0106591843568,3,0.959645424,0.959645424,0.959645424,0.0126700637,0.9469753603,0.224421176121251,False
3108308869.jpg,3,0.008858765972,0.009131964692,0.0091486035,0.9640558,0.0088048639848,3,0.9640558,0.9640558,0.9640558,0.0091486035,0.9549071965,0.2046569481006285,False
3725984716.jpg,3,0.01207071639,0.0103452164599999,0.697340916,0.2695555564,0.010687596512,2,0.697340916,0.2695555564,0.2695555564,0.697340916,-0.4277853596,0.7538740988775974,True
1078779441.jpg,1,0.245734332,0.702753084,0.013692445092,0.0107382131,0.0270819595999999,1,0.702753084,0.702753084,0.702753084,0.245734332,0.45701875200000003,0.797960405395786,False
2097619367.jpg,3,0.00741087818,0.010088028314,0.01075142018,0.962092844,0.009656828414,3,0.962092844,0.962092844,0.962092844,0.01075142018,0.95134142382,0.21343872263254904,False
375377758.jpg,0,0.2093458259999999,0.1180214636,0.0616660278,0.0262206572,0.5847460139999999,4,0.5847460139999999,0.2093458259999999,0.2093458259999999,0.5847460139999999,-0.375400188,1.160606428667474,True
361286161.jpg,3,0.00864023656,0.0137368273,0.012219211,0.9561318,0.009271954957,3,0.9561318,0.9561318,0.9561318,0.0137368273,0.9423949726999999,0.24006555303557406,False
2221302395.jpg,3,0.008884166218,0.01608639016,0.01629366026,0.94789748,0.0108383184,3,0.94789748,0.94789748,0.94789748,0.01629366026,0.93160381974,0.27523892504090747,False
3071845704.jpg,3,0.0090952609359999,0.008163341712,0.01002118472,0.949453184,0.02326700784,3,0.949453184,0.949453184,0.949453184,0.02326700784,0.92618617616,0.26487388970865006,False
69869891.jpg,4,0.007571019918,0.0078609866232,0.0405207176,0.8950076,0.0490396688,3,0.8950076,0.0490396688,0.0490396688,0.8950076,-0.8459679312,0.4521104585868193,True
3865132472.jpg,3,0.011000236988,0.00682113437,0.015807568,0.889915062,0.0764559876,3,0.889915062,0.889915062,0.889915062,0.0764559876,0.8134590744000001,0.4495509984518982,False
220364890.jpg,3,0.009512122136,0.009766690856,0.0081013164719999,0.96514784,0.007472086462,3,0.96514784,0.96514784,0.96514784,0.009766690856,0.955381149144,0.19932762023124456,False
3018835388.jpg,3,0.00986001508,0.01132844098,0.01049837122,0.953406834,0.0149063415356,3,0.953406834,0.953406834,0.953406834,0.0149063415356,0.9385004924644,0.2523246779177605,False
82533757.jpg,1,0.00953315628,0.94825571,0.00960150276,0.022027645,0.01058194852,1,0.94825571,0.94825571,0.94825571,0.022027645,0.926228065,0.27152507500156936,False
1623680984.jpg,4,0.3026786999999999,0.0197691906,0.01189908026,0.221531654,0.444121404,4,0.444121404,0.444121404,0.444121404,0.3026786999999999,0.14144270400000009,1.1863862622268677,False
852177343.jpg,1,0.080957133,0.33583614,0.0089534927,0.0342571606,0.539996048,4,0.539996048,0.33583614,0.33583614,0.539996048,-0.204159908,1.06049741866708,True
4155077237.jpg,2,0.00827655892,0.0138867932,0.91758612,0.02325579334,0.0369947443999999,2,0.91758612,0.91758612,0.91758612,0.0369947443999999,0.8805913756,0.3874329532082219,False
1620428397.jpg,3,0.007667046296,0.00800845894,0.0328331912,0.93949418,0.011997129904,3,0.93949418,0.93949418,0.93949418,0.0328331912,0.9066609887999999,0.2998738806482912,False
663810012.jpg,3,0.0115916084,0.016040344,0.0219243714,0.8683353899999999,0.0821082604,3,0.8683353899999999,0.8683353899999999,0.8683353899999999,0.0821082604,0.7862271296,0.5295495025880683,False
847946899.jpg,3,0.0285201768,0.015112232201,0.007782552164,0.8813081779999999,0.0672768538,3,0.8813081779999999,0.8813081779999999,0.8813081779999999,0.0672768538,0.8140313241999999,0.49552326956466064,False
3924666081.jpg,4,0.0364956096,0.157006044,0.067139598,0.02345192078,0.715906836,4,0.715906836,0.715906836,0.715906836,0.157006044,0.558900792,0.9201262070720565,False
3513809597.jpg,3,0.00632673072822,0.0067798836146,0.0131797032,0.96428676,0.00942689147,3,0.96428676,0.96428676,0.96428676,0.0131797032,0.9511070568000001,0.2019819574732118,False
4215655540.jpg,3,0.009022822016,0.0340102848,0.3866315059999999,0.544629222,0.02570615056,3,0.544629222,0.544629222,0.544629222,0.3866315059999999,0.15799771600000007,0.9499356036741393,False
2282747032.jpg,1,0.039103551,0.705327136,0.028984647,0.0225762186,0.204008456,1,0.705327136,0.705327136,0.705327136,0.204008456,0.50131868,0.8854891081274616,False
1522892159.jpg,3,0.007675542426,0.0187332598,0.105571678,0.86128962,0.00672987798,3,0.86128962,0.86128962,0.86128962,0.105571678,0.755717942,0.5115211451559246,False
3838556102.jpg,1,0.006068335974,0.962441752,0.006822306698,0.0172762661,0.007391318544,1,0.962441752,0.962441752,0.962441752,0.0172762661,0.9451654859,0.2082343345924909,False
3676238683.jpg,1,0.111168836,0.620985496,0.076211412,0.106026434,0.085607822,1,0.620985496,0.620985496,0.620985496,0.111168836,0.50981666,1.1846115547413802,False
789395846.jpg,3,0.009502598338,0.010426103784,0.0094737605199999,0.960982512,0.0096150334756,3,0.960982512,0.960982512,0.960982512,0.010426103784,0.950556408216,0.218867786420151,False
734163390.jpg,4,0.01824248396,0.06357709,0.0296416337999999,0.088558094,0.7999806839999999,4,0.7999806839999999,0.7999806839999999,0.7999806839999999,0.088558094,0.7114225899999999,0.7457292847911279,False
3878854578.jpg,2,0.0073292889,0.007540538194,0.96467114,0.01417962013,0.006279412844,2,0.96467114,0.96467114,0.96467114,0.01417962013,0.95049151987,0.19976866449196956,False
3275064872.jpg,1,0.010603529648,0.9469173,0.01156564035,0.01171174892,0.019201812,1,0.9469173,0.9469173,0.9469173,0.019201812,0.9277154879999999,0.2794213796292489,False
2066357656.jpg,3,0.009590121322,0.0135998656,0.0922722248,0.8462463,0.0382915116,3,0.8462463,0.8462463,0.8462463,0.0922722248,0.7539740752,0.5891029444113768,False
1034735631.jpg,1,0.01091640602,0.09010124,0.6156183559999999,0.01556560468,0.267798372,2,0.6156183559999999,0.09010124,0.09010124,0.6156183559999999,-0.525517116,0.9824508361406465,True
1107481034.jpg,3,0.0064900197416,0.009723226556,0.0068949435019999,0.964436084,0.01245574,3,0.964436084,0.964436084,0.964436084,0.01245574,0.951980344,0.2016087870061179,False
1177964972.jpg,3,0.02041159,0.01085617826,0.0213953028,0.936900876,0.0104360585128,3,0.936900876,0.936900876,0.936900876,0.0213953028,0.9155055732,0.3194730954060381,False
3652439351.jpg,3,0.01122492748,0.00764803292,0.4886319099999999,0.48403412,0.008461016298,2,0.4886319099999999,0.48403412,0.48403412,0.4886319099999999,-0.0045977899999998795,0.8291920356094642,True
1025511060.jpg,2,0.0100345461,0.0505266358,0.906403736,0.0156945114,0.01734059966,2,0.906403736,0.906403736,0.906403736,0.0505266358,0.8558771002000001,0.4215967450884093,False
1753872657.jpg,3,0.007249724441,0.00707874382,0.005853614364,0.971345716,0.008472183474,3,0.971345716,0.971345716,0.971345716,0.008472183474,0.9628735325259999,0.1695142598531975,False
1167942478.jpg,1,0.0079055011,0.966203464,0.00655788316,0.00963672798,0.00969643462,1,0.966203464,0.966203464,0.966203464,0.00969643462,0.95650702938,0.19413812512373704,False
900061372.jpg,3,0.0134213555599999,0.00885799486,0.00943660044,0.957229788,0.0110542852818,3,0.957229788,0.957229788,0.957229788,0.0134213555599999,0.9438084324400001,0.23537043993422002,False
42968835.jpg,3,0.01444020928,0.156174326,0.0368013,0.778568532,0.014015626064,3,0.778568532,0.778568532,0.778568532,0.156174326,0.622394206,0.72738883155479,False
1428302810.jpg,4,0.0090497995542,0.03770445024,0.0195646964399999,0.1375331316,0.7961479,4,0.7961479,0.7961479,0.7961479,0.1375331316,0.6586147684,0.6974905667724217,False
183535060.jpg,3,0.007778933104,0.0075606191318,0.0120033728,0.965015704,0.0076413264908,3,0.965015704,0.965015704,0.965015704,0.0120033728,0.9530123312000001,0.19940528373426664,False
2030983872.jpg,2,0.00725536406,0.01176340014,0.946371536,0.0163829136,0.0182267811,2,0.946371536,0.946371536,0.946371536,0.0182267811,0.9281447549,0.28052043944650723,False
3906485843.jpg,1,0.065853734,0.730070926,0.0132100056,0.01067369768,0.1801916136,1,0.730070926,0.730070926,0.730070926,0.1801916136,0.5498793124,0.8232490833098913,False
3057793137.jpg,0,0.820829,0.0434731493999999,0.00684643476,0.0173690544,0.11148235,0,0.820829,0.820829,0.820829,0.11148235,0.7093466500000001,0.6474804134990644,False
3662975294.jpg,3,0.0472471599999999,0.050691498,0.01067121304,0.7620312,0.1293589464,3,0.7620312,0.7620312,0.7620312,0.1293589464,0.6326722536,0.8154826838099164,False
1926101032.jpg,3,0.012748683742,0.015689813,0.01760352062,0.93915974,0.014798247158,3,0.93915974,0.93915974,0.93915974,0.01760352062,0.92155621938,0.313212691205748,False
2333207631.jpg,3,0.0088536625,0.024991381,0.1204229704,0.8351525639999999,0.01057942509,3,0.8351525639999999,0.8351525639999999,0.8351525639999999,0.1204229704,0.7147295936,0.5875233748699473,False
1775350103.jpg,0,0.917112436,0.01506951982,0.004154765536,0.003351201516,0.0603120832,0,0.917112436,0.917112436,0.917112436,0.0603120832,0.8568003528,0.35382022655560486,False
3019013564.jpg,3,0.01160093037,0.007737405118,0.0301177012,0.937296624,0.01324733924,3,0.937296624,0.937296624,0.937296624,0.0301177012,0.9071789228,0.3127859437252369,False
205384008.jpg,3,0.00942187768,0.01635941048,0.007891733636,0.94616886,0.02015807986,3,0.94616886,0.94616886,0.94616886,0.02015807986,0.92601078014,0.280502887286592,False
3564557522.jpg,3,0.01177475842,0.008126278378,0.016893195,0.91623552,0.0469702864,3,0.91623552,0.91623552,0.91623552,0.0469702864,0.8692652336,0.3841489123984407,False
4263858320.jpg,3,0.007728226214,0.009237590016,0.01513693204,0.954475564,0.01342168,3,0.954475564,0.954475564,0.954475564,0.01513693204,0.93933863196,0.24661916411503998,False
2116832558.jpg,4,0.44293828,0.1157720678,0.014472805,0.01831923362,0.408497578,0,0.44293828,0.408497578,0.408497578,0.44293828,-0.034440702000000045,1.110603509559723,True
3188464831.jpg,4,0.0217467389,0.01546411916,0.03500654,0.373957996,0.55382458,4,0.55382458,0.55382458,0.55382458,0.373957996,0.179866584,0.9601644808017267,False
2722575699.jpg,3,0.00869401015676,0.0092339465038,0.01243068053,0.955645916,0.01399546388,3,0.955645916,0.955645916,0.955645916,0.01399546388,0.9416504521200001,0.24215716820063907,False
82290706.jpg,4,0.0581488424,0.1228549316,0.0274289412,0.0904383334,0.701128932,4,0.701128932,0.701128932,0.701128932,0.1228549316,0.5782740004,0.9879303210001461,False
969351419.jpg,1,0.0140351228,0.91393472,0.0141035494,0.051144463,0.0067821077,1,0.91393472,0.91393472,0.91393472,0.051144463,0.862790257,0.3881508738236943,False
4189463484.jpg,3,0.00906634472368,0.0096138600588,0.00986152028,0.962500484,0.008957769228,3,0.962500484,0.962500484,0.962500484,0.00986152028,0.95263896372,0.21186968106181692,False
3271077588.jpg,3,0.0062536770524,0.0293273427999999,0.01271119584,0.94144042,0.010267354982,3,0.94144042,0.94144042,0.94144042,0.0293273427999999,0.9121130772,0.294548235736321,False
1266269794.jpg,2,0.013122388604,0.012206105742,0.42291239,0.534373498,0.0173855899,3,0.534373498,0.42291239,0.42291239,0.534373498,-0.11146110799999998,0.8799162052720556,True
2799677142.jpg,2,0.00824301862,0.0070309019,0.92277761,0.054150582,0.00779785098,2,0.92277761,0.92277761,0.92277761,0.054150582,0.868627028,0.34432177990474894,False
1111006106.jpg,3,0.00788773862,0.00616639024,0.2885277856,0.6894658,0.00795230898,3,0.6894658,0.6894658,0.6894658,0.2885277856,0.40093801440000004,0.7230176173185121,False
2598399396.jpg,2,0.0087914088,0.01465837536,0.95525662,0.012174840564,0.00911875126,2,0.95525662,0.95525662,0.95525662,0.01465837536,0.94059824464,0.24375003192292152,False
2324206704.jpg,2,0.005265841286,0.0196895446,0.952725646,0.00852149688,0.0137975031,2,0.952725646,0.952725646,0.952725646,0.0196895446,0.9330361013999999,0.2508049037030884,False
718077278.jpg,1,0.036573314662,0.761184456,0.037110805,0.00903225136,0.1560992104,1,0.761184456,0.761184456,0.761184456,0.1560992104,0.6050852456,0.783381242038184,False
2369756081.jpg,1,0.161577436,0.707961884,0.0329767126,0.0292991846,0.0681847758,1,0.707961884,0.707961884,0.707961884,0.161577436,0.5463844480000001,0.9380832985345886,False
722155866.jpg,3,0.0135928464,0.0139416356,0.287072582,0.6774163360000001,0.007976618304,3,0.6774163360000001,0.6774163360000001,0.6774163360000001,0.287072582,0.39034375400000004,0.7786379617571764,False
2576504437.jpg,3,0.00702143324204,0.01083917576,0.0104917759164,0.960712924,0.0109346825334,3,0.960712924,0.960712924,0.960712924,0.0109346825334,0.9497782414666,0.2195573850821809,False
2312856534.jpg,3,0.0068717545,0.0107035216,0.0099912592,0.964563644,0.00786978788,3,0.964563644,0.964563644,0.964563644,0.0107035216,0.9538601224000001,0.20173555079070868,False
4151340541.jpg,3,0.01017800912,0.0347733086,0.007566421188,0.939335156,0.0081470907516,3,0.939335156,0.939335156,0.939335156,0.0347733086,0.9045618473999999,0.2984214192053084,False
3180218586.jpg,3,0.0107760364679999,0.00810212874,0.010753182848,0.953058596,0.01731007912,3,0.953058596,0.953058596,0.953058596,0.01731007912,0.9357485168799999,0.2526160558572179,False
3848881120.jpg,2,0.0119349536,0.01107277182,0.943785742,0.02458490678,0.008621580212,2,0.943785742,0.943785742,0.943785742,0.02458490678,0.91920083522,0.28940372440356704,False
2247736336.jpg,3,0.0174223022,0.01118131062,0.0168676876,0.94248978,0.01203889163,3,0.94248978,0.94248978,0.94248978,0.0174223022,0.9250674778000001,0.29869474378807775,False
1502817204.jpg,3,0.00933324057,0.008847945682,0.008594371048,0.953623676,0.0196007621,3,0.953623676,0.953623676,0.953623676,0.0196007621,0.9340229139,0.2486926399270994,False
347499278.jpg,4,0.208871196,0.0670537908,0.0454000381,0.0309806906,0.647694292,4,0.647694292,0.647694292,0.647694292,0.208871196,0.4388230959999999,1.037641118836801,False
1343457656.jpg,3,0.009851503784,0.009217142248,0.008898514042,0.962221384,0.00981142976318,3,0.962221384,0.962221384,0.962221384,0.009851503784,0.952369880216,0.2131566943057781,False
111358933.jpg,0,0.910043438,0.0489713221,0.0134464912199999,0.0165943704,0.01094440944,0,0.910043438,0.910043438,0.910043438,0.0489713221,0.8610721159,0.408876211858769,False
858147094.jpg,3,0.01031015721,0.013510857782,0.01133742364,0.927166808,0.0376747508,3,0.927166808,0.927166808,0.927166808,0.0376747508,0.8894920571999999,0.3497476935990512,False
2216965382.jpg,3,0.0113503779,0.01083902524,0.00937285196,0.950810604,0.01762713656,3,0.950810604,0.950810604,0.950810604,0.01762713656,0.9331834674399999,0.26278883035769524,False
2929669702.jpg,3,0.00854414369,0.0092763847839999,0.012957034,0.93388524,0.035337208,3,0.93388524,0.93388524,0.93388524,0.035337208,0.898548032,0.3224256896191276,False
3063643344.jpg,2,0.0351577592,0.103080904,0.713976944,0.114848762,0.0329356180399999,2,0.713976944,0.713976944,0.713976944,0.114848762,0.5991281820000001,0.9534363741235694,False
2241394681.jpg,2,0.007151729252,0.0092994184,0.968692216,0.00869981376,0.0061568169862,2,0.968692216,0.968692216,0.968692216,0.0092994184,0.9593927976,0.18226102590976168,False
60495599.jpg,3,0.005535018974,0.008309526742,0.01466865412,0.96461782,0.00686895846,3,0.96461782,0.96461782,0.96461782,0.01466865412,0.94994916588,0.1994620867196138,False
867127390.jpg,1,0.049230398,0.85913793,0.021557118122,0.018810442742,0.0512640674,1,0.85913793,0.85913793,0.85913793,0.0512640674,0.8078738626,0.5884336176893563,False
2225422643.jpg,3,0.0078610639,0.01458223812,0.01160828901,0.95438844,0.011559927712,3,0.95438844,0.95438844,0.95438844,0.01458223812,0.93980620188,0.24758822637290123,False
149534260.jpg,3,0.0116482956,0.00998844596,0.0211191368,0.94865328,0.008590833252,3,0.94865328,0.94865328,0.94865328,0.0211191368,0.9275341432,0.27021627945908583,False
2265305065.jpg,1,0.370090044,0.46710817,0.0157343106,0.0153525088,0.13171494,1,0.46710817,0.46710817,0.46710817,0.370090044,0.09701812599999998,1.1198811637905024,False
3762629314.jpg,2,0.01540476366,0.02584169418,0.386679792,0.01354782598,0.5585259579999999,4,0.5585259579999999,0.386679792,0.386679792,0.5585259579999999,-0.1718461659999999,0.909755654524803,True
4256663928.jpg,3,0.012665917,0.00946679036,0.00925890319,0.93214874,0.036459595,3,0.93214874,0.93214874,0.93214874,0.036459595,0.8956891450000001,0.32903529711678814,False
2193438012.jpg,4,0.0961715398,0.072758334,0.04005569412,0.0101319726,0.780882436,4,0.780882436,0.780882436,0.780882436,0.0961715398,0.6847108961999999,0.7844100929108255,False
2268307664.jpg,3,0.022404912402,0.012917423668,0.011559784036,0.938924402,0.0141934622232,3,0.938924402,0.938924402,0.938924402,0.022404912402,0.916519489598,0.3124080129092986,False
343259772.jpg,3,0.01980187702,0.0356801546,0.232994718,0.619023384,0.092499826,3,0.619023384,0.619023384,0.619023384,0.232994718,0.386028666,1.0530943406841555,False
174581727.jpg,3,0.010113421016,0.00774691997,0.00938046342,0.965161776,0.00759738931,3,0.965161776,0.965161776,0.965161776,0.010113421016,0.955048354984,0.19921120900486478,False
3287300042.jpg,3,0.01730184114,0.0259821386,0.0294668628,0.908931566,0.01831762386,3,0.908931566,0.908931566,0.908931566,0.0294668628,0.8794647032,0.4289502692795609,False
2577595009.jpg,3,0.008232086238,0.0086983312639999,0.0114185474,0.956760692,0.01489035498,3,0.956760692,0.956760692,0.956760692,0.01489035498,0.94187033702,0.2367866846703731,False
3329397596.jpg,3,0.00922706744,0.01160857198,0.00990553418,0.961391032,0.007867808844,3,0.961391032,0.961391032,0.961391032,0.01160857198,0.94978246002,0.21664629799736712,False
1141275049.jpg,3,0.008256148294,0.00955673838,0.00926842814,0.96239868,0.01052001698,3,0.96239868,0.96239868,0.96239868,0.01052001698,0.9518786630199999,0.21223210602272366,False
2632382068.jpg,1,0.01728683888,0.6816987779999999,0.04043994838,0.2137906558,0.0467837748,1,0.6816987779999999,0.6816987779999999,0.6816987779999999,0.2137906558,0.4679081221999999,0.9341696593421037,False
717221311.jpg,3,0.009355519608,0.0255543079,0.03548528174,0.920811872,0.008793036834,3,0.920811872,0.920811872,0.920811872,0.03548528174,0.88532659026,0.3734768291418082,False
3110371783.jpg,3,0.0575286936,0.14725103,0.0563699756,0.525991492,0.212858796,3,0.525991492,0.525991492,0.525991492,0.212858796,0.31313269599999993,1.275711177573776,False
3976765860.jpg,3,0.00858114302,0.0102584513,0.00804970642,0.962215936,0.010894751308,3,0.962215936,0.962215936,0.962215936,0.010894751308,0.951321184692,0.21292712088594315,False
1103742559.jpg,1,0.00917806562,0.966439124,0.0063373093984,0.0092433953,0.008802125636,1,0.966439124,0.966439124,0.966439124,0.0092433953,0.9571957287,0.19307308253219502,False
451922996.jpg,3,0.0080148119804,0.0070663032638,0.0195295518,0.9575716,0.007817753308,3,0.9575716,0.9575716,0.9575716,0.0195295518,0.9380420481999999,0.22998544360378395,False
2962131870.jpg,3,0.01134800762,0.009049635394,0.0672754664,0.90296482,0.0093620858799999,3,0.90296482,0.90296482,0.90296482,0.0672754664,0.8356893536,0.4108753130087517,False
674380607.jpg,3,0.00720262336,0.0088079623179999,0.00803795574,0.943220164,0.03273129884,3,0.943220164,0.943220164,0.943220164,0.03273129884,0.9104888651599999,0.2830432788856785,False
3848622850.jpg,3,0.00748923266246,0.00841764131,0.0086681711632,0.96798581,0.0074391488783799,3,0.96798581,0.96798581,0.96798581,0.0086681711632,0.9593176388368,0.18598188313014352,False
3724849127.jpg,3,0.0076775320509999,0.008236667726,0.0125059122,0.96115308,0.01042681962,3,0.96115308,0.96115308,0.96115308,0.0125059122,0.9486471678,0.2173737123622209,False
1425154910.jpg,2,0.0154964998,0.1137678719999999,0.80821147,0.0537516242,0.008772519902,2,0.80821147,0.80821147,0.80821147,0.1137678719999999,0.6944435980000001,0.6826394038756531,False
3433580973.jpg,4,0.1658975916,0.0873786082,0.0078938604999999,0.00810332732,0.730726612,4,0.730726612,0.730726612,0.730726612,0.1658975916,0.5648290203999999,0.8174830791129959,False
4001662386.jpg,3,0.0121981349,0.0138442476,0.01385396644,0.94931026,0.01079337826,3,0.94931026,0.94931026,0.94931026,0.01385396644,0.9354562935599999,0.27055023806841644,False
712488898.jpg,3,0.029132620134,0.024151957784,0.0212759679,0.639748632,0.285690822,3,0.639748632,0.639748632,0.639748632,0.285690822,0.35405781,0.9185425630293707,False
2826122413.jpg,4,0.0146311998,0.01387074662,0.0266134502,0.00966617658,0.93521844,4,0.93521844,0.93521844,0.93521844,0.0266134502,0.9086049897999999,0.3251379888584417,False
1108899810.jpg,3,0.01557554,0.01312416598,0.010916732716,0.951636824,0.0087467528416,3,0.951636824,0.951636824,0.951636824,0.01557554,0.936061284,0.25963892024275587,False
3551135685.jpg,0,0.4315938180000001,0.0431449482,0.0227242654,0.024806971,0.477729992,4,0.477729992,0.4315938180000001,0.4315938180000001,0.477729992,-0.04613617399999992,1.0288701282890134,True
2808537553.jpg,3,0.007854060262,0.008783924976,0.00891618803,0.95890646,0.01553932492,3,0.95890646,0.95890646,0.95890646,0.01553932492,0.94336713508,0.22668934041604766,False
1844980570.jpg,3,0.007727042567,0.0077830902989999,0.00918415826,0.9673912,0.0079144995228,3,0.9673912,0.9673912,0.9673912,0.00918415826,0.95820704174,0.18881619313267192,False
3738414390.jpg,2,0.0101216461,0.3203496728,0.571373498,0.032554608,0.065600577,2,0.571373498,0.571373498,0.571373498,0.3203496728,0.25102382520000005,1.0211631373711332,False
3163944517.jpg,3,0.01044523072,0.0105236535583999,0.049376748,0.8425156200000001,0.087138758,3,0.8425156200000001,0.8425156200000001,0.8425156200000001,0.087138758,0.7553768620000001,0.601128749418733,False
370212092.jpg,3,0.0064150628419999,0.016544653,0.040917172,0.92407954,0.0120435673,3,0.92407954,0.92407954,0.92407954,0.040917172,0.883162368,0.35721699565093934,False
3808126182.jpg,3,0.00874511475,0.007561558327,0.0393578568,0.935399498,0.00893593981,3,0.935399498,0.935399498,0.935399498,0.0393578568,0.8960416412,0.3103304631166421,False
4005530868.jpg,3,0.0114694434,0.0261808374,0.017763419,0.9313226,0.0132636951478,3,0.9313226,0.9313226,0.9313226,0.0261808374,0.9051417626,0.3418118949399628,False
301667071.jpg,3,0.0078620825376,0.0073922656,0.01702790796,0.958007344,0.00971040992,3,0.958007344,0.958007344,0.958007344,0.01702790796,0.94097943604,0.22982834057309762,False
674703368.jpg,4,0.421980872,0.1112472636,0.0366355084,0.0180003884,0.412135948,0,0.421980872,0.412135948,0.412135948,0.421980872,-0.009844924000000033,1.1671583086756387,True
486378688.jpg,3,0.01026363341,0.009398118144,0.0130999995999999,0.9552627,0.01197551603,3,0.9552627,0.9552627,0.9552627,0.0130999995999999,0.9421627004000002,0.24436407480198757,False
1298289380.jpg,3,0.012414482248,0.0154799072,0.01056192582,0.950904968,0.0106387099214,3,0.950904968,0.950904968,0.950904968,0.0154799072,0.9354250608,0.2632754301471504,False
2997330474.jpg,3,0.008086258318,0.008086136604,0.0206679774,0.95021876,0.0129408552,3,0.95021876,0.95021876,0.95021876,0.0206679774,0.9295507826,0.2628663672284079,False
142279359.jpg,3,0.0088718698142,0.0086307714574,0.010262768156,0.962897616,0.00933698239,3,0.962897616,0.962897616,0.962897616,0.010262768156,0.952634847844,0.2099754399813885,False
458698920.jpg,1,0.0376780952,0.5647136719999999,0.0433753576,0.01198523611,0.3422476439999999,1,0.5647136719999999,0.5647136719999999,0.5647136719999999,0.3422476439999999,0.22246602799999998,1.0023268698622314,False
1012623980.jpg,1,0.1567190239999999,0.7505596559999999,0.01268055694,0.00881272114,0.0712280322,1,0.7505596559999999,0.7505596559999999,0.7505596559999999,0.1567190239999999,0.5938406319999999,0.7910678862290293,False
48759144.jpg,3,0.009219042152,0.01087482184,0.00894795396,0.96202548,0.008932652362,3,0.96202548,0.96202548,0.96202548,0.01087482184,0.95115065816,0.21396360100656325,False
2468056909.jpg,3,0.01181442732,0.017313846,0.039487718,0.916630436,0.01475360174,3,0.916630436,0.916630436,0.916630436,0.039487718,0.8771427180000001,0.39228051443875706,False
281999383.jpg,4,0.19374424,0.171576389,0.00948580116,0.01179044414,0.613403144,4,0.613403144,0.613403144,0.613403144,0.19374424,0.41965890399999994,1.016748332086816,False
1150053692.jpg,3,0.007686164284,0.00872806672,0.0310630264,0.943971616,0.0085511296,3,0.943971616,0.943971616,0.943971616,0.0310630264,0.9129085896,0.28178955347868534,False
3713675255.jpg,4,0.0206901566,0.0365104238,0.02619662786,0.1828223043,0.73378046,4,0.73378046,0.73378046,0.73378046,0.1828223043,0.5509581557,0.8343025207571183,False
3762288962.jpg,4,0.023744042,0.00989136071,0.010855635136,0.01711295394,0.938396002,4,0.938396002,0.938396002,0.938396002,0.023744042,0.9146519599999999,0.31285341090934626,False
2983128963.jpg,4,0.0206440386,0.02221936656,0.43956202,0.01507789478,0.5024967039999999,4,0.5024967039999999,0.5024967039999999,0.5024967039999999,0.43956202,0.06293468399999991,0.9350456327544747,False
562027159.jpg,2,0.0171238896,0.0442165596,0.9034489,0.02295068688,0.01225998746,2,0.9034489,0.9034489,0.9034489,0.0442165596,0.8592323404,0.43986277098986,False
1012804587.jpg,1,0.0132649305,0.913630288,0.01518896004,0.0071290215,0.0507867984,1,0.913630288,0.913630288,0.913630288,0.0507867984,0.8628434896,0.39005957946710124,False
3909952620.jpg,3,0.0099472296999999,0.009986946004,0.6219547240000001,0.348998606,0.0091125026152,2,0.6219547240000001,0.348998606,0.348998606,0.6219547240000001,-0.2729561180000001,0.7974227089326194,True
2638836659.jpg,1,0.0159285994,0.6319203040000001,0.0596254135999999,0.00708829232,0.2854373679999999,1,0.6319203040000001,0.6319203040000001,0.6319203040000001,0.2854373679999999,0.3464829360000002,0.9170535151147462,False
2323982153.jpg,3,0.01281815043,0.016207201094,0.01398330684,0.8907795000000001,0.0662118544,3,0.8907795000000001,0.8907795000000001,0.8907795000000001,0.0662118544,0.8245676456000001,0.46514982295439405,False
3431741471.jpg,3,0.00920641671,0.0516785664,0.107280402,0.7524033640000001,0.079431278,3,0.7524033640000001,0.7524033640000001,0.7524033640000001,0.107280402,0.6451229620000001,0.850984396206653,False
2407733986.jpg,2,0.0079390779199999,0.00864402482,0.5875606019999999,0.00968558464,0.3861707,2,0.5875606019999999,0.5875606019999999,0.5875606019999999,0.3861707,0.20138990199999995,0.8042556462642483,False
4125173435.jpg,2,0.0095647337301,0.055021471,0.909946096,0.01557019608,0.00989751096,2,0.909946096,0.909946096,0.909946096,0.055021471,0.854924625,0.400399448658538,False
1501728003.jpg,0,0.2784939,0.16383281,0.090719342,0.102595148,0.364358806,4,0.364358806,0.2784939,0.2784939,0.364358806,-0.08586490599999996,1.4715669300173748,True
880947570.jpg,3,0.01040084214,0.0194613382,0.06076685,0.898838824,0.010532138458,3,0.898838824,0.898838824,0.898838824,0.06076685,0.838071974,0.43816258566133004,False
582719754.jpg,3,0.008398737976,0.0102965939,0.01418959176,0.95893182,0.0081832395372,3,0.95893182,0.95893182,0.95893182,0.01418959176,0.94474222824,0.22717907799478246,False
1617011317.jpg,3,0.0131653524,0.0159831111,0.0230944,0.935076804,0.012680349712,3,0.935076804,0.935076804,0.935076804,0.0230944,0.9119824040000001,0.3282939110490423,False
1138283090.jpg,3,0.01769876734,0.0240975544,0.0268887682,0.847394344,0.0839206068,3,0.847394344,0.847394344,0.847394344,0.0839206068,0.7634737372,0.606676220326593,False
858578370.jpg,2,0.0106865657516,0.011665733466,0.937692534,0.02361727628,0.0163378856,2,0.937692534,0.937692534,0.937692534,0.02361727628,0.91407525772,0.3164374122255091,False
2321993342.jpg,3,0.009260006318,0.0112739857,0.0262860336,0.94401354,0.009166469116,3,0.94401354,0.94401354,0.94401354,0.0262860336,0.9177275064,0.28697005367593337,False
1649231975.jpg,4,0.0530007081999999,0.0582049186,0.0567421886,0.01046244684,0.82158972,4,0.82158972,0.82158972,0.82158972,0.0582049186,0.7633848014,0.6931783927525746,False
2791918976.jpg,4,0.1579345476,0.24685934,0.0476553048,0.1277496708,0.41980114,4,0.41980114,0.41980114,0.41980114,0.24685934,0.1729418,1.409116740072534,False
1638051159.jpg,4,0.1029426756,0.0379031902,0.010195949802,0.071455826,0.7775023440000001,4,0.7775023440000001,0.7775023440000001,0.7775023440000001,0.1029426756,0.6745596684,0.789073175506589,False
1505418979.jpg,3,0.0092129599,0.01431400112,0.0307402176,0.93545067,0.0102821725056,3,0.93545067,0.93545067,0.93545067,0.0307402176,0.9047104524,0.32049492778941735,False
2764801503.jpg,3,0.008927434634,0.010667888698,0.007631469594,0.965500316,0.0072728805497399,3,0.965500316,0.965500316,0.965500316,0.010667888698,0.954832427302,0.19747637705423707,False
3923826368.jpg,3,0.010249564291,0.0082250377699999,0.0179186519,0.953236144,0.0103705897326,3,0.953236144,0.953236144,0.953236144,0.0179186519,0.9353174921,0.25153441501946566,False
2520828282.jpg,3,0.009517361536,0.00828131595,0.01179052924,0.958401118,0.01200969124,3,0.958401118,0.958401118,0.958401118,0.01200969124,0.9463914267600001,0.23018255957941847,False
647038320.jpg,2,0.0173039012,0.01163712284,0.938341308,0.023745996,0.0089716786,2,0.938341308,0.938341308,0.938341308,0.023745996,0.914595312,0.31285068673925676,False
2212294239.jpg,3,0.009397331412,0.006629089221,0.0152225534,0.960742422,0.0080085968432,3,0.960742422,0.960742422,0.960742422,0.0152225534,0.9455198686,0.21795603017802134,False
1564779862.jpg,3,0.005528930396,0.0140506496,0.0232109274,0.9488326,0.00837687750636,3,0.9488326,0.9488326,0.9488326,0.0232109274,0.9256216726000001,0.2659070887414237,False
1935951907.jpg,3,0.0479725912,0.0157912738,0.0219683605,0.90239902,0.01186874954,3,0.90239902,0.90239902,0.90239902,0.0479725912,0.8544264288000001,0.4403834478426829,False
699957994.jpg,3,0.0089736717796,0.0088763153739999,0.00851556784,0.965859924,0.00777453208,3,0.965859924,0.965859924,0.965859924,0.0089736717796,0.9568862522204,0.19612672752750612,False
2115543310.jpg,3,0.0082667670642,0.010693673062,0.00797595102,0.9583045,0.0147591104,3,0.9583045,0.9583045,0.9583045,0.0147591104,0.9435453896,0.22974353409652398,False
3167842843.jpg,3,0.0186295946,0.0338441296,0.5534838959999999,0.33123124,0.0628111316,2,0.5534838959999999,0.33123124,0.33123124,0.5534838959999999,-0.22225265599999994,1.0560235596048495,True
2489013604.jpg,1,0.315738504,0.489540672,0.05461560602,0.0394765528,0.100628718,1,0.489540672,0.489540672,0.489540672,0.315738504,0.17380216800000003,1.2311261480426987,False
3487867690.jpg,4,0.0058324395302,0.01449836642,0.02188643392,0.90807842,0.0497043479999999,3,0.90807842,0.0497043479999999,0.0497043479999999,0.90807842,-0.8583740720000002,0.411790192204018,True
242977763.jpg,3,0.0071973419624,0.008408859458,0.0090944149,0.95972643,0.01557293576,3,0.95972643,0.95972643,0.95972643,0.01557293576,0.9441534942400001,0.2227075629119967,False
442646143.jpg,3,0.0090253289,0.0123734029,0.0244921138,0.939961356,0.01414778672,3,0.939961356,0.939961356,0.939961356,0.0244921138,0.9154692421999999,0.3061296023304554,False
2834029646.jpg,3,0.007404888374,0.00686994005,0.024706769312,0.95221934,0.00879901512,3,0.95221934,0.95221934,0.95221934,0.024706769312,0.927512570688,0.25024104271301556,False
3417990628.jpg,3,0.007333429852,0.007406083558,0.008965324298,0.96175726,0.01453789808,3,0.96175726,0.96175726,0.96175726,0.01453789808,0.94721936192,0.2136541145801233,False
3128461384.jpg,3,0.0151257634,0.0210681349999999,0.27256458,0.6776492040000001,0.0135923264,3,0.6776492040000001,0.6776492040000001,0.6776492040000001,0.27256458,0.40508462400000006,0.8211353032495827,False
94536090.jpg,3,0.00842916053,0.00783993476,0.0447861031999999,0.9233783,0.015566497982,3,0.9233783,0.9233783,0.9233783,0.0447861031999999,0.8785921968000001,0.3557754382493839,False
631049662.jpg,3,0.008299173458,0.01059572878,0.01511196944,0.958604078,0.007389038816,3,0.958604078,0.958604078,0.958604078,0.01511196944,0.94349210856,0.2280923943072579,False
1099668939.jpg,2,0.009968058898,0.01043286747,0.953688398,0.01486392608,0.011046736434,2,0.953688398,0.953688398,0.953688398,0.01486392608,0.9388244719200001,0.25109375484695456,False
4245498205.jpg,3,0.007804250252,0.007815342176,0.00779264178,0.96877042,0.007817360642,3,0.96877042,0.96877042,0.96877042,0.007817360642,0.960953059358,0.18228409242692917,False
4283270414.jpg,4,0.0172044115,0.03059253038,0.232865922,0.0268858614,0.692451276,4,0.692451276,0.692451276,0.692451276,0.232865922,0.459585354,0.8676356713442117,False
3301703643.jpg,3,0.01014009112,0.00977346656,0.0119873054,0.9589792,0.0091199395954,3,0.9589792,0.9589792,0.9589792,0.0119873054,0.9469918946,0.2278256483130861,False
422690051.jpg,2,0.019845279,0.614738988,0.0666745579599999,0.2074454339999999,0.0912957388,1,0.614738988,0.0666745579599999,0.0666745579599999,0.614738988,-0.5480644300400002,1.1022637052076922,True
2100448540.jpg,3,0.02038716596,0.01719771294,0.01938808498,0.930731336,0.01229569406,3,0.930731336,0.930731336,0.930731336,0.02038716596,0.91034417004,0.34658208907918875,False
53126023.jpg,0,0.489025892,0.30992626,0.0850181356,0.01161263602,0.1044170876,0,0.489025892,0.489025892,0.489025892,0.30992626,0.179099632,1.21009217597131,False
494373942.jpg,3,0.007664013624,0.00844112918,0.0322607382,0.902808796,0.0488252792,3,0.902808796,0.902808796,0.902808796,0.0488252792,0.8539835168,0.4281522291820047,False
2888561095.jpg,3,0.007046205912,0.0086592656,0.00977795988,0.968256758,0.0062598082776,3,0.968256758,0.968256758,0.968256758,0.00977795988,0.95847879812,0.18428229539820373,False
3887778156.jpg,3,0.0086940584659999,0.007829335321,0.009933138682,0.96349666,0.010046793428,3,0.96349666,0.96349666,0.96349666,0.010046793428,0.953449866572,0.20708518665831385,False
3031973712.jpg,4,0.0180285567999999,0.00650503088,0.04158110464,0.037160996,0.8967242959999999,4,0.8967242959999999,0.8967242959999999,0.8967242959999999,0.04158110464,0.8551431913599999,0.45748699231701573,False
3291543405.jpg,3,0.0078476672288,0.0087044576862,0.012491576546,0.956172924,0.014783387612,3,0.956172924,0.956172924,0.956172924,0.014783387612,0.9413895363879999,0.23923519745568225,False
1258586775.jpg,0,0.7997920599999999,0.1176169708,0.01445724868,0.019723693,0.0484099778,0,0.7997920599999999,0.7997920599999999,0.7997920599999999,0.1176169708,0.6821750891999999,0.7156852605746145,False
1769355449.jpg,3,0.0087836448662,0.009049507797,0.01467647062,0.95915466,0.0083357246194,3,0.95915466,0.95915466,0.95915466,0.01467647062,0.94447818938,0.22602896121904203,False
9516242.jpg,0,0.87649216,0.0354534238,0.00696183504,0.00996553704,0.071127048,0,0.87649216,0.87649216,0.87649216,0.071127048,0.8053651119999999,0.5024620018104802,False
39509515.jpg,2,0.01100558084,0.01129111695,0.93695453,0.0321480276,0.008600756862,2,0.93695453,0.93695453,0.93695453,0.0321480276,0.9048065023999999,0.31267958639494403,False
3591384657.jpg,2,0.007327923472,0.00926364216,0.957920706,0.0166104953599999,0.00887722962,2,0.957920706,0.957920706,0.957920706,0.0166104953599999,0.9413102106400001,0.23057857256275208,False
2314042250.jpg,3,0.0155216038,0.0147967421,0.195458956,0.7646727019999999,0.009549983467,3,0.7646727019999999,0.7646727019999999,0.7646727019999999,0.195458956,0.569213746,0.6956539286306287,False
2732771084.jpg,3,0.00780685414516,0.00806770527884,0.00875518716,0.967170998,0.008199287881,3,0.967170998,0.967170998,0.967170998,0.00875518716,0.9584158108399999,0.18992430741647873,False
1365114577.jpg,3,0.0085114500856,0.009977493446,0.01138289944,0.961373856,0.0087542939453,3,0.961373856,0.961373856,0.961373856,0.01138289944,0.94999095656,0.21683487323826245,False
2300683900.jpg,3,0.007986660773,0.007925265664,0.01943469508,0.9493962,0.0152571814,3,0.9493962,0.9493962,0.9493962,0.01943469508,0.9299615049200001,0.26661925425135397,False
3088191583.jpg,4,0.230913964,0.1675600019999999,0.1059034079999999,0.04942768664,0.446194962,4,0.446194962,0.446194962,0.446194962,0.230913964,0.21528099799999997,1.3842818601825222,False
2767835895.jpg,3,0.0085061316764,0.0074694505018,0.01482066522,0.960544,0.008659756128,3,0.960544,0.960544,0.960544,0.01482066522,0.9457233347799999,0.21933948862959607,False
1644503085.jpg,3,0.02020431994,0.0112066721,0.03087421888,0.233084464,0.704630306,4,0.704630306,0.233084464,0.233084464,0.704630306,-0.471545842,0.8226736961385865,True
3454506248.jpg,3,0.007374650101,0.00810207334544,0.00938780906,0.96617128,0.008964187844,3,0.96617128,0.96617128,0.96617128,0.00938780906,0.9567834709399999,0.19456130421315893,False
408355226.jpg,3,0.007999885352,0.011804658388,0.008155533776,0.963362382,0.008677501736,3,0.963362382,0.963362382,0.963362382,0.011804658388,0.951557723612,0.20740086957256285,False
2333760008.jpg,2,0.01163638466,0.01451910716,0.94454896,0.017506364764,0.011789187372,2,0.94454896,0.94454896,0.94454896,0.017506364764,0.927042595236,0.2903248115548634,False
2658482776.jpg,4,0.0107339746,0.050445122,0.194648458,0.01618280338,0.72798962,4,0.72798962,0.72798962,0.72798962,0.194648458,0.533341162,0.815746901145485,False
57665451.jpg,3,0.01107014678,0.0473393088,0.0386234524,0.87691112,0.02605598768,3,0.87691112,0.87691112,0.87691112,0.0473393088,0.8295718112,0.5301570006786658,False
2095404633.jpg,1,0.01318606298,0.8702238039999999,0.073090177,0.020730291,0.0227697116,1,0.8702238039999999,0.8702238039999999,0.8702238039999999,0.073090177,0.7971336269999999,0.5357271794696127,False
238134855.jpg,2,0.01040921128,0.007237393456,0.946483062,0.028959987,0.006910347976,2,0.946483062,0.946483062,0.946483062,0.028959987,0.917523075,0.27219562001872216,False
4152202956.jpg,3,0.00859491722,0.01139781904,0.1191877959999999,0.73448276,0.126336718,3,0.73448276,0.73448276,0.73448276,0.126336718,0.608146042,0.8334181762587172,False
3677086623.jpg,1,0.05107466931274,0.8790984319999999,0.01004139569278,0.01983051243064,0.0399549893,1,0.8790984319999999,0.8790984319999999,0.8790984319999999,0.05107466931274,0.82802376268726,0.5178012986302061,False
3311545583.jpg,3,0.0093540580996,0.008607518246,0.0188141456,0.951769524,0.0114548013599999,3,0.951769524,0.951769524,0.951769524,0.0188141456,0.9329553784,0.25762647055798865,False
2549275590.jpg,3,0.00652974594759,0.0071301522506,0.0133618931,0.966563892,0.006414338834,3,0.966563892,0.966563892,0.966563892,0.0133618931,0.9532019989,0.1910204498831472,False
3751316353.jpg,3,0.009042592932,0.0146715704,0.01786885382,0.9463023,0.0121146691045,3,0.9463023,0.9463023,0.9463023,0.01786885382,0.92843344618,0.2821060896301664,False
1636356850.jpg,3,0.02091376026,0.0295466224,0.04321429,0.8617008799999999,0.044624488,3,0.8617008799999999,0.8617008799999999,0.8617008799999999,0.044624488,0.8170763919999999,0.5877192633696744,False
1738300004.jpg,3,0.008877762094,0.0084306161184,0.040434487,0.9332726,0.008984522954,3,0.9332726,0.9332726,0.9332726,0.040434487,0.892838113,0.31870800884718636,False
2649681680.jpg,3,0.0092103931,0.00905701948,0.0203066343,0.952158756,0.009267199822,3,0.952158756,0.952158756,0.952158756,0.0203066343,0.9318521217,0.25497067646945437,False
2875256412.jpg,3,0.0842447334,0.02506194678,0.010615504106,0.849249078,0.0308287204,3,0.849249078,0.849249078,0.849249078,0.0842447334,0.7650043446000001,0.5950968146675911,False
1945045418.jpg,1,0.0111841689,0.1629080944,0.0292956822,0.7879056179999999,0.008706449302,3,0.7879056179999999,0.1629080944,0.1629080944,0.7879056179999999,-0.6249975235999999,0.6784035758735341,True
2716413618.jpg,2,0.01830055784,0.0358197418,0.6958370840000001,0.0551432268,0.194899388,2,0.6958370840000001,0.6958370840000001,0.6958370840000001,0.194899388,0.500937696,0.9233172612638867,False
3957562076.jpg,2,0.009043551907,0.01190914468,0.810305656,0.1392447584,0.02949692106,2,0.810305656,0.810305656,0.810305656,0.1392447584,0.6710608976000001,0.6442174653719979,False
1089555688.jpg,3,0.0199771026,0.00941460256,0.0128767286,0.9477354,0.00999612724154,3,0.9477354,0.9477354,0.9477354,0.0199771026,0.9277582974,0.2750534617163335,False
2529805366.jpg,3,0.01162345006,0.0194884489999999,0.7643432,0.175476944,0.0290679614,2,0.7643432,0.175476944,0.175476944,0.7643432,-0.588866256,0.7421511343403313,True
2218894352.jpg,3,0.00874007214,0.0152184366,0.0513388499999999,0.915297522,0.009405102838,3,0.915297522,0.915297522,0.915297522,0.0513388499999999,0.8639586720000001,0.38245863335283636,False
3909196241.jpg,3,0.011353587458,0.01528821498,0.00798407869,0.95716326,0.008210839402,3,0.95716326,0.95716326,0.95716326,0.01528821498,0.94187504502,0.23466122263908568,False
3808548941.jpg,3,0.007708520108,0.0255296842,0.0101807235799999,0.94814064,0.00844040014,3,0.94814064,0.94814064,0.94814064,0.0255296842,0.9226109558,0.2686389372281095,False
3329640569.jpg,4,0.061132882,0.078184928,0.107333476,0.00945649228,0.7438922079999999,4,0.7438922079999999,0.7438922079999999,0.7438922079999999,0.107333476,0.6365587319999999,0.8738295848956354,False
678743430.jpg,2,0.01001718784,0.106347585,0.6566230839999999,0.2160655996,0.010946554626,2,0.6566230839999999,0.6566230839999999,0.6566230839999999,0.2160655996,0.4405574843999999,0.9411190673357451,False
2590010123.jpg,3,0.015339886084,0.01328378484,0.00990235586,0.95063599,0.0108380008,3,0.95063599,0.95063599,0.95063599,0.015339886084,0.9352961039159999,0.26434424431364906,False
1040156603.jpg,3,0.01236273952,0.02640429424,0.0792375948,0.867735814,0.014259541,3,0.867735814,0.867735814,0.867735814,0.0792375948,0.7884982192,0.5348726853034897,False
3919902591.jpg,3,0.00897897023,0.00902477631,0.0276768082,0.930242936,0.0240765145,3,0.930242936,0.930242936,0.930242936,0.0276768082,0.9025661278,0.34107152911656907,False
1553857773.jpg,2,0.0870985212,0.56767327,0.020195847758,0.01226751406,0.312764824,1,0.56767327,0.020195847758,0.020195847758,0.56767327,-0.547477422242,1.0303289821806052,True
483199386.jpg,3,0.0103433075016,0.00978637242,0.010604118408,0.954882636,0.01438358538,3,0.954882636,0.954882636,0.954882636,0.01438358538,0.94049905062,0.24586885989188723,False
3480553170.jpg,3,0.0089632272012,0.0102291573642,0.0087491262199999,0.958776302,0.0132822184,3,0.958776302,0.958776302,0.958776302,0.0132822184,0.9454940836,0.22835278937591497,False
2869590198.jpg,3,0.00822018395,0.023945755914,0.023774943,0.93552036,0.0085387191396,3,0.93552036,0.93552036,0.93552036,0.023945755914,0.911574604086,0.3207543816139334,False
873720819.jpg,3,0.007862222798,0.009024379916,0.141642134,0.832876724,0.00859457676,3,0.832876724,0.832876724,0.832876724,0.141642134,0.69123459,0.550604795618,False
3631877554.jpg,3,0.008831482223804,0.0089813549588,0.006804060386,0.95788407,0.0174990439704,3,0.95788407,0.95788407,0.95788407,0.0174990439704,0.9403850260296,0.2300579625281076,False
3988179260.jpg,2,0.0141469635,0.0537786272,0.8949657759999999,0.02397053144,0.01313808742,2,0.8949657759999999,0.8949657759999999,0.8949657759999999,0.0537786272,0.8411871487999999,0.46309370587836673,False
4151371064.jpg,3,0.00686155978,0.01096055904,0.01048334872,0.96362118,0.0080733679756,3,0.96362118,0.96362118,0.96362118,0.01096055904,0.9526606209599999,0.2060517624302623,False
225140297.jpg,3,0.00733550792,0.0076195104,0.0407664068,0.93637377,0.0079048296391,3,0.93637377,0.93637377,0.93637377,0.0407664068,0.8956073632,0.30348254236983035,False
9312065.jpg,3,0.01350294714,0.01070606842,0.10139116,0.72166776,0.1527320776,3,0.72166776,0.72166776,0.72166776,0.1527320776,0.5689356824,0.8611573181506691,False
446451403.jpg,3,0.007937440071,0.0094036807,0.0080908159839999,0.96551622,0.0090518569668,3,0.96551622,0.96551622,0.96551622,0.0094036807,0.9561125393000001,0.19771346308086926,False
4256882986.jpg,3,0.0104444969,0.0426819104,0.668512788,0.266672414,0.01168840446,2,0.668512788,0.266672414,0.266672414,0.668512788,-0.401840374,0.8559459150117212,True
2764125609.jpg,2,0.0098995141999999,0.123285004,0.83553354,0.01701380538,0.01426813078,2,0.83553354,0.83553354,0.83553354,0.123285004,0.712248536,0.5838340406653746,False
3645241295.jpg,1,0.030723551,0.776552152,0.0420413996,0.0788221059999999,0.071860794,1,0.776552152,0.776552152,0.776552152,0.0788221059999999,0.6977300460000001,0.826082199056432,False
2127776934.jpg,4,0.005921717922,0.007146580024,0.013216625,0.0185751106,0.95513996,4,0.95513996,0.95513996,0.95513996,0.0185751106,0.9365648494000001,0.24074176650922988,False
1059218033.jpg,3,0.01034210798,0.0161982728,0.010364502,0.952185076,0.01091005709118,3,0.952185076,0.952185076,0.952185076,0.0161982728,0.9359868032,0.25736708929958596,False
2099908294.jpg,3,0.008042871752,0.0276205323999999,0.01363594402,0.940563128,0.010137545916,3,0.940563128,0.940563128,0.940563128,0.0276205323999999,0.9129425956,0.30067409266374423,False
3127706145.jpg,3,0.0079496172139999,0.009511801416,0.0263001304,0.939115638,0.01712282104,3,0.939115638,0.939115638,0.939115638,0.0263001304,0.9128155076,0.30703415555465075,False
2698706438.jpg,2,0.006778808252,0.00921512506,0.8225645100000001,0.1481860928,0.01325545496,2,0.8225645100000001,0.8225645100000001,0.8225645100000001,0.1481860928,0.6743784172,0.5779513062052788,False
2639442548.jpg,2,0.0162260094,0.0138413693538,0.92847912,0.0269926008,0.014460897258,2,0.92847912,0.92847912,0.92847912,0.0269926008,0.9014865192,0.35377528598092667,False
3319706331.jpg,3,0.008032176302,0.0067009450415999,0.010884080918,0.96545424,0.0089285891,3,0.96545424,0.96545424,0.96545424,0.010884080918,0.954570159082,0.19756382175112858,False
1292410663.jpg,4,0.009360104,0.0743010288,0.073500931,0.019832046,0.823005904,4,0.823005904,0.823005904,0.823005904,0.0743010288,0.7487048752,0.6668156520331951,False
3483612153.jpg,2,0.007118611976,0.0235360514,0.8839243800000001,0.0287707624,0.056650174,2,0.8839243800000001,0.8839243800000001,0.8839243800000001,0.056650174,0.827274206,0.49723041294309356,False
203193692.jpg,4,0.0139539312,0.02765278266,0.01859407498,0.0162860128,0.923513188,4,0.923513188,0.923513188,0.923513188,0.02765278266,0.89586040534,0.37346680186582065,False
2338909428.jpg,3,0.0104048188,0.00926107554,0.0112584204,0.938513012,0.0305626611999999,3,0.938513012,0.938513012,0.938513012,0.0305626611999999,0.9079503508000001,0.30753379777457107,False
2576834545.jpg,3,0.0110142088638,0.026807753274,0.009786773128,0.94197432,0.010416974564,3,0.94197432,0.94197432,0.94197432,0.026807753274,0.915166566726,0.295813033958367,False
2631650746.jpg,3,0.010980159524,0.010187538886,0.010588136684,0.958043386,0.0102007851616,3,0.958043386,0.958043386,0.958043386,0.010980159524,0.947063226476,0.23225736230224198,False
736694812.jpg,3,0.01100746528,0.0195149396,0.00870197692,0.952662904,0.0081126679397,3,0.952662904,0.952662904,0.952662904,0.0195149396,0.9331479644,0.2529962798501496,False
372067852.jpg,3,0.007994869583,0.009370248416,0.01296240644,0.958938212,0.01073428152,3,0.958938212,0.958938212,0.958938212,0.01296240644,0.9459758055599999,0.22757826389367172,False
2182290921.jpg,3,0.01268047698,0.00923367708,0.0194771206,0.94730943,0.011299249336,3,0.94730943,0.94730943,0.94730943,0.0194771206,0.9278323094,0.27728630375124447,False
114721185.jpg,3,0.01000180816,0.00961228516,0.015727712,0.95107994,0.01357828458,3,0.95107994,0.95107994,0.95107994,0.015727712,0.935352228,0.2620915600066586,False
24521071.jpg,3,0.01174403294,0.026782032598,0.0841581844,0.83729555,0.0400201959,3,0.83729555,0.83729555,0.83729555,0.0841581844,0.7531373656,0.6349284584566735,False
1284979146.jpg,3,0.006749682456,0.0133324122,0.01752993716,0.931389504,0.03099852236,3,0.931389504,0.931389504,0.931389504,0.03099852236,0.90039098164,0.33607266556138177,False
4022128079.jpg,0,0.94242882,0.025231697,0.0078350293,0.01596794468,0.00853651156,0,0.94242882,0.94242882,0.94242882,0.025231697,0.9171971229999999,0.2934433447609768,False
1620145508.jpg,3,0.01044352944,0.00864776314,0.0137752054,0.920442036,0.046691464,3,0.920442036,0.920442036,0.920442036,0.046691464,0.873750572,0.3671244801594259,False
3772719243.jpg,3,0.00669439586,0.00804411226,0.347874666,0.62480316,0.01258367736,3,0.62480316,0.62480316,0.62480316,0.347874666,0.276928494,0.7885506566580287,False
4040156841.jpg,3,0.01915708176,0.05588807126,0.02918580604,0.862550036,0.0332189994,3,0.862550036,0.862550036,0.862550036,0.05588807126,0.8066619647400001,0.5807533892634446,False
635122883.jpg,2,0.0069536934959999,0.03655540116,0.87045334,0.035430422,0.0506071252,2,0.87045334,0.87045334,0.87045334,0.0506071252,0.8198462148,0.5456148525798181,False
2498170494.jpg,3,0.009285541426,0.009143512622,0.01631786702,0.953930992,0.01132206546,3,0.953930992,0.953930992,0.953930992,0.01631786702,0.9376131249799999,0.24925738900427932,False
863785025.jpg,3,0.008252629438,0.01140311362,0.0217419398,0.95133728,0.0072650133802,3,0.95133728,0.95133728,0.95133728,0.0217419398,0.9295953401999999,0.25708192882251846,False
2205809644.jpg,3,0.01112464584,0.0108475985,0.0249501576,0.888924764,0.0641528127999999,3,0.888924764,0.888924764,0.888924764,0.0641528127999999,0.8247719512,0.4720649235017954,False
2847604591.jpg,1,0.0085633195476,0.94339119,0.0260070286,0.01274180696,0.009296641728,1,0.94339119,0.94339119,0.94339119,0.0260070286,0.9173841614,0.28973029660631977,False
2517952963.jpg,3,0.006662583174,0.006457852228,0.010397138024,0.96840412,0.0080782974296,3,0.96840412,0.96840412,0.96840412,0.010397138024,0.958006981976,0.18344424049864977,False
1124255421.jpg,1,0.215304042,0.3354628819999999,0.00680040542,0.0226502308,0.41978245,4,0.41978245,0.3354628819999999,0.3354628819999999,0.41978245,-0.08431956800000007,1.1811585753362213,True
4136963668.jpg,3,0.009819052572,0.1436311264,0.0742917368,0.76293474,0.0093233748855999,3,0.76293474,0.76293474,0.76293474,0.1436311264,0.6193036136,0.7672811856788074,False
1073881095.jpg,3,0.008490433964,0.00789142112,0.009756058388,0.96520389,0.0086582085376,3,0.96520389,0.96520389,0.96520389,0.009756058388,0.955447831612,0.19917221057558437,False
2607295923.jpg,3,0.005772889598,0.0092847494199999,0.0316337972,0.94698422,0.006324357492,3,0.94698422,0.94698422,0.94698422,0.0316337972,0.9153504228,0.2660593120792415,False
1639780135.jpg,4,0.07456878,0.0462400258,0.01148720688,0.09593043,0.7717735800000001,4,0.7717735800000001,0.7717735800000001,0.7717735800000001,0.09593043,0.6758431500000001,0.8118409421103133,False
1094294460.jpg,2,0.01335190888,0.0193925914,0.93038224,0.008847122482,0.0280261548199999,2,0.93038224,0.93038224,0.93038224,0.0280261548199999,0.9023560851800001,0.3432356245944233,False
3395851593.jpg,2,0.01071439516,0.011595108552,0.926801788,0.03993551064,0.010953177299,2,0.926801788,0.926801788,0.926801788,0.03993551064,0.88686627736,0.3487909399468948,False
125703440.jpg,0,0.0511136348,0.0109700138,0.0162298021,0.4831898759999999,0.438496632,3,0.4831898759999999,0.0511136348,0.0511136348,0.4831898759999999,-0.4320762411999999,0.9813255085399273,True
1303082197.jpg,1,0.608157772,0.078463784,0.0417453606,0.038602086,0.23303096,0,0.608157772,0.078463784,0.078463784,0.608157772,-0.529693988,1.0997971027865168,True
2381876074.jpg,3,0.00717181589626,0.0072381934971999,0.008794181082,0.96719762,0.00959821664,3,0.96719762,0.96719762,0.96719762,0.00959821664,0.9575994033599999,0.18956625753596784,False
81000729.jpg,3,0.01127610504,0.0200265396,0.541130418,0.415250276,0.01231664776,2,0.541130418,0.415250276,0.415250276,0.541130418,-0.12588014199999997,0.8803037975972868,True
2907281169.jpg,3,0.0083604941304,0.0093191998302,0.009824635296,0.96311104,0.009384589043,3,0.96311104,0.96311104,0.96311104,0.009824635296,0.9532864047040001,0.20900385085036674,False
2887524398.jpg,3,0.00869073624,0.0087551983599999,0.00921727354,0.96644458,0.0068921884547999,3,0.96644458,0.96644458,0.96644458,0.00921727354,0.95722730646,0.19321429593806408,False
1252242867.jpg,3,0.00829960337092,0.0084953447354,0.0083227389248,0.964498884,0.0103834232819999,3,0.964498884,0.964498884,0.964498884,0.0103834232819999,0.954115460718,0.20242150087949062,False
2281084675.jpg,3,0.0151967574,0.0193712712,0.0130872918,0.944313224,0.008031460908,3,0.944313224,0.944313224,0.944313224,0.0193712712,0.9249419527999999,0.2896249884687787,False
1308234304.jpg,4,0.007897603528,0.0150875014,0.0237154698,0.82856548,0.1247339359999999,3,0.82856548,0.1247339359999999,0.1247339359999999,0.82856548,-0.703831544,0.6057058498392422,True
442172384.jpg,3,0.01410189306,0.100745416,0.0250631838,0.841570524,0.01851897914,3,0.841570524,0.841570524,0.841570524,0.100745416,0.740825108,0.6027430967790869,False
119590613.jpg,2,0.00485526944122,0.00604856806,0.95967047,0.0188380533799999,0.01058765073,2,0.95967047,0.95967047,0.95967047,0.0188380533799999,0.9408324166200002,0.21924395780124104,False
1891937724.jpg,3,0.01087527722,0.0076835053,0.0659455496,0.8988380359999999,0.0166576237964,3,0.8988380359999999,0.8988380359999999,0.8988380359999999,0.0659455496,0.8328924863999999,0.4299539209906592,False
117969308.jpg,2,0.0102378175,0.01075639192,0.949453204,0.0213106045999999,0.0082419878282,2,0.949453204,0.949453204,0.949453204,0.0213106045999999,0.9281425994000001,0.26646843106754053,False
1560284085.jpg,1,0.00409361257,0.95555566,0.00753467662,0.007976783608,0.0248392578,1,0.95555566,0.95555566,0.95555566,0.0248392578,0.9307164022000001,0.23310789818033426,False
1230760429.jpg,4,0.0299629548,0.0388766112,0.0396659981,0.01243733909,0.8790570959999999,4,0.8790570959999999,0.8790570959999999,0.8790570959999999,0.0396659981,0.8393910978999999,0.5272413176568682,False
3846690495.jpg,3,0.0183366446999999,0.01574397,0.02041509896,0.93297486,0.012529422246,3,0.93297486,0.93297486,0.93297486,0.02041509896,0.9125597610399999,0.3377302535632223,False
3630015138.jpg,1,0.8360738,0.1329933128,0.00854145848,0.0106375031,0.01175394758,0,0.8360738,0.1329933128,0.1329933128,0.8360738,-0.7030804871999999,0.5592385329038266,True
3248325951.jpg,2,0.0097363302,0.0216653512,0.786868844,0.13101111,0.0507183528,2,0.786868844,0.786868844,0.786868844,0.13101111,0.655857734,0.7342193186200356,False
2348917389.jpg,3,0.01087988138,0.0200003588,0.01873193424,0.942171958,0.0082158811483,3,0.942171958,0.942171958,0.942171958,0.0200003588,0.9221715992,0.2975073419646672,False
3645381564.jpg,4,0.1505382058,0.0345882796,0.0191213038,0.0163279864,0.7794242,4,0.7794242,0.7794242,0.7794242,0.1505382058,0.6288859942,0.7384952422608785,False
3236562372.jpg,0,0.440264688,0.2060810558,0.01510030496,0.0066486319979999,0.331905334,0,0.440264688,0.440264688,0.440264688,0.331905334,0.10835935400000002,1.1493943453518987,False
3165854835.jpg,2,0.01190582468,0.0121429098,0.66013766,0.305297214,0.010516390842,2,0.66013766,0.66013766,0.66013766,0.305297214,0.354840446,0.7905997820348576,False
2263722184.jpg,3,0.0193150664,0.0296708782,0.0327828203999999,0.907193548,0.011037709944,3,0.907193548,0.907193548,0.907193548,0.0327828203999999,0.8744107276,0.43075171187494943,False
457931044.jpg,3,0.006629096359,0.008674396412,0.006865946602,0.962334144,0.01549645938,3,0.962334144,0.962334144,0.962334144,0.01549645938,0.94683768462,0.2101580186913588,False
3426576546.jpg,2,0.01206384272,0.0131887818,0.84978904,0.0407017964,0.084256538,2,0.84978904,0.84978904,0.84978904,0.084256538,0.765532502,0.5874438937667378,False
500440865.jpg,3,0.007635756804,0.008204577856,0.00992988096,0.966360964,0.007868862308,3,0.966360964,0.966360964,0.966360964,0.00992988096,0.95643108304,0.19361960396463307,False
961575661.jpg,1,0.14964872,0.425950276,0.029525605,0.19798219,0.1968932179999999,1,0.425950276,0.425950276,0.425950276,0.19798219,0.22796808600000001,1.392393766401717,False
917739753.jpg,3,0.00874554941,0.008813205845,0.00951985394,0.965136456,0.0077849657384,3,0.965136456,0.965136456,0.965136456,0.00951985394,0.95561660206,0.1995046920253374,False
3612201451.jpg,2,0.0821704946,0.0914159236,0.0324368291,0.0416700859999999,0.75230668,4,0.75230668,0.0324368291,0.0324368291,0.75230668,-0.7198698509,0.8817879394623139,True
1320401376.jpg,3,0.0106318672872,0.0080791748282,0.0191437341999999,0.944054242,0.018090979142,3,0.944054242,0.944054242,0.944054242,0.0191437341999999,0.9249105078000001,0.2899057162577007,False
1367438166.jpg,3,0.007765651794,0.01448246158,0.0106684831199999,0.948950976,0.01813240588,3,0.948950976,0.948950976,0.948950976,0.01813240588,0.93081857012,0.2699314970892963,False
3456823667.jpg,4,0.0163787968,0.0288399659999999,0.0389587186,0.8709685,0.0448540442,3,0.8709685,0.0448540442,0.0448540442,0.8709685,-0.8261144558,0.5556091219823467,True
616937230.jpg,3,0.00749112951,0.008820097668,0.01225806364,0.8580526,0.113378152,3,0.8580526,0.8580526,0.8580526,0.113378152,0.744674448,0.5105284447949519,False
939153733.jpg,2,0.0098391108,0.0087877433999999,0.0666268491999999,0.906662762,0.008083521888,3,0.906662762,0.0666268491999999,0.0666268491999999,0.906662762,-0.8400359128000001,0.39532861015607434,True
1212399275.jpg,3,0.007709971348,0.007616300738,0.0810437696,0.89602946,0.0076004759,3,0.89602946,0.89602946,0.89602946,0.0810437696,0.8149856904,0.413757879037021,False
2574523896.jpg,1,0.01022638944,0.7419374999999999,0.10126778616,0.13101413912,0.015554192,1,0.7419374999999999,0.7419374999999999,0.7419374999999999,0.13101413912,0.6109233608799999,0.8312667665900013,False
1412967165.jpg,3,0.0064579953879999,0.007761906278,0.00915621988,0.970613408,0.006010485326,3,0.970613408,0.970613408,0.970613408,0.00915621988,0.9614571881199999,0.17293818767866875,False
3870368775.jpg,3,0.009005874318,0.00758529418,0.0789455956,0.84092049,0.0635427364,3,0.84092049,0.84092049,0.84092049,0.0789455956,0.7619748944,0.6007099239889154,False
2202135584.jpg,3,0.01157429138,0.01059992976,0.01170532108,0.95994049,0.006179975036,3,0.95994049,0.95994049,0.95994049,0.01170532108,0.94823516892,0.22254847606268685,False
2940098090.jpg,2,0.009605641212,0.0456719268,0.227033822,0.012934852,0.7047537399999999,4,0.7047537399999999,0.227033822,0.227033822,0.7047537399999999,-0.4777199179999999,0.8250278687179197,True
2526623317.jpg,3,0.1904663876,0.295176404,0.0209563148,0.4049714,0.088429458,3,0.4049714,0.4049714,0.4049714,0.295176404,0.10979499599999998,1.3375777058698108,False
3646458335.jpg,3,0.011309352122,0.009294782932,0.01036416468,0.9567443,0.01228740528,3,0.9567443,0.9567443,0.9567443,0.01228740528,0.9444568947199999,0.23789265786222114,False
1556861739.jpg,3,0.011481831256,0.117106744,0.00901709999,0.85208478,0.0103095624,3,0.85208478,0.85208478,0.85208478,0.117106744,0.734978036,0.5284582369298015,False
481585072.jpg,3,0.008364314698,0.008879596338,0.0220485046,0.9486372,0.0120704134,3,0.9486372,0.9486372,0.9486372,0.0220485046,0.9265886954,0.26940004773669013,False
1287875001.jpg,3,0.00766203252,0.00983403213,0.01259283996,0.96060078,0.009310278252,3,0.96060078,0.96060078,0.96060078,0.01259283996,0.94800794004,0.22001983055833998,False
3357990838.jpg,3,0.010571560678,0.011314329102,0.0330153182,0.92925162,0.015847194004,3,0.92925162,0.92925162,0.92925162,0.0330153182,0.8962363017999999,0.34527898667346346,False
4177958446.jpg,4,0.009239469548,0.0244394907999999,0.0070104192559999,0.02487903818,0.93443156,4,0.93443156,0.93443156,0.93443156,0.02487903818,0.90955252182,0.32402956433588415,False
2320471703.jpg,1,0.018946347,0.427566172,0.0452718814,0.469365368,0.0388502124,3,0.469365368,0.427566172,0.427566172,0.469365368,-0.04179919599999998,1.0597462940838691,True
3576823132.jpg,2,0.0130208034,0.00734478722,0.94127866,0.0302883145999999,0.00806743475,2,0.94127866,0.94127866,0.94127866,0.0302883145999999,0.9109903454000001,0.2943814451591842,False
124731659.jpg,3,0.010568508604,0.009178811762,0.0151914268,0.95550024,0.009561004644,3,0.95550024,0.95550024,0.95550024,0.0151914268,0.9403088132,0.24270266934448084,False
410291053.jpg,2,0.010451506915,0.00990229048,0.8853750220000001,0.07285445536,0.02141673868,2,0.8853750220000001,0.8853750220000001,0.8853750220000001,0.07285445536,0.81252056664,0.4743015157277003,False
1646856477.jpg,3,0.009014344222,0.01075705344,0.0390984468,0.9309822,0.01014799022,3,0.9309822,0.9309822,0.9309822,0.0390984468,0.8918837532,0.33110884647533373,False
4087569473.jpg,2,0.0071772648823999,0.010384054818,0.94821324,0.02444366233,0.009781779168,2,0.94821324,0.94821324,0.94821324,0.02444366233,0.92376957767,0.26926645309841885,False
3142378861.jpg,3,0.00803466678,0.007967799618,0.01058835224,0.96344174,0.009967440972,3,0.96344174,0.96344174,0.96344174,0.01058835224,0.9528533877600001,0.20723413491274195,False
2365870613.jpg,4,0.0068610254295999,0.0092892039,0.01067430108,0.89111344,0.082062031,3,0.89111344,0.082062031,0.082062031,0.89111344,-0.809051409,0.43401339796953925,True
3108053126.jpg,2,0.095246732,0.0429480376,0.80348796,0.0086033484,0.0497139538,2,0.80348796,0.80348796,0.80348796,0.095246732,0.708241228,0.7250691150620188,False
3168873139.jpg,3,0.0102909999784,0.00831460528,0.068444108,0.8812910600000001,0.0316592232,3,0.8812910600000001,0.8812910600000001,0.8812910600000001,0.068444108,0.8128469520000001,0.49114759241390005,False
1122980752.jpg,3,0.008827440518,0.0085245191744,0.065896446,0.90553298,0.01121861556,3,0.90553298,0.90553298,0.90553298,0.065896446,0.839636534,0.40181824555773954,False
2558813114.jpg,3,0.0089246498659999,0.0082757173944,0.00778870242,0.964032604,0.0109783273,3,0.964032604,0.964032604,0.964032604,0.0109783273,0.9530542767,0.20445203950250582,False
2312397172.jpg,4,0.05190179936,0.02054509718,0.005042391052,0.008038089208,0.91447266,4,0.91447266,0.91447266,0.91447266,0.05190179936,0.86257086064,0.3805735705485352,False
3612135004.jpg,3,0.008389513912,0.01901039872,0.00806641973,0.94927176,0.01526192298,3,0.94927176,0.94927176,0.94927176,0.01901039872,0.93026136128,0.26757330660145623,False
547270823.jpg,3,0.008847919608,0.0085282563502,0.01571235058,0.95600592,0.010905554272,3,0.95600592,0.95600592,0.95600592,0.01571235058,0.94029356942,0.2400075819414667,False
575135832.jpg,3,0.05645745412,0.01890093976,0.025929248,0.8857200120000001,0.0129923347499999,3,0.8857200120000001,0.8857200120000001,0.8857200120000001,0.05645745412,0.82926255788,0.495903481987727,False
1667487311.jpg,3,0.01020370114,0.0279026328,0.0610398647999999,0.890149938,0.010703839962,3,0.890149938,0.890149938,0.890149938,0.0610398647999999,0.8291100732000001,0.4694774571967137,False
3665324057.jpg,3,0.00850184736,0.01018625476,0.021522345,0.9396016,0.02018796976,3,0.9396016,0.9396016,0.9396016,0.021522345,0.9180792550000001,0.3071943132915737,False
153749509.jpg,0,0.92354698,0.01049179602,0.01396411472,0.0144036125999999,0.0375935332,0,0.92354698,0.92354698,0.92354698,0.0375935332,0.8859534468,0.3653270546183302,False
4091618832.jpg,3,0.009481616638,0.009353559042,0.012170946864,0.951297616,0.0176962682,3,0.951297616,0.951297616,0.951297616,0.0176962682,0.9336013477999999,0.26041761439121314,False
2765430336.jpg,3,0.008159980936,0.00953127942,0.013030811182,0.942468638,0.0268092948,3,0.942468638,0.942468638,0.942468638,0.0268092948,0.9156593432,0.2930143043925142,False
464695635.jpg,4,0.303881128,0.0476074898,0.00597305456,0.0132260408,0.629312252,4,0.629312252,0.629312252,0.629312252,0.303881128,0.32543112399999996,0.8861592041031765,False
3260576372.jpg,3,0.012868127,0.011242299106,0.564176048,0.390543498,0.02117001804,2,0.564176048,0.390543498,0.390543498,0.564176048,-0.17363255,0.8782085745801717,True
857728426.jpg,1,0.00653732952,0.77583998,0.1649214832,0.0450955876,0.00760563898,1,0.77583998,0.77583998,0.77583998,0.1649214832,0.6109184968,0.7038918556488848,False
147061975.jpg,3,0.009525502038,0.00885245208,0.0103674078,0.96213614,0.00911847028,3,0.96213614,0.96213614,0.96213614,0.0103674078,0.9517687322,0.21351668545933436,False
3324852988.jpg,3,0.008556191282,0.0089306054362,0.0113825058,0.936036372,0.0350943496,3,0.936036372,0.936036372,0.936036372,0.0350943496,0.9009420224,0.31324729034138454,False
955110808.jpg,3,0.0114133673726,0.0079021092784,0.011987402785,0.96220272,0.0064943951782,3,0.96220272,0.96220272,0.96220272,0.011987402785,0.950215317215,0.21211872192105344,False
27221590.jpg,3,0.0084828563954,0.007704896769,0.0104018722,0.96407742,0.009332959576,3,0.96407742,0.96407742,0.96407742,0.0104018722,0.9536755478,0.2043381949794368,False
3465175091.jpg,2,0.010033593594,0.007036950918,0.95033428,0.02082555322,0.011769642974,2,0.95033428,0.95033428,0.95033428,0.02082555322,0.92950872678,0.26237456802693215,False
155869794.jpg,3,0.00919086088,0.007788526096,0.0101826003,0.963292912,0.009545084854,3,0.963292912,0.963292912,0.963292912,0.0101826003,0.9531103117,0.20804954544960927,False
3167189291.jpg,3,0.01259027018,0.250724442,0.099247426,0.51980766,0.1176301956,3,0.51980766,0.51980766,0.51980766,0.250724442,0.269083218,1.2230696267737993,False
2415642544.jpg,1,0.105654422,0.854046256,0.0090765632,0.00838950378,0.022833242,1,0.854046256,0.854046256,0.854046256,0.105654422,0.748391834,0.5412957193373924,False
823167906.jpg,2,0.00871277404,0.02016936416,0.903364124,0.059119397,0.008634330361,2,0.903364124,0.903364124,0.903364124,0.059119397,0.844244727,0.4200974971248626,False
122863277.jpg,3,0.0076489813888,0.0079078626436,0.008071824688,0.96018606,0.0161852372,3,0.96018606,0.96018606,0.96018606,0.0161852372,0.9440008228,0.22020226518155733,False
461042131.jpg,2,0.01041376648,0.00889824422,0.8467909360000001,0.122096808,0.0118002203682,2,0.8467909360000001,0.8467909360000001,0.8467909360000001,0.122096808,0.7246941280000001,0.5395252263115109,False
2424084146.jpg,3,0.01249469304,0.01197244284,0.010926857298,0.95437882,0.0102271845284,3,0.95437882,0.95437882,0.95437882,0.01249469304,0.94188412696,0.24852122418593264,False
4171083166.jpg,2,0.0198110018,0.05741024,0.8379408799999999,0.0115598398,0.073278072,2,0.8379408799999999,0.8379408799999999,0.8379408799999999,0.073278072,0.7646628079999999,0.6329664546328476,False
1258222691.jpg,2,0.0383869117999999,0.3119311979999999,0.42595366,0.1055250819999999,0.118203136,2,0.42595366,0.42595366,0.42595366,0.3119311979999999,0.1140224620000001,1.3417641548100956,False
60038493.jpg,3,0.010810482,0.021273801,0.1249205256,0.835840294,0.007154907184,3,0.835840294,0.835840294,0.835840294,0.1249205256,0.7109197684,0.5759219927959961,False
805005298.jpg,3,0.0208565762,0.098214094,0.011128285304,0.85926192,0.01053912201,3,0.85926192,0.85926192,0.85926192,0.098214094,0.761047826,0.5370060722491805,False
309920950.jpg,4,0.01934784818,0.0943304244,0.223232404,0.0245721334,0.638517158,4,0.638517158,0.638517158,0.638517158,0.223232404,0.415284754,1.0112974427969414,False
4034095153.jpg,2,0.011167009,0.011960714,0.92318268,0.01289015804,0.040799428,2,0.92318268,0.92318268,0.92318268,0.040799428,0.882383252,0.3635310642182761,False
2846083569.jpg,3,0.007319901918,0.008279310792,0.0388310068,0.928399978,0.01716983022,3,0.928399978,0.928399978,0.928399978,0.0388310068,0.8895689712,0.3405898194872628,False
1416145759.jpg,3,0.01204462594,0.126307318,0.252377604,0.59043332,0.01883708448,3,0.59043332,0.59043332,0.59043332,0.252377604,0.33805571600000006,1.0479601885103655,False
1748020549.jpg,3,0.0093571888799999,0.008199766468,0.01334882904,0.9600708,0.00902346475,3,0.9600708,0.9600708,0.9600708,0.01334882904,0.94672197096,0.22232286628053588,False
4137861888.jpg,2,0.182850428,0.363646356,0.0463902792,0.047400605,0.35971229,1,0.363646356,0.0463902792,0.0463902792,0.363646356,-0.3172560768,1.3333010138529247,True
1523602715.jpg,3,0.0090494295799999,0.009269930388,0.0216691334,0.945042584,0.01496890732,3,0.945042584,0.945042584,0.945042584,0.0216691334,0.9233734506,0.2853184921492936,False
737529075.jpg,4,0.0285701712,0.05428600536,0.0054622167424,0.004951479144,0.90673011,4,0.90673011,0.90673011,0.90673011,0.05428600536,0.85244410464,0.4032585691192321,False
700464495.jpg,3,0.0074215614702,0.0141313146,0.0255556629,0.94493088,0.0079606115218,3,0.94493088,0.94493088,0.94493088,0.0255556629,0.9193752171,0.28229079358491527,False
3107630524.jpg,3,0.254732268,0.01052976106,0.01173247428,0.710848672,0.01215678246,3,0.710848672,0.710848672,0.710848672,0.254732268,0.45611640400000003,0.7446798073866746,False
2474023641.jpg,3,0.006346252948,0.01173096334,0.524097532,0.43855488,0.01927035216,2,0.524097532,0.43855488,0.43855488,0.524097532,-0.085542652,0.8604592395074271,True
2495608764.jpg,3,0.01337338516,0.00961990348,0.0133171623999999,0.952982696,0.01070687283682,3,0.952982696,0.952982696,0.952982696,0.01337338516,0.93960931084,0.25435617577046177,False
2819659045.jpg,3,0.009350954872,0.01082610884,0.00966319554,0.96313038,0.0070293391766,3,0.96313038,0.96313038,0.96313038,0.01082610884,0.9523042711599999,0.2085492387805249,False
1050263382.jpg,3,0.01214686258,0.0185364994,0.00764499512,0.945920048,0.01575162902,3,0.945920048,0.945920048,0.945920048,0.0185364994,0.9273835485999999,0.2827318081205205,False
1279535323.jpg,3,0.0084431754884,0.0088458100622,0.01558333262,0.95422294,0.0129047056139999,3,0.95422294,0.95422294,0.95422294,0.01558333262,0.93863960738,0.2478337639635634,False
329471118.jpg,1,0.013205393248,0.855220028,0.01298848506,0.0174061429876,0.1011799248,1,0.855220028,0.855220028,0.855220028,0.1011799248,0.7540401031999999,0.5496124828872042,False
3652447934.jpg,0,0.537465636,0.132556857,0.0174476166,0.0124438025,0.300086108,0,0.537465636,0.537465636,0.537465636,0.300086108,0.23737952799999995,1.0880028299270954,False
2765109909.jpg,4,0.650029976,0.0538655544,0.0375983972,0.01102250664,0.247483568,0,0.650029976,0.247483568,0.247483568,0.650029976,-0.402546408,0.9559761626139887,True
3342133064.jpg,3,0.01124492718,0.00934247084,0.011241913736,0.9595521,0.00861859141802,3,0.9595521,0.9595521,0.9595521,0.01124492718,0.94830717282,0.22516938176688536,False
3851259457.jpg,3,0.0131816414,0.0543668744,0.01038999212,0.901892176,0.020169336,3,0.901892176,0.901892176,0.901892176,0.0543668744,0.8475253016000001,0.43469145568964807,False
3151430402.jpg,3,0.01092639474,0.0110875724394,0.01583038184,0.94808194,0.01407377628,3,0.94808194,0.94808194,0.94808194,0.01583038184,0.93225155816,0.27544442802790214,False
2166665213.jpg,3,0.010709293202,0.0083745498969999,0.010139567236,0.956874824,0.0139017884,3,0.956874824,0.956874824,0.956874824,0.0139017884,0.9429730356,0.23681193482682936,False
1690972794.jpg,3,0.0131877056,0.0199892898,0.0227065258,0.93395606,0.0101604122776,3,0.93395606,0.93395606,0.93395606,0.0227065258,0.9112495342,0.3316805093102685,False
4218379987.jpg,2,0.010541950312,0.0079171225341999,0.461801836,0.508210842,0.011528223258,3,0.508210842,0.461801836,0.461801836,0.508210842,-0.046409005999999975,0.838533940011937,True
3627502987.jpg,3,0.00945131709,0.0217965044,0.01357599304,0.94560976,0.0095664167,3,0.94560976,0.94560976,0.94560976,0.0217965044,0.9238132555999999,0.28318369575387214,False
1184269820.jpg,3,0.009106477276,0.009145488058,0.0174439112,0.946387824,0.0179163348,3,0.946387824,0.946387824,0.946387824,0.0179163348,0.9284714892,0.2805578791036445,False
2494192748.jpg,4,0.39308048,0.06243109308,0.0069314450199999,0.003324401664,0.534232636,4,0.534232636,0.534232636,0.534232636,0.39308048,0.14115215600000003,0.9285546956230779,False
1834748922.jpg,2,0.0080933799,0.00663259504,0.75457737,0.0161253932,0.2145712444,2,0.75457737,0.75457737,0.75457737,0.2145712444,0.5400061256,0.6815428180261318,False
1261918701.jpg,2,0.010829727822,0.00833484268,0.7891600080000001,0.177348043,0.0143274463999999,2,0.7891600080000001,0.7891600080000001,0.7891600080000001,0.177348043,0.611811965,0.6433499335484065,False
552389666.jpg,3,0.0310040438,0.0146816198,0.0810947519999999,0.8633288400000001,0.009890777896,3,0.8633288400000001,0.8633288400000001,0.8633288400000001,0.0810947519999999,0.7822340880000002,0.5459232084371987,False
4208715814.jpg,3,0.0316198295999999,0.0125626377999999,0.0233733568,0.92465946,0.007784719776,3,0.92465946,0.92465946,0.92465946,0.0316198295999999,0.8930396304000001,0.36222280201106155,False
4271000778.jpg,3,0.00805440455,0.0086967491312,0.01137139352,0.96052423,0.0113531972,3,0.96052423,0.96052423,0.96052423,0.01137139352,0.9491528364799999,0.22053345327921842,False
631676303.jpg,3,0.008322776854,0.010370455856,0.00666312158,0.9671837,0.007459964267,3,0.9671837,0.9671837,0.9671837,0.010370455856,0.9568132441439999,0.18943855944361443,False
2259345957.jpg,2,0.0197703495,0.02456501488,0.8251447199999999,0.1177197366,0.0128001994444,2,0.8251447199999999,0.8251447199999999,0.8251447199999999,0.1177197366,0.7074249833999999,0.6348512292562125,False
2872388134.jpg,2,0.008631953369,0.0096854841032,0.5529938839999999,0.417519484,0.011169194274,2,0.5529938839999999,0.5529938839999999,0.5529938839999999,0.417519484,0.13547439999999994,0.8284050845925157,False
1528313299.jpg,3,0.00835862352,0.007263982404,0.00769161906,0.95919522,0.01749057028,3,0.95919522,0.95919522,0.95919522,0.01749057028,0.94170464972,0.2239344643087278,False
1464544692.jpg,3,0.007828287908,0.01024505732,0.0188862918039999,0.94328752,0.019752834862,3,0.94328752,0.94328752,0.94328752,0.019752834862,0.9235346851380001,0.29245740811768756,False
126735469.jpg,3,0.0197738857999999,0.01469138284,0.008865232042,0.942970178,0.01369936972,3,0.942970178,0.942970178,0.942970178,0.0197738857999999,0.9231962922000001,0.29562696975597713,False
3956407201.jpg,4,0.0374648092,0.0970810858,0.0512518248,0.012714769878,0.80148747,4,0.80148747,0.80148747,0.80148747,0.0970810858,0.7044063842,0.7345881640545374,False
442164564.jpg,0,0.551170184,0.366121502,0.0197623976,0.0060812462,0.0568646292,0,0.551170184,0.551170184,0.551170184,0.366121502,0.18504868199999996,0.9678262529928798,False
2213150889.jpg,3,0.008298006151,0.011291579784,0.01072953918,0.962070528,0.0076103565004,3,0.962070528,0.962070528,0.962070528,0.011291579784,0.9507789482160001,0.21337181363394145,False
1252787417.jpg,3,0.0091340369752,0.0100017172298,0.020957343,0.940023564,0.01988333944,3,0.940023564,0.940023564,0.940023564,0.020957343,0.919066221,0.30599590764130474,False
222467790.jpg,2,0.0129215807999999,0.01252998358,0.9391967,0.02466339152,0.0106883703558,2,0.9391967,0.9391967,0.9391967,0.02466339152,0.91453330848,0.3098117712334103,False
696062925.jpg,3,0.0100722171999999,0.0101534911499999,0.01087557252,0.958652666,0.01024605754,3,0.958652666,0.958652666,0.958652666,0.01087557252,0.9477770934799999,0.22950299966181145,False
2351141468.jpg,3,0.015707608784,0.01094070452,0.00946328698,0.90854742,0.0553409784,3,0.90854742,0.90854742,0.90854742,0.0553409784,0.8532064416,0.40605286283072395,False
2446074301.jpg,1,0.0870204941999999,0.54559554,0.0180770002,0.0155060266,0.3338009335999999,1,0.54559554,0.54559554,0.54559554,0.3338009335999999,0.21179460640000008,1.0464354569294638,False
4109907649.jpg,3,0.0083714946904,0.0083100244578,0.0107494888,0.959611604,0.01295733864,3,0.959611604,0.959611604,0.959611604,0.01295733864,0.94665426536,0.22444936451972267,False
4182646483.jpg,3,0.007099901568,0.0074853299276,0.00784662234,0.96726428,0.0103039122599999,3,0.96726428,0.96726428,0.96726428,0.0103039122599999,0.95696036774,0.18914186958319218,False
2319634865.jpg,2,0.0138244628,0.0184884916,0.92962424,0.016297388956,0.0217653905,2,0.92962424,0.92962424,0.92962424,0.0217653905,0.9078588495,0.3512042291333789,False
1499153374.jpg,3,0.00744016228,0.00766192364,0.01033169444,0.908879936,0.065686304,3,0.908879936,0.908879936,0.908879936,0.065686304,0.8431936320000001,0.3867216761929664,False
2840412026.jpg,1,0.0073745437884,0.95730464,0.008261050714,0.01731892074,0.009740823028,1,0.95730464,0.95730464,0.95730464,0.01731892074,0.9399857192600001,0.2329580038076804,False
2278166989.jpg,1,0.002372465194,0.984305322,0.003095237806,0.00828102704,0.00194592694,1,0.984305322,0.984305322,0.984305322,0.00828102704,0.97602429496,0.0996375775478438,False
1527880193.jpg,3,0.00956135727,0.008226363862,0.01100520248,0.961871196,0.00933588084,3,0.961871196,0.961871196,0.961871196,0.01100520248,0.95086599352,0.21460456752195334,False
2642232374.jpg,3,0.0106881978314,0.0102808345144,0.0117826723424,0.95812506,0.009123249004,3,0.95812506,0.95812506,0.95812506,0.0117826723424,0.9463423876575999,0.2317351308907084,False
3959033347.jpg,0,0.3970404319999999,0.0098934036,0.01060822692,0.00869314944,0.573764784,4,0.573764784,0.3970404319999999,0.3970404319999999,0.573764784,-0.17672435200000008,0.8206439804696869,True
1722033032.jpg,2,0.64052714,0.0147020604,0.11080279,0.0204396432,0.213528364,0,0.64052714,0.11080279,0.11080279,0.64052714,-0.52972435,1.0003380632567231,True
3456540970.jpg,3,0.0072143237854,0.01225580996,0.01086255302,0.96257554,0.007091802982,3,0.96257554,0.96257554,0.96257554,0.01225580996,0.95031973004,0.21046232580223798,False
621642656.jpg,3,0.0126315384,0.008697875362,0.01152825582,0.958176558,0.0089657740606,3,0.958176558,0.958176558,0.958176558,0.0126315384,0.9455450196,0.23114229458915647,False
515391369.jpg,3,0.00919990394,0.013189809124,0.00889068760944,0.95775783,0.0109617995784,3,0.95775783,0.95775783,0.95775783,0.013189809124,0.944568020876,0.233023868012539,False
3622486808.jpg,0,0.842798044,0.0842970296,0.006928620376,0.014351118,0.0516251768,0,0.842798044,0.842798044,0.842798044,0.0842970296,0.7585010144000001,0.6010017570254802,False
3714324600.jpg,4,0.00925933922,0.00928649174,0.00798450584,0.02623750438,0.94723216,4,0.94723216,0.94723216,0.94723216,0.02623750438,0.9209946556199999,0.27224365357100794,False
3216015057.jpg,3,0.0109457104004,0.00922784954,0.01087727502,0.95076726,0.0181819344,3,0.95076726,0.95076726,0.95076726,0.0181819344,0.9325853256,0.2626935293330539,False
1745296302.jpg,3,0.0109956634799999,0.0134986673999999,0.0804913602,0.8867374720000001,0.00827683676,3,0.8867374720000001,0.8867374720000001,0.8867374720000001,0.0804913602,0.8062461118,0.4567867224910981,False
1230982659.jpg,2,0.01094318296,0.0185862114,0.845946384,0.0184733042,0.1060509372,2,0.845946384,0.845946384,0.845946384,0.1060509372,0.7398954468,0.5767031732564252,False
2302182518.jpg,3,0.0111681326516,0.008769292886,0.0151671499999999,0.95272894,0.01216645966,3,0.95272894,0.95272894,0.95272894,0.0151671499999999,0.9375617900000001,0.2550410813463907,False
336066168.jpg,3,0.007244515763,0.008434295984,0.0107590857999999,0.964219756,0.00934232978,3,0.964219756,0.964219756,0.964219756,0.0107590857999999,0.9534606702000001,0.2035261346505831,False
2592803346.jpg,3,0.0071934780402,0.009957080765,0.01253281592,0.948196724,0.02211986718,3,0.948196724,0.948196724,0.948196724,0.02211986718,0.92607685682,0.271022633857077,False
2394831270.jpg,3,0.009508154028,0.0086952463239999,0.0200018888,0.95189464,0.009900073422,3,0.95189464,0.95189464,0.95189464,0.0200018888,0.9318927512,0.2563911667591798,False
2444813002.jpg,2,0.01029123684,0.01610962052,0.945747136,0.0174476429,0.010404345856,2,0.945747136,0.945747136,0.945747136,0.0174476429,0.9282994931,0.2844962832065288,False
2682444173.jpg,2,0.01582465864,0.0344661369999999,0.8974548480000001,0.0395666078,0.012687760962,2,0.8974548480000001,0.8974548480000001,0.8974548480000001,0.0395666078,0.8578882402000001,0.4619841041204868,False
562822735.jpg,3,0.0188791124,0.0207009692,0.012145329464,0.923579664,0.0246949535642,3,0.923579664,0.923579664,0.923579664,0.0246949535642,0.8988847104358,0.3736075233938613,False
3048984655.jpg,3,0.00803119336,0.009033374676,0.008373102184,0.964797344,0.009765001174,3,0.964797344,0.964797344,0.964797344,0.009765001174,0.9550323428259999,0.20108806244222416,False
2221889127.jpg,1,0.6070429820000001,0.135652715,0.0334351192,0.0724743668,0.151394842,0,0.6070429820000001,0.135652715,0.135652715,0.6070429820000001,-0.4713902670000001,1.1636375453285706,True
1582998672.jpg,3,0.010222489184,0.00914578132,0.013203685,0.957589802,0.009838267798,3,0.957589802,0.957589802,0.957589802,0.013203685,0.944386117,0.23388686367081557,False
2312841243.jpg,3,0.010193849818,0.00885359134,0.0083065704,0.8816032659999999,0.0910427352,3,0.8816032659999999,0.8816032659999999,0.8816032659999999,0.0910427352,0.7905605307999999,0.45766417290928985,False
2272721188.jpg,3,0.0090799012916,0.01137025754,0.00740968406,0.96607027,0.006069881908,3,0.96607027,0.96607027,0.96607027,0.01137025754,0.95470001246,0.19426770471954494,False
3842977642.jpg,3,0.0091799412384,0.0092197073082,0.008985907572,0.96392796,0.008686458798,3,0.96392796,0.96392796,0.96392796,0.0092197073082,0.9547082526918,0.20524981149699714,False
3296434764.jpg,3,0.00983671836,0.01002003452,0.00836598472,0.961268392,0.01050883478718,3,0.961268392,0.961268392,0.961268392,0.01050883478718,0.95075955721282,0.21745005039732082,False
512994798.jpg,3,0.025757014,0.0239775464,0.0536318521999999,0.79945858,0.097175006,3,0.79945858,0.79945858,0.79945858,0.097175006,0.7022835740000001,0.7460773818235404,False
2341588461.jpg,3,0.010666087787,0.00960201726,0.01442668784,0.94836348,0.016941704136,3,0.94836348,0.94836348,0.94836348,0.016941704136,0.931421775864,0.2735579587609088,False
3106625505.jpg,3,0.0283037317,0.28731179,0.087615288,0.140103652,0.456665504,4,0.456665504,0.140103652,0.140103652,0.456665504,-0.316561852,1.3058455420191217,True
2125205823.jpg,3,0.0081761720214,0.0080588501788,0.0090141123399999,0.96573664,0.009014218128,3,0.96573664,0.96573664,0.96573664,0.009014218128,0.9567224218720001,0.19671481803612959,False
2323474464.jpg,3,0.00874473204,0.0372159849999999,0.360390278,0.5844128399999999,0.009236184062,3,0.5844128399999999,0.5844128399999999,0.5844128399999999,0.360390278,0.22402256199999993,0.8889091084011407,False
2711035011.jpg,1,0.008740376682,0.956051204,0.006456215926,0.007744996482,0.02100723748,1,0.956051204,0.956051204,0.956051204,0.02100723748,0.93504396652,0.2357478515789591,False
1083681960.jpg,2,0.006814138286,0.01038868792,0.919954248,0.010838185,0.0520047808,2,0.919954248,0.919954248,0.919954248,0.0520047808,0.8679494672,0.3609798878607197,False
191826367.jpg,3,0.0078921850959999,0.00775155472,0.0231372408,0.952370584,0.008848429429,3,0.952370584,0.952370584,0.952370584,0.0231372408,0.9292333432,0.2513343499801356,False
2938132389.jpg,3,0.00823558666774,0.0066144856169,0.009532480542,0.9629862,0.0126312656,3,0.9629862,0.9629862,0.9629862,0.0126312656,0.9503549344,0.2086136047875556,False
2204999536.jpg,3,0.0095453486979,0.0087056922764,0.01180917572,0.957365646,0.01257413294,3,0.957365646,0.957365646,0.957365646,0.01257413294,0.94479151306,0.23485762397921514,False
904658704.jpg,2,0.0093753994,0.01109138196,0.940383066,0.01312646942,0.0260236968,2,0.940383066,0.940383066,0.940383066,0.0260236968,0.9143593691999999,0.3033447734595435,False
3215535093.jpg,2,0.0204024397999999,0.184343463,0.54037736,0.240132426,0.01474428824,2,0.54037736,0.54037736,0.54037736,0.240132426,0.300244934,1.1284599608905261,False
1378721520.jpg,3,0.0065637858918,0.0095872098,0.0094337989,0.94425176,0.0301634058,3,0.94425176,0.94425176,0.94425176,0.0301634058,0.9140883542,0.28131028992574103,False
2349165022.jpg,3,0.0078945867162,0.011366674924,0.01331035802,0.949792184,0.0176362319999999,3,0.949792184,0.949792184,0.949792184,0.0176362319999999,0.9321559520000001,0.26673925678757954,False
2351483883.jpg,3,0.01182323928,0.00797385242,0.2418441539999999,0.72778224,0.01057656682,3,0.72778224,0.72778224,0.72778224,0.2418441539999999,0.4859380860000001,0.7136520336570851,False
3038956872.jpg,1,0.0221001652,0.933336638,0.00818676223,0.01243629312,0.023940125,1,0.933336638,0.933336638,0.933336638,0.023940125,0.909396513,0.3318882232925934,False
1688625660.jpg,4,0.008418126808,0.0088269209724,0.01404989882,0.815738,0.1529670659999999,3,0.815738,0.1529670659999999,0.1529670659999999,0.815738,-0.6627709340000001,0.5952276972682591,True
1400362797.jpg,3,0.0744202274,0.0249224355,0.12563968,0.761425456,0.01359221032,3,0.761425456,0.761425456,0.761425456,0.12563968,0.635785776,0.8119373984709816,False
1288115291.jpg,4,0.01422873236,0.0196684876,0.0176281562,0.045406084,0.90306853,4,0.90306853,0.90306853,0.90306853,0.045406084,0.857662446,0.4414415157244631,False
839547710.jpg,3,0.008568794474,0.00728062181,0.0174363364,0.9576438,0.00907045042,3,0.9576438,0.9576438,0.9576438,0.0174363364,0.9402074636000001,0.23132876177333328,False
1921138686.jpg,1,0.03498241926,0.809008956,0.03838487684,0.0868803994,0.0307433594,1,0.809008956,0.809008956,0.809008956,0.0868803994,0.7221285566,0.7332158003040842,False
1595141360.jpg,0,0.41822904,0.258742302,0.0137389172,0.2582394576,0.0510502872,0,0.41822904,0.41822904,0.41822904,0.258742302,0.15948673800000002,1.2747805468809004,False
524188630.jpg,3,0.00889190789,0.008837781046,0.01075569134,0.962372554,0.00914200553,3,0.962372554,0.962372554,0.962372554,0.01075569134,0.95161686266,0.21236373161513833,False
1648797663.jpg,3,0.0078301107478,0.0107234802,0.009415084,0.962816182,0.00921509096808,3,0.962816182,0.962816182,0.962816182,0.0107234802,0.9520927017999999,0.21020833931239016,False
1177109141.jpg,3,0.00896766536,0.008055021618,0.01006366259,0.96483798,0.0080756852,3,0.96483798,0.96483798,0.96483798,0.01006366259,0.95477431741,0.200845074935726,False
3600266837.jpg,0,0.962251022,0.0109651104,0.0128953655,0.00708218988,0.00680630496,0,0.962251022,0.962251022,0.962251022,0.0128953655,0.9493556565,0.21164045598497552,False
919479322.jpg,4,0.00903248032,0.01311496398,0.37230936,0.174906604,0.430636578,4,0.430636578,0.430636578,0.430636578,0.37230936,0.058327218000000014,1.134965932104802,False
2329835319.jpg,3,0.009030317756,0.00730333342,0.007962098256,0.960770156,0.0149341074,3,0.960770156,0.960770156,0.960770156,0.0149341074,0.9458360486,0.21815142065544635,False
2557430640.jpg,3,0.0085334854919999,0.009008333663,0.008924863276,0.91721454,0.0563187688,3,0.91721454,0.91721454,0.91721454,0.0563187688,0.8608957712,0.3664666239967319,False
4175864678.jpg,1,0.00647638142,0.963407916,0.011565920984,0.00736440792,0.011185392,1,0.963407916,0.963407916,0.963407916,0.011565920984,0.951841995016,0.20655797829555872,False
2337486682.jpg,3,0.008968769256,0.00996258363,0.0144262213,0.956932736,0.0097097101576,3,0.956932736,0.956932736,0.956932736,0.0144262213,0.9425065146999999,0.2364712800478742,False
3773447905.jpg,1,0.00733388234,0.1453806336,0.01404114502,0.821972576,0.0112717428164,3,0.821972576,0.1453806336,0.1453806336,0.821972576,-0.6765919424,0.5880012629543736,True
1260076177.jpg,4,0.0166179516,0.148169078,0.0107213904799999,0.00988579144,0.81460577,4,0.81460577,0.81460577,0.81460577,0.148169078,0.666436692,0.6123045398304814,False
2609452359.jpg,3,0.0086262778342,0.00835705734,0.01204086184,0.957565516,0.013410299602,3,0.957565516,0.957565516,0.957565516,0.013410299602,0.9441552163979999,0.23354251287052408,False
1840408344.jpg,4,0.00950129238,0.00933041502,0.049982121,0.0300010898,0.901185044,4,0.901185044,0.901185044,0.901185044,0.049982121,0.851202923,0.4365698219936163,False
3969588604.jpg,2,0.00870329765,0.00828800352,0.6652242639999999,0.307552808,0.010231651668,2,0.6652242639999999,0.6652242639999999,0.6652242639999999,0.307552808,0.3576714559999999,0.7617012365404147,False
608264330.jpg,3,0.010011621162,0.01385918512,0.00938267808,0.956280912,0.0104656043646,3,0.956280912,0.956280912,0.956280912,0.01385918512,0.94242172688,0.23966984184040546,False
2941780886.jpg,3,0.00755081971,0.008093916584,0.0148453933799999,0.96174406,0.0077657738413999,3,0.96174406,0.96174406,0.96174406,0.0148453933799999,0.9468986666200001,0.2136206610552842,False
790756634.jpg,3,0.007723982016,0.009716739392,0.0130130628,0.95343282,0.0161133876,3,0.95343282,0.95343282,0.95343282,0.0161133876,0.9373194323999999,0.25107504346257625,False
956312100.jpg,3,0.01677000194,0.01007409226,0.053606385,0.91042468,0.00912488549,3,0.91042468,0.91042468,0.91042468,0.053606385,0.856818295,0.4000293022700442,False
2033316556.jpg,3,0.008684970946,0.0200870308,0.058750495,0.90033596,0.01214160656,3,0.90033596,0.90033596,0.90033596,0.058750495,0.8415854650000001,0.4343215419423832,False
2949113002.jpg,3,0.00953742812,0.008594922604,0.018462986,0.951613516,0.01179117994,3,0.951613516,0.951613516,0.951613516,0.018462986,0.93315053,0.2585137613636542,False
1654789179.jpg,3,0.01174287322,0.01251180376,0.4088163039999999,0.53739508,0.0295339566,3,0.53739508,0.53739508,0.53739508,0.4088163039999999,0.12857877600000012,0.9104473441891177,False
2848167687.jpg,3,0.0090271472084,0.008624014774,0.0189615107999999,0.95427453,0.009112829754,3,0.95427453,0.95427453,0.95427453,0.0189615107999999,0.9353130192000001,0.24615256966264903,False
182507815.jpg,3,0.00977703356,0.0117354505,0.0159467806,0.953624968,0.008915772025,3,0.953624968,0.953624968,0.953624968,0.0159467806,0.9376781874,0.2507713644760722,False
3824226603.jpg,3,0.01061748756,0.0165029096,0.0245899337999999,0.935669516,0.01262016662,3,0.935669516,0.935669516,0.935669516,0.0245899337999999,0.9110795822000002,0.3245032865593179,False
2329316953.jpg,3,0.0106256369,0.009392038168,0.0115286446,0.958450368,0.01000337566,3,0.958450368,0.958450368,0.958450368,0.0115286446,0.9469217234,0.2303186146833617,False
3947205646.jpg,3,0.010734379534,0.00797007686,0.01197183306,0.92669414,0.0426295567999999,3,0.92669414,0.92669414,0.92669414,0.0426295567999999,0.8840645832000001,0.3452184824057496,False
264213180.jpg,3,0.010300398265,0.0099620392124,0.01635690058,0.950248798,0.01313189338,3,0.950248798,0.950248798,0.950248798,0.01635690058,0.9338918974199999,0.26571191716906944,False
931787054.jpg,1,0.0086760688822,0.92911984,0.0092965233404,0.04327358,0.00963399987622,1,0.92911984,0.92911984,0.92911984,0.04327358,0.88584626,0.3335974225631665,False
771588286.jpg,3,0.0098559753819999,0.0154830638,0.511551176,0.41882342,0.0442863456,2,0.511551176,0.41882342,0.41882342,0.511551176,-0.092727756,0.9555101509899502,True
2920798001.jpg,4,0.01122614032,0.02066819776,0.0223534754,0.016127752,0.9296244,4,0.9296244,0.9296244,0.9296244,0.0223534754,0.9072709246,0.3499372868553397,False
3096568582.jpg,3,0.011429809588,0.007507165106,0.0076725760999999,0.894768156,0.0786222848,3,0.894768156,0.894768156,0.894768156,0.0786222848,0.8161458712,0.42463343986594004,False
1784587371.jpg,3,0.01153712638,0.00827728191,0.0176087395,0.95149729,0.01107955384,3,0.95149729,0.95149729,0.95149729,0.0176087395,0.9338885505000001,0.25948646839089445,False
3309495553.jpg,3,0.008712687402,0.012566799596,0.00980196598,0.95246307,0.0164554712,3,0.95246307,0.95246307,0.95246307,0.0164554712,0.9360075988,0.2556338419039936,False
3291696815.jpg,4,0.006830679568,0.014046294682,0.03054694312,0.01850294796,0.930073104,4,0.930073104,0.930073104,0.930073104,0.03054694312,0.89952616088,0.3417822448831359,False
2222709872.jpg,3,0.011286374752,0.0074538467455999,0.01207003582,0.95950407,0.009685656976,3,0.95950407,0.95950407,0.95950407,0.01207003582,0.94743403418,0.22501830331168762,False
3516555909.jpg,3,0.00807565374,0.0076449045999999,0.00997820744,0.967747166,0.0065540907159399,3,0.967747166,0.967747166,0.967747166,0.00997820744,0.95776895856,0.18682679089930157,False
1742301779.jpg,3,0.01436392052,0.0130261232,0.01417150054,0.950222564,0.00821590372,3,0.950222564,0.950222564,0.950222564,0.01436392052,0.93585864348,0.2657793373563884,False
2869465595.jpg,3,0.009635939638,0.01374409402,0.0394612192,0.925045336,0.0121134059359999,3,0.925045336,0.925045336,0.925045336,0.0394612192,0.8855841168,0.3567457763471674,False
408414905.jpg,3,0.0094649480784,0.0084009289338,0.0089068259,0.95998202,0.01324529056,3,0.95998202,0.95998202,0.95998202,0.01324529056,0.94673672944,0.22278874470885598,False
1587460202.jpg,2,0.532180968,0.061180324,0.085453923,0.01746367028,0.30372111,0,0.532180968,0.085453923,0.085453923,0.532180968,-0.44672704500000004,1.1494302653602757,True
2654097903.jpg,0,0.0899510469999999,0.154775924,0.0207976182,0.0510521292,0.68342328,4,0.68342328,0.0899510469999999,0.0899510469999999,0.68342328,-0.5934722330000001,0.9979851750199132,True
2132066482.jpg,3,0.009162219602,0.012221926338,0.00850680142,0.90854646,0.06156264,3,0.90854646,0.90854646,0.90854646,0.06156264,0.8469838199999999,0.3961341777867957,False
2391748814.jpg,3,0.008049518734,0.01157863046,0.0421387112,0.929163004,0.00907015152,3,0.929163004,0.929163004,0.929163004,0.0421387112,0.8870242928,0.3348061527595211,False
2686030439.jpg,3,0.022532919,0.01069832892,0.0158053462,0.929975036,0.0209884018,3,0.929975036,0.929975036,0.929975036,0.022532919,0.907442117,0.3481675990765379,False
878183173.jpg,3,0.0098830335756,0.0105139708124,0.011903310124,0.957594336,0.010105363442,3,0.957594336,0.957594336,0.957594336,0.011903310124,0.945691025876,0.23418839576265804,False
2593681769.jpg,3,0.006400196368,0.006271141786,0.075623926,0.901676616,0.01002811762,3,0.901676616,0.901676616,0.901676616,0.075623926,0.82605269,0.39887170534803357,False
1144914727.jpg,3,0.008655408138,0.006798747072,0.009317213,0.964526974,0.0107016641,3,0.964526974,0.964526974,0.964526974,0.0107016641,0.9538253099,0.20200195990483377,False
2471372576.jpg,1,0.0057573213966,0.965486084,0.0097250732,0.0121859406,0.00684561218,1,0.965486084,0.965486084,0.965486084,0.0121859406,0.9533001434,0.19648893984348154,False
3162830906.jpg,4,0.02102662482,0.0134389638,0.1084991924,0.082822108,0.77421308,4,0.77421308,0.77421308,0.77421308,0.1084991924,0.6657138875999999,0.7845409873789609,False
1549275495.jpg,4,0.00883554208,0.0143193624,0.37998354,0.141794044,0.45506753,4,0.45506753,0.45506753,0.45506753,0.37998354,0.07508398999999999,1.1055241278476902,False
2057007338.jpg,3,0.0078370508718,0.008096139296,0.00736440509,0.967893952,0.00880846582,3,0.967893952,0.967893952,0.967893952,0.00880846582,0.95908548618,0.18642938522520935,False
770144532.jpg,3,0.018480666304,0.016500303272,0.010595431988,0.93732818,0.0170954181496,3,0.93732818,0.93732818,0.93732818,0.018480666304,0.9188475136959999,0.3198871956434716,False
2612067247.jpg,3,0.00812282468,0.0088920222,0.2373344399999999,0.61186834,0.133782336,3,0.61186834,0.61186834,0.61186834,0.2373344399999999,0.3745339000000001,0.9921255643660138,False
632697564.jpg,4,0.2555704119999999,0.0552525854,0.0309304932,0.03010380126,0.628142672,4,0.628142672,0.628142672,0.628142672,0.2555704119999999,0.37257226000000004,1.0137167664862408,False
2618673566.jpg,3,0.0077766427655999,0.00964653898,0.01150427258,0.96151086,0.0095616910092,3,0.96151086,0.96151086,0.96151086,0.01150427258,0.95000658742,0.21610689106371894,False
4284260544.jpg,3,0.00888528012,0.00850727806,0.02521694202,0.9491484,0.00824206865642,3,0.9491484,0.9491484,0.9491484,0.02521694202,0.92393145798,0.2644112901731018,False
3624802208.jpg,3,0.0087527433436,0.0082467229118,0.00860524576,0.95798254,0.0164127551904,3,0.95798254,0.95798254,0.95798254,0.0164127551904,0.9415697848096001,0.23053595248553443,False
2417890720.jpg,2,0.01046358064,0.01013936152,0.954101056,0.01164970728,0.013646298368,2,0.954101056,0.954101056,0.954101056,0.013646298368,0.9404547576319999,0.24956579703602708,False
3549527627.jpg,3,0.025899059178,0.0204295372,0.1925001,0.725283176,0.035888149692,3,0.725283176,0.725283176,0.725283176,0.1925001,0.5327830760000001,0.8436529498738978,False
127665486.jpg,1,0.084366144,0.829047184,0.005601146026,0.01732893108,0.063656622,1,0.829047184,0.829047184,0.829047184,0.084366144,0.74468104,0.6386735581158891,False
1797701221.jpg,3,0.0075471843912,0.007245395555,0.009056606038,0.967586364,0.008564473316,3,0.967586364,0.967586364,0.967586364,0.009056606038,0.958529757962,0.18783601934754476,False
4212381540.jpg,2,0.01148417048,0.01139813532,0.9482718,0.0166035321,0.0122423568,2,0.9482718,0.9482718,0.9482718,0.0166035321,0.9316682679,0.27460757880836684,False
3709241873.jpg,4,0.0240291196,0.504612134,0.3108159652,0.01092462542,0.1496181924,1,0.504612134,0.1496181924,0.1496181924,0.504612134,-0.3549939416000001,1.131503404073293,True
19090141.jpg,3,0.0094028965316,0.01882192176,0.0138379938,0.93945996,0.0184772526,3,0.93945996,0.93945996,0.93945996,0.01882192176,0.92063803824,0.3103026360671404,False
1258625916.jpg,3,0.0099796061,0.01221576086,0.01798504174,0.932681304,0.0271382722,3,0.932681304,0.932681304,0.932681304,0.0271382722,0.9055430318000001,0.3349394543283182,False
3975444429.jpg,3,0.00725865192736,0.0097543712208,0.0071504885744,0.968596596,0.007239884404,3,0.968596596,0.968596596,0.968596596,0.0097543712208,0.9588422247792,0.1828278923239531,False
1008532311.jpg,3,0.0136008426,0.0961049579999999,0.1601439587999999,0.7168538440000001,0.01329642624,3,0.7168538440000001,0.7168538440000001,0.7168538440000001,0.1601439587999999,0.5567098852000002,0.8729648460002146,False
184295852.jpg,3,0.01338945684,0.0137232686,0.0229486117999999,0.94041272,0.00952593624,3,0.94041272,0.94041272,0.94041272,0.0229486117999999,0.9174641082000001,0.30533334022794534,False
3460410538.jpg,3,0.007783926708,0.01212161872,0.0159315358,0.950981788,0.0131811584,3,0.950981788,0.950981788,0.950981788,0.0159315358,0.9350502522,0.2620915838679238,False
2177490920.jpg,3,0.0069523076044,0.023780902084,0.0104992392488,0.93868296,0.02008462468,3,0.93868296,0.93868296,0.93868296,0.023780902084,0.914902057916,0.3091810619589854,False
1892079469.jpg,3,0.01080438644,0.01040988132,0.00930192594,0.960880656,0.00860314735442,3,0.960880656,0.960880656,0.960880656,0.01080438644,0.95007626956,0.21920867972012792,False
2296087463.jpg,3,0.009065621321,0.00960343384,0.0092678368,0.963322072,0.008741033412,3,0.963322072,0.963322072,0.963322072,0.00960343384,0.95371863816,0.2080637440160195,False
2509495518.jpg,3,0.0527630771999999,0.0286730308,0.0170707342,0.894467064,0.007026103556,3,0.894467064,0.894467064,0.894467064,0.0527630771999999,0.8417039868,0.4611450520380051,False
259632264.jpg,3,0.01037608993178,0.00940207007538,0.0087248097468,0.956065064,0.015431977066,3,0.956065064,0.956065064,0.956065064,0.015431977066,0.940633086934,0.23997478539547654,False
3121774796.jpg,3,0.006428333296,0.011700024504,0.0169379974,0.93589444,0.0290391956,3,0.93589444,0.93589444,0.93589444,0.0290391956,0.9068552444,0.31834245691041274,False
3713078726.jpg,3,0.0118493884,0.2021273887999999,0.1300667376,0.60227096,0.0536855071999999,3,0.60227096,0.60227096,0.60227096,0.2021273887999999,0.4001435712000001,1.1034181211931475,False
2315755156.jpg,3,0.01475936995,0.0229243611,0.017291934258,0.92037972,0.024644630374,3,0.92037972,0.92037972,0.92037972,0.024644630374,0.895735089626,0.3865650102350464,False
3317706044.jpg,1,0.1261271524,0.687571334,0.0285217949,0.0255022832,0.132277458,1,0.687571334,0.687571334,0.687571334,0.132277458,0.555293876,0.9812989432339967,False
2765854405.jpg,0,0.6534648319999999,0.0591592928,0.0397180748,0.017674502,0.2299833096,0,0.6534648319999999,0.6534648319999999,0.6534648319999999,0.2299833096,0.4234815223999999,0.9827755172382788,False
3481061190.jpg,3,0.0068098326316,0.00748544692,0.00857177098,0.971214244,0.005918666622,3,0.971214244,0.971214244,0.971214244,0.00857177098,0.9626424730200001,0.170140152037886,False
2647563091.jpg,2,0.00923602433,0.0122458924,0.9119792,0.01846990842,0.0480690424,2,0.9119792,0.9119792,0.9119792,0.0480690424,0.8639101576,0.4008287247825032,False
3740700061.jpg,3,0.009866553476,0.0096198026,0.00778916214,0.9652437,0.00748076397378,3,0.9652437,0.9652437,0.9652437,0.009866553476,0.9553771465240001,0.19882663032806297,False
3782836745.jpg,3,0.00756920621,0.012620004356,0.008292269876,0.925367444,0.0461510492,3,0.925367444,0.925367444,0.925367444,0.0461510492,0.8792163948,0.3456148302393879,False
3793586140.jpg,2,0.008970511951,0.0082147020464,0.3397951,0.623248032,0.0197716726399999,3,0.623248032,0.3397951,0.3397951,0.623248032,-0.283452932,0.8207625921256443,True
1847003440.jpg,3,0.007801734396,0.007820743392,0.497347296,0.47934947,0.007680746968,2,0.497347296,0.47934947,0.47934947,0.497347296,-0.017997825999999995,0.8130594526830832,True
1130201707.jpg,1,0.0640387343999999,0.667999972,0.1254994375999999,0.0942579444,0.048203941,1,0.667999972,0.667999972,0.667999972,0.1254994375999999,0.5425005344000001,1.0747603006204722,False
1558078775.jpg,3,0.01474129936,0.01388814288,0.0129834803,0.7900832440000001,0.1683038379999999,3,0.7900832440000001,0.7900832440000001,0.7900832440000001,0.1683038379999999,0.6217794060000001,0.6640343339225407,False
2115515085.jpg,3,0.0072280059978,0.0077726634868,0.0125177619,0.96117582,0.0113057438,3,0.96117582,0.96117582,0.96117582,0.0125177619,0.9486580581,0.21695883352161077,False
2751319836.jpg,1,0.0373314296,0.8582525240000001,0.0277246212,0.01024973682,0.0664417258,1,0.8582525240000001,0.8582525240000001,0.8582525240000001,0.0664417258,0.7918107982000001,0.5804384211440065,False
1491311312.jpg,3,0.00990256626888,0.0092629138936,0.0098295532592,0.961017928,0.0099870145344,3,0.961017928,0.961017928,0.961017928,0.0099870145344,0.9510309134656,0.21871931463669672,False
1559182493.jpg,3,0.005821531464,0.00888594762,0.0168967398,0.956109584,0.012286181,3,0.956109584,0.956109584,0.956109584,0.0168967398,0.9392128442000001,0.2378421693569432,False
1266177500.jpg,3,0.009642537702,0.008592765062,0.0224978576,0.949246428,0.010020454574,3,0.949246428,0.949246428,0.949246428,0.0224978576,0.9267485704,0.2665639715156722,False
1220365722.jpg,3,0.00750072695,0.008736247124,0.0206775684,0.95367132,0.0094141325,3,0.95367132,0.95367132,0.95367132,0.0206775684,0.9329937516,0.2474742181095927,False
1670109260.jpg,3,0.012616961982,0.0181328682,0.0595141764,0.899808502,0.009927494451,3,0.899808502,0.899808502,0.899808502,0.0595141764,0.8402943256,0.4365911664692829,False
857910285.jpg,1,0.0470578624,0.204888086,0.091790234,0.02508660346,0.631177222,4,0.631177222,0.204888086,0.204888086,0.631177222,-0.42628913600000007,1.0707545060782633,True
732124818.jpg,3,0.008065107696,0.0401531786,0.021666451,0.922456704,0.00765854635,3,0.922456704,0.922456704,0.922456704,0.0401531786,0.8823035254,0.3627636200526737,False
824408929.jpg,3,0.006731326628,0.008173011958,0.0164811212,0.958235088,0.0103794468,3,0.958235088,0.958235088,0.958235088,0.0164811212,0.9417539668,0.2289070631785159,False
3107644192.jpg,4,0.00640322476,0.00439275058,0.0218187648,0.0100720484,0.95731322,4,0.95731322,0.95731322,0.95731322,0.0218187648,0.9354944552,0.2277154485420393,False
3033568270.jpg,1,0.0605337141999999,0.6577514,0.0791058476,0.161686808,0.0409222248,1,0.6577514,0.6577514,0.6577514,0.161686808,0.49606459199999997,1.0714091550187221,False
1375058524.jpg,3,0.00832286746,0.00908583558,0.019800461,0.94987478,0.0129160318,3,0.94987478,0.94987478,0.94987478,0.019800461,0.930074319,0.2652503158953664,False
2896960691.jpg,3,0.0086279569,0.085911364,0.0129821282,0.87808392,0.0143946094,3,0.87808392,0.87808392,0.87808392,0.085911364,0.792172556,0.483475981153561,False
2955295994.jpg,4,0.18588627,0.043040456,0.0122635934056,0.01168364166,0.7471260479999999,4,0.7471260479999999,0.7471260479999999,0.7471260479999999,0.18588627,0.5612397779999999,0.7719285827937572,False
3397650599.jpg,1,0.1050403536,0.7645910739999999,0.0520090434,0.0497066634,0.0286528959999999,1,0.7645910739999999,0.7645910739999999,0.7645910739999999,0.1050403536,0.6595507204,0.8466721631301969,False
4017387228.jpg,4,0.391715832,0.0403573976,0.00726994407,0.00817163626,0.552485216,4,0.552485216,0.552485216,0.552485216,0.391715832,0.16076938400000002,0.899554128102577,False
2264163141.jpg,0,0.3534964471999999,0.2139311292,0.380264731,0.0256602578,0.0266474432,2,0.380264731,0.3534964471999999,0.3534964471999999,0.380264731,-0.026768283800000126,1.2557585649021283,True
1983411262.jpg,4,0.01335384562,0.02401697104,0.021246067776,0.2309669942,0.710416116,4,0.710416116,0.710416116,0.710416116,0.2309669942,0.4794491218,0.8103967135165773,False
1083149527.jpg,3,0.0068643221218,0.007415459152,0.01284540578,0.961952932,0.01092190238,3,0.961952932,0.961952932,0.961952932,0.01284540578,0.9491075262199999,0.21314763265038844,False
3693124692.jpg,2,0.2404301499999999,0.0294832478,0.19783327,0.01296633852,0.5192869840000001,4,0.5192869840000001,0.19783327,0.19783327,0.5192869840000001,-0.32145371400000006,1.1637755106791159,True
4172181287.jpg,1,0.01069978258,0.953007456,0.012266882998,0.0150827603,0.0089431021464,1,0.953007456,0.953007456,0.953007456,0.0150827603,0.9379246957,0.2538496542317208,False
2332024831.jpg,1,0.12644333,0.83178376,0.00900248526,0.0119908902,0.0207795506,1,0.83178376,0.83178376,0.83178376,0.12644333,0.70534043,0.590622650690455,False
841248971.jpg,3,0.00793115433,0.009072179432,0.114710288,0.8384437220000001,0.0298426768,3,0.8384437220000001,0.8384437220000001,0.8384437220000001,0.114710288,0.7237334340000001,0.5819546971768628,False
1474472052.jpg,0,0.91774184,0.012561141,0.00995830178,0.01044982562,0.0492889024,0,0.91774184,0.91774184,0.91774184,0.0492889024,0.8684529376000001,0.3756872308455006,False
1231822734.jpg,1,0.0109185022314,0.949385192,0.01215700508,0.01491491124,0.012624398458,1,0.949385192,0.949385192,0.949385192,0.01491491124,0.93447028076,0.27016289063601534,False
2611064559.jpg,3,0.011139251444,0.0220350468,0.180675652,0.76415774,0.021992279,3,0.76415774,0.76415774,0.76415774,0.180675652,0.583482088,0.7327979925562171,False
261751539.jpg,3,0.00850775069,0.00902084822,0.0297931102,0.92727728,0.0254009894,3,0.92727728,0.92727728,0.92727728,0.0297931102,0.8974841698,0.35101299179279816,False
3449220829.jpg,3,0.0073419996322,0.0078031216256,0.00950369465,0.96572729,0.009623908711,3,0.96572729,0.96572729,0.96572729,0.009623908711,0.956103381289,0.19656715035567274,False
719526260.jpg,3,0.01724017494,0.0179849578,0.01483960304,0.93701232,0.012922956,3,0.93701232,0.93701232,0.93701232,0.0179849578,0.9190273622,0.32191260136372457,False
3062084243.jpg,3,0.00882339724,0.015183819,0.01046493716,0.957093936,0.008433890298,3,0.957093936,0.957093936,0.957093936,0.015183819,0.941910117,0.23528576139631832,False
3044369161.jpg,3,0.00738052834,0.007803673276,0.0111088502199999,0.96363707,0.01006984444,3,0.96363707,0.96363707,0.96363707,0.0111088502199999,0.9525282197800001,0.20608969845481698,False
1182741554.jpg,3,0.0093216417136,0.032208832772,0.0389371846,0.88630858,0.0332237932,3,0.88630858,0.88630858,0.88630858,0.0389371846,0.8473713954000001,0.5006977161449399,False
1004163647.jpg,3,0.0085453240419999,0.009150746207,0.0082186948,0.96411602,0.00996916424,3,0.96411602,0.96411602,0.96411602,0.00996916424,0.9541468557599999,0.20428244669642892,False
2460780852.jpg,3,0.00896823296,0.010557295552,0.0954215052,0.876958428,0.0080945402604,3,0.876958428,0.876958428,0.876958428,0.0954215052,0.7815369228,0.46863937178837717,False
1873256612.jpg,2,0.01099044376,0.1098671686,0.7901575759999999,0.08008168,0.00890310848,2,0.7901575759999999,0.7901575759999999,0.7901575759999999,0.1098671686,0.6802904073999999,0.7225325122934088,False
2777544814.jpg,4,0.0194014593599999,0.0435672162,0.010048009302,0.01031924782,0.916664076,4,0.916664076,0.916664076,0.916664076,0.0435672162,0.8730968598,0.38618922180199083,False
2615629258.jpg,3,0.0101296569066,0.0084452151486,0.00860356869,0.96295778,0.009863760304,3,0.96295778,0.96295778,0.96295778,0.0101296569066,0.9528281230934,0.20965913974274647,False
3454772304.jpg,0,0.88533491,0.01529201198,0.035576803,0.015211842778,0.04858443904,0,0.88533491,0.88533491,0.88533491,0.04858443904,0.83675047096,0.5010510280071773,False
296895333.jpg,3,0.0093552104838,0.0121091068,0.132103338,0.8306385420000001,0.0157938135,3,0.8306385420000001,0.8306385420000001,0.8306385420000001,0.132103338,0.6985352040000001,0.5842013840102952,False
2763991113.jpg,3,0.006306131981,0.0075215579599999,0.012115657876,0.963154956,0.010901709262,3,0.963154956,0.963154956,0.963154956,0.012115657876,0.951039298124,0.20761892756204398,False
2657169592.jpg,1,0.0079962248482,0.91252109,0.033629305484,0.01371765068,0.03213575322,1,0.91252109,0.91252109,0.91252109,0.033629305484,0.878891784516,0.40554241963936666,False
725865491.jpg,0,0.8184052359999999,0.1186460164,0.01054661854,0.0396131198,0.012789022402,0,0.8184052359999999,0.8184052359999999,0.8184052359999999,0.1186460164,0.6997592196,0.6485655334071063,False
620825319.jpg,4,0.06973929678,0.091596642,0.136365407,0.1925513079999999,0.509747308,4,0.509747308,0.509747308,0.509747308,0.1925513079999999,0.31719600000000014,1.3370567396877702,False
1205963821.jpg,3,0.009579004738,0.016834368922,0.0305476664,0.928756738,0.01428220204,3,0.928756738,0.928756738,0.928756738,0.0305476664,0.8982090716000001,0.3491709725010088,False
3931679914.jpg,4,0.0354381824,0.0324669957999999,0.0271532368,0.184813456,0.720128144,4,0.720128144,0.720128144,0.720128144,0.184813456,0.535314688,0.8760429946545272,False
118845002.jpg,3,0.0166234471,0.0402994832,0.01102099672,0.66429436,0.267761704,3,0.66429436,0.66429436,0.66429436,0.267761704,0.396532656,0.8717404286545362,False
3972201692.jpg,3,0.0107509223,0.01523275457,0.0122075125,0.951991752,0.0098170517,3,0.951991752,0.951991752,0.951991752,0.01523275457,0.93675899743,0.2584800127489334,False
845869703.jpg,3,0.02110176484,0.0581771648,0.074877139,0.80398926,0.0418546132,3,0.80398926,0.80398926,0.80398926,0.074877139,0.729112121,0.7491983676248312,False
211507640.jpg,1,0.0142686677999999,0.939012756,0.0243505102,0.0117076644,0.010660322,1,0.939012756,0.939012756,0.939012756,0.0243505102,0.9146622458,0.31067390947695145,False
3924271775.jpg,4,0.1943257199999999,0.0947704163,0.572056184,0.096105684,0.0427419862,2,0.572056184,0.0427419862,0.0427419862,0.572056184,-0.5293141978,1.221015505481894,True
2688778202.jpg,4,0.01235724934,0.013945947,0.015832933,0.0459274464,0.911936418,4,0.911936418,0.911936418,0.911936418,0.0459274464,0.8660089716,0.4050699193397387,False
1520150172.jpg,3,0.01082229488,0.007011187084,0.0621223104,0.910280824,0.00976337448,3,0.910280824,0.910280824,0.910280824,0.0621223104,0.8481585135999999,0.38714082890110996,False
522172661.jpg,3,0.009542202944,0.009190717212,0.005529502278,0.970627998,0.00510957740048,3,0.970627998,0.970627998,0.970627998,0.009542202944,0.961085795056,0.1721292651602254,False
459025811.jpg,3,0.00846272652,0.008784723736,0.0241470287999999,0.951681256,0.00692426630498,3,0.951681256,0.951681256,0.951681256,0.0241470287999999,0.9275342272000001,0.2534565460637056,False
2875698893.jpg,3,0.01022238704,0.0091345986979999,0.01011809958,0.960839964,0.0096849659779999,3,0.960839964,0.960839964,0.960839964,0.01022238704,0.95061757696,0.21951498172797226,False
676226256.jpg,1,0.0459355438,0.869877596,0.01206255024,0.0234378022,0.04868653,1,0.869877596,0.869877596,0.869877596,0.04868653,0.821191066,0.5511760901453627,False
2249361509.jpg,4,0.0153877802,0.01003464367,0.01220895838,0.02514551564,0.937223056,4,0.937223056,0.937223056,0.937223056,0.02514551564,0.91207754036,0.31757226527750637,False
794895924.jpg,3,0.00860147559639,0.0080745404818,0.009789631824,0.963579238,0.009955153773,3,0.963579238,0.963579238,0.963579238,0.009955153773,0.953624084227,0.20674891822064495,False
3290333742.jpg,2,0.00714327264,0.0169188668,0.87328248,0.0794837848,0.0231716352,2,0.87328248,0.87328248,0.87328248,0.0794837848,0.7937986952,0.5111493154747703,False
3780704210.jpg,3,0.0085115826,0.182347162,0.1740724024,0.612829032,0.0222398251,3,0.612829032,0.612829032,0.612829032,0.182347162,0.43048187000000004,1.039948658415361,False
873753078.jpg,1,0.0208803082,0.0720084263999999,0.083113118,0.72383026,0.1001678864,3,0.72383026,0.0720084263999999,0.0720084263999999,0.72383026,-0.6518218336,0.9414030782431513,True
291050311.jpg,0,0.1629375512,0.0788185704,0.010392485769,0.106633666,0.641217688,4,0.641217688,0.1629375512,0.1629375512,0.641217688,-0.47828013680000003,1.066970486920765,True
2690070088.jpg,1,0.0245635258,0.6653256599999999,0.0135928483,0.0202163102,0.276301664,1,0.6653256599999999,0.6653256599999999,0.6653256599999999,0.276301664,0.3890239959999999,0.8548409942210893,False
758155419.jpg,1,0.013558502,0.901222224,0.007896262324,0.01729676842,0.0600262583999999,1,0.901222224,0.901222224,0.901222224,0.0600262583999999,0.8411959656000001,0.42929980957450664,False
3484015955.jpg,3,0.0092266971496,0.0087343287912,0.01307978688,0.959537088,0.0094221019058,3,0.959537088,0.959537088,0.959537088,0.01307978688,0.94645730112,0.2249453605152383,False
4279143511.jpg,3,0.01509597812,0.0346142816,0.01191056908,0.92795318,0.010425982499,3,0.92795318,0.92795318,0.92795318,0.0346142816,0.8933388984,0.3494601305085116,False
834333640.jpg,3,0.00810098476,0.0079580795299999,0.0263039838,0.934661456,0.0229754977,3,0.934661456,0.934661456,0.934661456,0.0263039838,0.9083574722,0.3230231773052328,False
1900920171.jpg,2,0.0154713277,0.01542011132,0.93800034,0.01946130518,0.011646907166,2,0.93800034,0.93800034,0.93800034,0.01946130518,0.91853903482,0.317391819299943,False
3810425289.jpg,0,0.3320534699999999,0.092533104,0.06871699,0.436738936,0.069957464,3,0.436738936,0.3320534699999999,0.3320534699999999,0.436738936,-0.10468546600000012,1.3182099435142438,True
1127920784.jpg,4,0.0973408456,0.01695443414,0.0529367218,0.00615918004,0.8266087799999999,4,0.8266087799999999,0.8266087799999999,0.8266087799999999,0.0973408456,0.7292679343999999,0.6402040543493066,False
2673819394.jpg,3,0.0076252057898,0.0106261588675999,0.008921919324,0.9636156,0.00921113646,3,0.9636156,0.9636156,0.9636156,0.0106261588675999,0.9529894411324001,0.206467438177319,False
3741168853.jpg,0,0.610155288,0.009763735138,0.011196191104,0.0101402361,0.3587445595999999,0,0.610155288,0.610155288,0.610155288,0.3587445595999999,0.25141072840000006,0.8112560182128379,False
2655340809.jpg,0,0.885949816,0.0152053303,0.0065545677479999,0.00750888782,0.084781419,0,0.885949816,0.885949816,0.885949816,0.084781419,0.801168397,0.44983324290995297,False
2227901688.jpg,3,0.0132997866,0.007666383942,0.0249878896,0.945781784,0.0082641548942,3,0.945781784,0.945781784,0.945781784,0.0249878896,0.9207938944,0.27934142751041013,False
715057901.jpg,3,0.006039011762,0.01110080158,0.0998821788,0.87667462,0.0063034489276,3,0.87667462,0.87667462,0.87667462,0.0998821788,0.7767924412,0.45824797086167457,False
4272950907.jpg,4,0.006762976537,0.008675584668,0.00865319592,0.01900310894,0.95690512,4,0.95690512,0.95690512,0.95690512,0.01900310894,0.93790201106,0.23354097496139145,False
2455854003.jpg,0,0.2507823412,0.0178735918,0.161328458,0.551688892,0.0183266989,3,0.551688892,0.2507823412,0.2507823412,0.551688892,-0.30090655080000006,1.1145434841804165,True
2857776257.jpg,4,0.282023768,0.500212058,0.0140959214,0.00832089806,0.195347306,1,0.500212058,0.195347306,0.195347306,0.500212058,-0.304864752,1.1224051361778253,True
2836107083.jpg,3,0.012921205734,0.01286854058,0.02559134828,0.92672967,0.0218892012,3,0.92672967,0.92672967,0.92672967,0.02559134828,0.90113832172,0.3601876234485283,False
663803096.jpg,0,0.676966728,0.2683672024,0.011981109322,0.0126887503,0.0299962094,0,0.676966728,0.676966728,0.676966728,0.2683672024,0.4085995256,0.8307261526248804,False
3453071010.jpg,4,0.0415339052,0.1209862892,0.040742444,0.0169980023,0.77973936,4,0.77973936,0.77973936,0.77973936,0.1209862892,0.6587530708,0.7813143667607312,False
742898185.jpg,3,0.0095246575528,0.011916544512,0.0100722531999999,0.958441256,0.01004532538,3,0.958441256,0.958441256,0.958441256,0.011916544512,0.946524711488,0.2303246608011012,False
2299892623.jpg,4,0.25832498,0.1958934859999999,0.0201109996,0.01076329324,0.514907216,4,0.514907216,0.514907216,0.514907216,0.25832498,0.256582236,1.1381125462843176,False
1901330627.jpg,3,0.01125114238,0.0199297866,0.069504016,0.8873917100000001,0.0119233428,3,0.8873917100000001,0.8873917100000001,0.8873917100000001,0.069504016,0.817887694,0.47267359674611015,False
17774752.jpg,4,0.1173144499999999,0.16486319,0.021351965,0.0787757739999999,0.6176946040000001,4,0.6176946040000001,0.6176946040000001,0.6176946040000001,0.16486319,0.4528314140000001,1.1284766818191683,False
4248003612.jpg,3,0.013535787006,0.0187818583,0.02065359698,0.933061544,0.013967208325,3,0.933061544,0.933061544,0.933061544,0.02065359698,0.9124079470199999,0.3373260223075064,False
1777275885.jpg,3,0.008903630954,0.01353536998,0.0171881827,0.94843798,0.0119348152,3,0.94843798,0.94843798,0.94843798,0.0171881827,0.9312497973,0.2731768004326691,False
582120514.jpg,2,0.00553505849,0.010099225,0.963893398,0.01263040736,0.0078419107999999,2,0.963893398,0.963893398,0.963893398,0.01263040736,0.95126299064,0.20385490055213845,False
3926359515.jpg,4,0.0794295696,0.162775766,0.166356506,0.0167192896,0.57471888,4,0.57471888,0.57471888,0.57471888,0.166356506,0.4083623740000001,1.181790615701321,False
1181678723.jpg,0,0.539327086,0.18909246,0.012608247902,0.01211147174,0.246860744,0,0.539327086,0.539327086,0.539327086,0.246860744,0.292466342,1.1018727896176206,False
2671639707.jpg,3,0.019173370356,0.0387892507,0.030885507534,0.4982028599999999,0.412949032,3,0.4982028599999999,0.4982028599999999,0.4982028599999999,0.412949032,0.08525382799999992,1.0216161440646716,False
3496438505.jpg,4,0.0135644992,0.80775792,0.0788945972,0.0671545116,0.032628413,1,0.80775792,0.032628413,0.032628413,0.80775792,-0.775129507,0.724187285752489,True
3456541997.jpg,3,0.007779285796,0.00833946866,0.0167414412,0.95648446,0.01065539256,3,0.95648446,0.95648446,0.95648446,0.0167414412,0.9397430188,0.2371159396226043,False
2468020600.jpg,3,0.007573613404,0.01658504442,0.1047041504,0.86219358,0.008943586844,3,0.86219358,0.86219358,0.86219358,0.1047041504,0.7574894296,0.5112734505156106,False
226416882.jpg,1,0.01143991634,0.8819724,0.01130138988,0.0804502968,0.014835994,1,0.8819724,0.8819724,0.8819724,0.0804502968,0.8015221032,0.4777908872926836,False
1032460539.jpg,2,0.01011569734,0.0131090501,0.941407436,0.01450567158,0.02086213922,2,0.941407436,0.941407436,0.941407436,0.02086213922,0.92054529678,0.3022685172777876,False
1681274509.jpg,4,0.01346590982,0.0678293572,0.170838252,0.0167913344,0.7310751600000001,4,0.7310751600000001,0.7310751600000001,0.7310751600000001,0.170838252,0.560236908,0.8400215324251439,False
532038171.jpg,1,0.0084020835276,0.8835887999999998,0.01273123401,0.08409377844,0.01118407644,1,0.8835887999999998,0.8835887999999998,0.8835887999999998,0.08409377844,0.7994950215599999,0.4635214426032538,False
2461718953.jpg,0,0.5538552379999999,0.03852648904,0.01149838128,0.009992729542,0.386127148,0,0.5538552379999999,0.5538552379999999,0.5538552379999999,0.386127148,0.16772808999999994,0.9175107030099359,False
1601545456.jpg,3,0.0114298257219999,0.05785649082,0.03305401162,0.8870446599999999,0.0106150229304,3,0.8870446599999999,0.8870446599999999,0.8870446599999999,0.05785649082,0.8291881691799999,0.4832605462149076,False
2458565094.jpg,4,0.0157462432,0.0132294398,0.00783879272,0.00560150668,0.957584,4,0.957584,0.957584,0.957584,0.0157462432,0.9418377568,0.23113991943461804,False
512575634.jpg,0,0.8792707240000001,0.0735112588,0.007085005524,0.00952717244,0.0306058564,0,0.8792707240000001,0.8792707240000001,0.8792707240000001,0.0735112588,0.8057594652000001,0.4911309555704477,False
469245584.jpg,2,0.0077966478999999,0.010912665238,0.954299884,0.02144681994,0.0055439741258,2,0.954299884,0.954299884,0.954299884,0.02144681994,0.93285306406,0.24299027850302699,False
620752009.jpg,3,0.0512728988,0.0095605619999999,0.01201856262,0.91991912,0.0072288935207,3,0.91991912,0.91991912,0.91991912,0.0512728988,0.8686462212,0.3623275385470561,False
2718170987.jpg,2,0.012099947308,0.019408423124,0.2371040856,0.7074339540000001,0.02395361276,3,0.7074339540000001,0.2371040856,0.2371040856,0.7074339540000001,-0.47032986840000013,0.8054151451437508,True
4122820167.jpg,2,0.125713537,0.0312595852,0.2710142132,0.0678535092,0.504159136,4,0.504159136,0.2710142132,0.2710142132,0.504159136,-0.23314492279999993,1.2506915468200153,True
3116602626.jpg,4,0.011370318202,0.008579281802,0.0166537797,0.010109655044,0.953286976,4,0.953286976,0.953286976,0.953286976,0.0166537797,0.9366331963,0.25197595442107523,False
2348689406.jpg,3,0.008009664778,0.00826101376,0.00933323882,0.9672004,0.00719570292268,3,0.9672004,0.9672004,0.9672004,0.00933323882,0.9578671611799999,0.1896714822136799,False
1417032569.jpg,3,0.0139735913599999,0.0173721850799999,0.054785919,0.90478848,0.009079843762,3,0.90478848,0.90478848,0.90478848,0.054785919,0.850002561,0.42241731560945245,False
2360164721.jpg,3,0.008076934188,0.010636604808,0.00944332801,0.962845724,0.00899742739468,3,0.962845724,0.962845724,0.962845724,0.010636604808,0.952209119192,0.21011718349752168,False
3747187847.jpg,0,0.956175476,0.01209652938,0.0121796144,0.00687240964,0.012675969864,0,0.956175476,0.956175476,0.956175476,0.012675969864,0.943499506136,0.23953721394572963,False
2473152942.jpg,3,0.007077719938,0.007048817056,0.0348208048,0.943072996,0.007979666706,3,0.943072996,0.943072996,0.943072996,0.0348208048,0.9082521912,0.28070245571090713,False
1081992369.jpg,1,0.0210521078,0.8295896039999999,0.0647646648,0.01106347778,0.0735301304,1,0.8295896039999999,0.8295896039999999,0.8295896039999999,0.0735301304,0.7560594735999999,0.6552740978462122,False
1807740232.jpg,1,0.032595106,0.466108714,0.121508519,0.0547553168,0.325032284,1,0.466108714,0.466108714,0.466108714,0.325032284,0.14107642999999997,1.2478411896767831,False
3082130053.jpg,2,0.0131971788,0.07098347,0.6898637,0.0738852198,0.15207047,2,0.6898637,0.6898637,0.6898637,0.15207047,0.5377932299999999,0.97990707517009,False
116338302.jpg,4,0.01938775838,0.076277132,0.354782918,0.302404152,0.2471480539999999,2,0.354782918,0.2471480539999999,0.2471480539999999,0.354782918,-0.10763486400000011,1.3475100278912144,True
3418110218.jpg,3,0.0078315904506,0.008769776872,0.0240107744,0.940036716,0.0193511382,3,0.940036716,0.940036716,0.940036716,0.0240107744,0.9160259416000001,0.3035285526302517,False
3746522482.jpg,3,0.0077412058239999,0.0215483956,0.0994584121999999,0.8385527500000001,0.03269926,3,0.8385527500000001,0.8385527500000001,0.8385527500000001,0.0994584121999999,0.7390943378000001,0.609369240023741,False
1068624123.jpg,3,0.015626025,0.01245291232,0.00975383228,0.95404128,0.0081259795508,3,0.95404128,0.95404128,0.95404128,0.015626025,0.938415255,0.24875681759002685,False
2140735001.jpg,3,0.011847709976,0.0152099349,0.01360776566,0.94205363,0.017280962782,3,0.94205363,0.94205363,0.94205363,0.017280962782,0.924772667218,0.3010547328235593,False
3567260259.jpg,3,0.010964492016,0.01193026622,0.00979123418,0.95838454,0.0089294669304,3,0.95838454,0.95838454,0.95838454,0.01193026622,0.9464542737799999,0.2304859906100852,False
968449352.jpg,3,0.009448840484,0.01001277892,0.01080848756,0.95616872,0.0135611402,3,0.95616872,0.95616872,0.95616872,0.0135611402,0.9426075798,0.24025822589453513,False
3634094582.jpg,3,0.009287741854,0.0091184736,0.0262505322,0.942590984,0.0127522937254,3,0.942590984,0.942590984,0.942590984,0.0262505322,0.9163404518,0.29319996258786457,False
1633620342.jpg,4,0.04114215,0.0651824464,0.0787819566,0.0666315352,0.74826192,4,0.74826192,0.74826192,0.74826192,0.0787819566,0.6694799634,0.9069229168502396,False
903309442.jpg,3,0.01006824822,0.0205386118,0.1095492708,0.851843584,0.0080002856776,3,0.851843584,0.851843584,0.851843584,0.1095492708,0.7422943132,0.5435771284446149,False
1794430804.jpg,3,0.006674300982,0.008090609238,0.01205197314,0.965011932,0.00817119097,3,0.965011932,0.965011932,0.965011932,0.01205197314,0.9529599588600001,0.19930847939153865,False
3638291703.jpg,3,0.008144526504,0.01545451622,0.0257226614,0.938181904,0.0124963842,3,0.938181904,0.938181904,0.938181904,0.0257226614,0.9124592426,0.3124061959165611,False
2938350467.jpg,3,0.009827742708,0.0106969261,0.00999528718,0.96269094,0.006789119132,3,0.96269094,0.96269094,0.96269094,0.0106969261,0.9519940139,0.210502888124388,False
2339140674.jpg,3,0.00859315316,0.01856684736,0.0158153766,0.94167784,0.015346800062,3,0.94167784,0.94167784,0.94167784,0.01856684736,0.92311099264,0.30116167321276244,False
1998622752.jpg,2,0.7408979400000001,0.0235105026,0.0720719704,0.0360674755999999,0.1274521048,0,0.7408979400000001,0.0720719704,0.0720719704,0.7408979400000001,-0.6688259696000001,0.8822995342501481,True
1170312176.jpg,3,0.007414227442,0.007991797256,0.0163784664,0.955853324,0.012362201416,3,0.955853324,0.955853324,0.955853324,0.0163784664,0.9394748576,0.23976796019900307,False
1341694459.jpg,4,0.009441899,0.0206385093999999,0.0385147636,0.58783862,0.3435662,3,0.58783862,0.3435662,0.3435662,0.58783862,-0.24427242,0.928923082905285,True
3194661838.jpg,3,0.008082820958,0.009964367264,0.0126931064,0.95767616,0.0115835395492,3,0.95767616,0.95767616,0.95767616,0.0126931064,0.9449830536,0.23334993024233208,False
306689552.jpg,3,0.00886846996,0.006617808498,0.00954615792,0.96229106,0.0126764829399999,3,0.96229106,0.96229106,0.96229106,0.0126764829399999,0.9496145770600001,0.2118787452358532,False
545003862.jpg,3,0.0362433712,0.01126425,0.0119967998,0.838650314,0.1018452661999999,3,0.838650314,0.838650314,0.838650314,0.1018452661999999,0.7368050478000001,0.6040486889152653,False
2792568356.jpg,3,0.0118284122,0.01890116,0.019911794,0.939895578,0.0094630808252,3,0.939895578,0.939895578,0.939895578,0.019911794,0.919983784,0.30784106937545874,False
2526800384.jpg,3,0.0075681632199999,0.00987473172,0.0415436914,0.931832964,0.009180425728,3,0.931832964,0.931832964,0.931832964,0.0415436914,0.8902892726,0.3235630637723913,False
1079216156.jpg,3,0.00907748068,0.011154223228,0.279439194,0.68496886,0.015360231292,3,0.68496886,0.68496886,0.68496886,0.279439194,0.405529666,0.772431109053783,False
4186680625.jpg,2,0.0181986282,0.0111595809,0.9434331,0.0191376107399999,0.00807113627,2,0.9434331,0.9434331,0.9434331,0.0191376107399999,0.9242954892600002,0.2926233291629684,False
2073650843.jpg,3,0.00804121809,0.01001584242,0.1063764512,0.86730332,0.0082631584612,3,0.86730332,0.86730332,0.86730332,0.1063764512,0.7609268687999999,0.4863629069839836,False
160835156.jpg,3,0.009351570808,0.008814500138,0.02240517,0.94971338,0.00971537074,3,0.94971338,0.94971338,0.94971338,0.02240517,0.9273082100000001,0.26452426137201623,False
3412620463.jpg,4,0.0339763731,0.0067207204199999,0.0184372364,0.0581390742,0.8827265799999999,4,0.8827265799999999,0.8827265799999999,0.8827265799999999,0.0581390742,0.8245875058,0.497670874071296,False
569609163.jpg,3,0.0265334368,0.019182529,0.0982651292,0.829292774,0.0267261414,3,0.829292774,0.829292774,0.829292774,0.0982651292,0.7310276448,0.6521595048876576,False
992352996.jpg,1,0.0292159056,0.7230665079999999,0.0313149788,0.187544872,0.0288577374,1,0.7230665079999999,0.7230665079999999,0.7230665079999999,0.187544872,0.5355216359999999,0.8623550620957823,False
3773282185.jpg,3,0.005660864758,0.008604662514,0.0194290191999999,0.950875542,0.0154299415799999,3,0.950875542,0.950875542,0.950875542,0.0194290191999999,0.9314465228000001,0.2590416512120607,False
1698435462.jpg,1,0.009810215082,0.958545856,0.006205051098,0.009518506572,0.0159203861199999,1,0.958545856,0.958545856,0.958545856,0.0159203861199999,0.9426254698800001,0.2277018954331047,False
2169903873.jpg,3,0.0096375099344,0.008029248326,0.009466826756,0.962886284,0.0099801280388,3,0.962886284,0.962886284,0.962886284,0.0099801280388,0.9529061559612,0.20998804963476822,False
2428265097.jpg,3,0.01008972642,0.0231525124,0.147403418,0.81014114,0.009213177754,3,0.81014114,0.81014114,0.81014114,0.147403418,0.662737722,0.6295309289574893,False
488450580.jpg,3,0.01004442482,0.0540051228,0.01785011584,0.90946736,0.00863297765,3,0.90946736,0.90946736,0.90946736,0.0540051228,0.8554622371999999,0.4030255676533298,False
3316783738.jpg,3,0.0097651990538,0.010303133968,0.01237886548,0.954509302,0.0130434793,3,0.954509302,0.954509302,0.954509302,0.0130434793,0.9414658226999999,0.24774917934392923,False
1695533012.jpg,3,0.013585218492,0.06046653222,0.01876200246,0.872303402,0.0348828322,3,0.872303402,0.872303402,0.872303402,0.06046653222,0.81183686978,0.5388756255552527,False
3523309825.jpg,2,0.01185843452,0.01248827436,0.921049262,0.0335366938,0.02106731844,2,0.921049262,0.921049262,0.921049262,0.0335366938,0.8875125682,0.37825463411922433,False
2059469005.jpg,3,0.010035633876,0.009838347878,0.01064599154,0.951626018,0.01785398052,3,0.951626018,0.951626018,0.951626018,0.01785398052,0.93377203748,0.25906422824305636,False
643008801.jpg,3,0.006533048354,0.031406623,0.0231043654,0.928748284,0.01020764454,3,0.928748284,0.928748284,0.928748284,0.031406623,0.897341661,0.3440570695473721,False
3757297104.jpg,4,0.136528994,0.0406394816,0.0590152312,0.684980572,0.0788357299999999,3,0.684980572,0.0788357299999999,0.0788357299999999,0.684980572,-0.6061448420000001,1.028484590755715,True
3510615761.jpg,3,0.0111748606,0.00898411428,0.0082062065,0.96548684,0.0061479417594,3,0.96548684,0.96548684,0.96548684,0.0111748606,0.9543119794,0.1971836314598198,False
3065582902.jpg,3,0.0092174542438,0.0095357465236,0.009512537,0.960617222,0.01111707378,3,0.960617222,0.960617222,0.960617222,0.01111707378,0.94950014822,0.22046396090324005,False
4247839780.jpg,1,0.006382030026,0.88001586,0.0080694563,0.0991125799999999,0.006420075022,1,0.88001586,0.88001586,0.88001586,0.0991125799999999,0.7809032800000001,0.4451373890495222,False
3793664928.jpg,1,0.0117509429,0.952395016,0.0113757241203,0.011241710948,0.01323661948,1,0.952395016,0.952395016,0.952395016,0.01323661948,0.93915839652,0.2572929006021375,False
2780229634.jpg,3,0.0217827488,0.0176450756,0.0478118551,0.891690516,0.021069808116,3,0.891690516,0.891690516,0.891690516,0.0478118551,0.8438786609000001,0.4835118068389259,False
1652157522.jpg,0,0.2347675524,0.386167528,0.0192077102,0.211341392,0.148515838,1,0.386167528,0.2347675524,0.2347675524,0.386167528,-0.1513999756,1.3952781749074006,True
3343671398.jpg,4,0.0095547551,0.023666206,0.3430518,0.01971414584,0.604013104,4,0.604013104,0.604013104,0.604013104,0.3430518,0.26096130399999995,0.8819828102244851,False
2181259401.jpg,4,0.0099686488,0.097653224,0.1615347919999999,0.026417097,0.704426224,4,0.704426224,0.704426224,0.704426224,0.1615347919999999,0.5428914320000001,0.9104000007456439,False
1160106089.jpg,3,0.00881584606,0.0327075132,0.0221760914,0.926903176,0.0093974129399999,3,0.926903176,0.926903176,0.926903176,0.0327075132,0.8941956628000001,0.3522555743389805,False
520310239.jpg,3,0.00804686223,0.007929001004,0.0595444757999999,0.91666386,0.0078157682916,3,0.91666386,0.91666386,0.91666386,0.0595444757999999,0.8571193842000001,0.3628190873322904,False
1834269542.jpg,3,0.0102068262,0.007729390608,0.0148240284,0.95557996,0.01165979835,3,0.95557996,0.95557996,0.95557996,0.0148240284,0.9407559316,0.2421359918745428,False
2124278759.jpg,3,0.0107432894,0.00814441628,0.00947730316,0.96446284,0.0071721445924,3,0.96446284,0.96446284,0.96446284,0.0107432894,0.9537195506,0.2023468194750943,False
3511420562.jpg,3,0.01356604352,0.01069653746,0.1042711044,0.86090532,0.01056098753,3,0.86090532,0.86090532,0.86090532,0.1042711044,0.7566342156,0.5196048126938675,False
2771434768.jpg,2,0.0360792801,0.01967582256,0.0260633786,0.1131663342,0.80501516,4,0.80501516,0.0260633786,0.0260633786,0.80501516,-0.7789517814,0.7133903054562334,True
3602570969.jpg,3,0.007466022272,0.01039887604,0.030309409,0.94224554,0.009580165824,3,0.94224554,0.94224554,0.94224554,0.030309409,0.911936131,0.2905994017788275,False
2963992866.jpg,3,0.007817028696,0.007827971576,0.038530918,0.937599624,0.008224478146,3,0.937599624,0.937599624,0.937599624,0.038530918,0.899068706,0.3012524325416488,False
1020423203.jpg,3,0.0116574794,0.023284409,0.0216083604,0.914868596,0.0285811518,3,0.914868596,0.914868596,0.914868596,0.0285811518,0.8862874442,0.40531310020686107,False
3779251659.jpg,3,0.00665612528304,0.0066032332659,0.00883950404,0.97196042,0.0059406831736,3,0.97196042,0.97196042,0.97196042,0.00883950404,0.96312091596,0.16640356235783588,False
1814144394.jpg,1,0.007956807328,0.9560369,0.0141455138,0.01334295282,0.008517874692,1,0.9560369,0.9560369,0.9560369,0.0141455138,0.9418913862,0.2398710400638092,False
297419714.jpg,3,0.01217151,0.007879067034,0.0308913354,0.94150524,0.007552872358,3,0.94150524,0.94150524,0.94150524,0.0308913354,0.9106139046,0.29289204952131404,False
3667636603.jpg,3,0.0197286412,0.009150161396,0.0147050928,0.947190938,0.00922517732978,3,0.947190938,0.947190938,0.947190938,0.0197286412,0.9274622968,0.27706511710735354,False
2430888748.jpg,3,0.0075836762319999,0.007930854938,0.0108647595,0.964916192,0.0087045059096,3,0.964916192,0.964916192,0.964916192,0.0108647595,0.9540514325,0.20027059382423068,False
2929358407.jpg,3,0.0214809706,0.00856367418,0.0392147134,0.91955146,0.01118918275,3,0.91955146,0.91955146,0.91955146,0.0392147134,0.8803367465999999,0.377662356724206,False
4201965605.jpg,3,0.0088383498999999,0.00801263006,0.0269722016,0.949647196,0.0065296379344,3,0.949647196,0.949647196,0.949647196,0.0269722016,0.9226749944,0.2598340522995679,False
711729648.jpg,4,0.0271383794,0.0868783502,0.02447151662,0.0490453732,0.812466404,4,0.812466404,0.812466404,0.812466404,0.0868783502,0.7255880538,0.7175492946775714,False
4147456412.jpg,3,0.009120689693,0.009027561021,0.01034106869,0.964370216,0.0071404757626,3,0.964370216,0.964370216,0.964370216,0.01034106869,0.95402914731,0.20288978120194467,False
3724726021.jpg,2,0.01087019578,0.0084169514279999,0.951800118,0.02022443142,0.0086882861264,2,0.951800118,0.951800118,0.951800118,0.02022443142,0.93157568658,0.25650873292830795,False
1594527839.jpg,2,0.010604884294,0.007361895682,0.88883403,0.0816722188,0.01152692337,2,0.88883403,0.88883403,0.88883403,0.0816722188,0.8071618112000001,0.44515414779050966,False
2327226384.jpg,3,0.006676158568,0.009158871758,0.00913572014,0.967171812,0.007857431296,3,0.967171812,0.967171812,0.967171812,0.009158871758,0.958012940242,0.18968531177854434,False
1391361289.jpg,3,0.0070844267248,0.0121994998,0.0169493734,0.95676706,0.00699965508,3,0.95676706,0.95676706,0.95676706,0.0169493734,0.9398176866,0.23494994942751043,False
2083183851.jpg,3,0.007703419184,0.007807780086,0.01125041902,0.94731027,0.0259281392,3,0.94731027,0.94731027,0.94731027,0.0259281392,0.9213821308,0.2718356137408776,False
451261982.jpg,3,0.0127840549908,0.00844699965,0.011896503936,0.941829996,0.0250424692,3,0.941829996,0.941829996,0.941829996,0.0250424692,0.9167875268,0.2975582787350158,False
832729024.jpg,4,0.00913753208,0.1349018296,0.01305105496,0.8181137,0.02479588298,3,0.8181137,0.02479588298,0.02479588298,0.8181137,-0.79331781702,0.6256793746594564,True
1207142999.jpg,0,0.137099572,0.243624872,0.01454160478,0.0117849134,0.5929490040000001,4,0.5929490040000001,0.137099572,0.137099572,0.5929490040000001,-0.45584943200000005,1.0402130873332593,True
2161004909.jpg,3,0.0087398479884,0.0073488856379999,0.0123571925999999,0.959236836,0.0123172260239999,3,0.959236836,0.959236836,0.959236836,0.0123571925999999,0.9468796434000001,0.2259004716524893,False
1454355649.jpg,3,0.010038672332,0.0148172152,0.0598010838,0.90187298,0.013470062496,3,0.90187298,0.90187298,0.90187298,0.0598010838,0.8420718962,0.428210525682755,False
2650131569.jpg,1,0.0078566450436,0.92503377,0.00941211196,0.0493975922,0.0082998835976,1,0.92503377,0.92503377,0.92503377,0.0493975922,0.8756361778,0.3424240659226039,False
2034300909.jpg,3,0.0525606401999999,0.0269937776,0.0428429622,0.865606078,0.01199655732,3,0.865606078,0.865606078,0.865606078,0.0525606401999999,0.8130454378,0.5652938260950134,False
828383067.jpg,3,0.00923172435,0.008911275774,0.00794728204,0.96030468,0.01360505108,3,0.96030468,0.96030468,0.96030468,0.01360505108,0.94669962892,0.22110327987037023,False
1959916308.jpg,4,0.914736904,0.0446624196,0.00994967756,0.0080844496419999,0.0225665018,0,0.914736904,0.0225665018,0.0225665018,0.914736904,-0.8921704022,0.39073450858016706,True
541216971.jpg,1,0.0154610794999999,0.480375612,0.222663636,0.0267827715999999,0.254716902,1,0.480375612,0.480375612,0.480375612,0.254716902,0.22565870999999998,1.1964355223897598,False
3218913875.jpg,3,0.0210006276,0.008959138482,0.262244086,0.6992901840000001,0.008505938434,3,0.6992901840000001,0.6992901840000001,0.6992901840000001,0.262244086,0.4370460980000001,0.7650575797276331,False
3168083400.jpg,3,0.0187092733999999,0.019349786,0.0250599944,0.8673583680000001,0.06952258,3,0.8673583680000001,0.8673583680000001,0.8673583680000001,0.06952258,0.7978357880000001,0.5519409711291747,False
2703905057.jpg,1,0.01119299222,0.0478999181999999,0.0149039484,0.9204109,0.00559226831078,3,0.9204109,0.0478999181999999,0.0478999181999999,0.9204109,-0.8725109818000001,0.36386068640441316,True
2228488681.jpg,4,0.0098043268,0.00636130142,0.0178096894,0.0141696295,0.951855098,4,0.951855098,0.951855098,0.951855098,0.0178096894,0.9340454086,0.2565365081569758,False
3435954655.jpg,1,0.002108110146,0.8900442000000001,0.00219708739,0.00900615056,0.0966444528,1,0.8900442000000001,0.8900442000000001,0.8900442000000001,0.0966444528,0.7933997472000001,0.3983619673109373,False
501215014.jpg,1,0.00529675562,0.51091078,0.008342866,0.0138576878,0.46159189,1,0.51091078,0.51091078,0.51091078,0.46159189,0.049318890000000004,0.8269383818207422,False
3133224785.jpg,3,0.010834362502,0.0093204556,0.6368421439999999,0.328475446,0.01452760786,2,0.6368421439999999,0.328475446,0.328475446,0.6368421439999999,-0.30836669799999994,0.8071345479253881,True
1926981545.jpg,3,0.01010815404,0.01505855152,0.01063220934,0.955882616,0.0083184482232,3,0.955882616,0.955882616,0.955882616,0.01505855152,0.94082406448,0.24090414109397312,False
2199920986.jpg,1,0.350175694,0.178186864,0.01515718042,0.2066092823999999,0.249870988,0,0.350175694,0.178186864,0.178186864,0.350175694,-0.17198882999999998,1.4106338941289376,True
4134617519.jpg,3,0.00631799016,0.01176287916,0.1469356456,0.82692173,0.00806173746,3,0.82692173,0.82692173,0.82692173,0.1469356456,0.6799860844000001,0.5620592784079714,False
2480715944.jpg,0,0.9366557,0.0313838292,0.007629274752,0.0076544562239999,0.0166766952,0,0.9366557,0.9366557,0.9366557,0.0313838292,0.9052718707999999,0.31269296564102955,False
218377.jpg,1,0.007998532478,0.8865695600000001,0.01848693592,0.0759296896,0.0110153065276,1,0.8865695600000001,0.8865695600000001,0.8865695600000001,0.0759296896,0.8106398704000001,0.4645406211897241,False
603756866.jpg,3,0.011249567618,0.00979664196,0.02327212176,0.94401432,0.01166731533,3,0.94401432,0.94401432,0.94401432,0.02327212176,0.9207421982399999,0.2896320578045265,False
3436918118.jpg,3,0.04226283298,0.03291714874,0.0350547466,0.799580796,0.0901844798,3,0.799580796,0.799580796,0.799580796,0.0901844798,0.7093963162,0.7593624848207317,False
2705839002.jpg,3,0.00873263835,0.009814893266,0.0146026167999999,0.934801582,0.0320482738,3,0.934801582,0.934801582,0.934801582,0.0320482738,0.9027533082,0.32178781614835894,False
2177297033.jpg,3,0.013698568644,0.018340826906,0.0287276429999999,0.92102784,0.018205103436,3,0.92102784,0.92102784,0.92102784,0.0287276429999999,0.8923001970000002,0.3827904303105648,False
1149376590.jpg,3,0.00843745795,0.008611359292,0.00843816614,0.96673079,0.0077822310974,3,0.96673079,0.96673079,0.96673079,0.008611359292,0.958119430708,0.192025226829176,False
2231502538.jpg,3,0.0134280583579999,0.02219275558,0.03838863495,0.903829776,0.02216079918,3,0.903829776,0.903829776,0.903829776,0.03838863495,0.86544114105,0.4433469913658581,False
1344226593.jpg,4,0.068442367,0.0437831602,0.02607384306,0.01224103572,0.84945958,4,0.84945958,0.84945958,0.84945958,0.068442367,0.7810172129999999,0.6080991026872252,False
1931488881.jpg,0,0.161692842,0.510432268,0.031304555,0.0371688544,0.2594015104,1,0.510432268,0.161692842,0.161692842,0.510432268,-0.34873942599999996,1.2187177611329965,True
3752506067.jpg,1,0.01113969622,0.542443888,0.040253181,0.397699514,0.008463749178,1,0.542443888,0.542443888,0.542443888,0.397699514,0.144744374,0.918301831873845,False
3370552221.jpg,3,0.00992861772,0.009318591444,0.00936720576,0.918927816,0.0524577435999999,3,0.918927816,0.918927816,0.918927816,0.0524577435999999,0.8664700724000001,0.36544077237244044,False
33394773.jpg,3,0.008404132698,0.009699827584,0.0136719382,0.95092524,0.0172988972,3,0.95092524,0.95092524,0.95092524,0.0172988972,0.9336263428,0.26184812750239406,False
1933581758.jpg,3,0.00837936236,0.0134638466,0.092821852,0.8771379480000001,0.008197005992,3,0.8771379480000001,0.8771379480000001,0.8771379480000001,0.092821852,0.7843160960000001,0.47307635453424035,False
4098458638.jpg,3,0.014675766354,0.006964004864,0.0338828055999999,0.92204299,0.0224344314,3,0.92204299,0.92204299,0.92204299,0.0338828055999999,0.8881601844000001,0.37125620430959383,False
210587421.jpg,3,0.009826863822,0.012965152736,0.00929232522,0.95555522,0.0123604193266,3,0.95555522,0.95555522,0.95555522,0.012965152736,0.9425900672640001,0.2429853422499987,False
3714160036.jpg,3,0.00870125394,0.01391743154,0.00854858628,0.96118776,0.007644991282,3,0.96118776,0.96118776,0.96118776,0.01391743154,0.9472703284599999,0.21678970467778835,False
3815372815.jpg,3,0.007895183264,0.01141189898,0.0081753856019999,0.965379762,0.007137804586,3,0.965379762,0.965379762,0.965379762,0.01141189898,0.95396786302,0.19785858000434126,False
3151692315.jpg,3,0.0532127073,0.0701826908,0.0462293284,0.0993575154,0.73101776,4,0.73101776,0.0993575154,0.0993575154,0.73101776,-0.6316602445999999,0.9431240330560836,True
1436699751.jpg,4,0.0352094612,0.263909092,0.01450513388,0.388199536,0.298176772,3,0.388199536,0.298176772,0.298176772,0.388199536,-0.09002276400000003,1.258939612933534,True
2542075685.jpg,2,0.00765813086,0.00811780978,0.907442138,0.0651691272,0.01161278704,2,0.907442138,0.907442138,0.907442138,0.0651691272,0.8422730107999999,0.3942270815158752,False
1057519931.jpg,3,0.009641895359,0.0093141336984,0.009412664198,0.96186932,0.009761994768,3,0.96186932,0.96186932,0.96186932,0.009761994768,0.952107325232,0.2148108862605987,False
1072171567.jpg,3,0.00872785424,0.008927928028,0.01497649736,0.95061862,0.0167491026,3,0.95061862,0.95061862,0.95061862,0.0167491026,0.9338695174,0.2630637293389128,False
3324814841.jpg,3,0.00898969664,0.0577392892,0.0545908644,0.87128538,0.00739478056,3,0.87128538,0.87128538,0.87128538,0.0577392892,0.8135460908,0.5220993300818458,False
1335111806.jpg,3,0.00909580938,0.01020185598,0.01310042696,0.95094606,0.0166558324,3,0.95094606,0.95094606,0.95094606,0.0166558324,0.9342902276,0.2623551458431563,False
1502381784.jpg,3,0.04282679278,0.0145712436,0.202101558,0.7240449,0.01645550574,3,0.7240449,0.7240449,0.7240449,0.202101558,0.521943342,0.8210843493323328,False
2929639901.jpg,3,0.0090384833359999,0.0103605382,0.008582985224,0.964683844,0.007334175718,3,0.964683844,0.964683844,0.964683844,0.0103605382,0.9543233057999999,0.20145426729934526,False
272311882.jpg,3,0.0129086004,0.023622175,0.024536515,0.777980162,0.1609525599999999,3,0.777980162,0.777980162,0.777980162,0.1609525599999999,0.6170276020000001,0.7249190444292198,False
1675758805.jpg,3,0.01141948636,0.2153080029999999,0.00924093248,0.7360825,0.02794909038,3,0.7360825,0.7360825,0.7360825,0.2153080029999999,0.5207744970000001,0.7505334455212962,False
1966999074.jpg,3,0.2200279319999999,0.0716748724,0.0177620873,0.59340976,0.097125344,3,0.59340976,0.59340976,0.59340976,0.2200279319999999,0.3733818280000001,1.1297784126342543,False
925707812.jpg,0,0.650323148,0.25134381,0.00888941966,0.008923746328,0.0805198924,0,0.650323148,0.650323148,0.650323148,0.25134381,0.398979338,0.9138590789140424,False
434128804.jpg,2,0.0144186280662,0.0098422044199999,0.785483756,0.1741545042,0.0161009004,2,0.785483756,0.785483756,0.785483756,0.1741545042,0.6113292518,0.6671329791749594,False
3428113072.jpg,4,0.572744668,0.0362820644,0.0085173704,0.0104547031,0.3720012219999999,0,0.572744668,0.3720012219999999,0.3720012219999999,0.572744668,-0.2007434460000001,0.8956543598991002,True
1941107919.jpg,3,0.011062550304,0.0302551755,0.01290397456,0.9360177,0.0097606306644,3,0.9360177,0.9360177,0.9360177,0.0302551755,0.9057625244999999,0.31887439161601877,False
3213687782.jpg,3,0.013737125156,0.03459507562,0.012949205,0.918398216,0.02032035962,3,0.918398216,0.918398216,0.918398216,0.03459507562,0.8838031403800001,0.3889146754028656,False
1974290297.jpg,3,0.0358917491,0.0229007666,0.077479098,0.209575194,0.6541532,4,0.6541532,0.209575194,0.209575194,0.6541532,-0.44457800599999997,1.0092083840567352,True
3294864038.jpg,4,0.0117394437999999,0.0370144304,0.0435046,0.014662212578,0.8930793159999999,4,0.8930793159999999,0.8930793159999999,0.8930793159999999,0.0435046,0.8495747159999999,0.4734779160595772,False
3574308503.jpg,4,0.060019097,0.0357307959999999,0.052538912,0.1132175352,0.73849366,4,0.73849366,0.73849366,0.73849366,0.1132175352,0.6252761248,0.9131823749387422,False
1033962303.jpg,4,0.024006495,0.4268723199999999,0.311642988,0.2077295608,0.029748673,1,0.4268723199999999,0.029748673,0.029748673,0.4268723199999999,-0.3971236469999999,1.2472744403205767,True
2318257216.jpg,3,0.00951517272,0.0101177852,0.0890238568,0.879086904,0.0122562775124,3,0.879086904,0.879086904,0.879086904,0.0890238568,0.7900630472,0.47334088167273036,False
4206288054.jpg,3,0.0070835228039999,0.00969786399,0.00766277766,0.953850636,0.0217052392,3,0.953850636,0.953850636,0.953850636,0.0217052392,0.9321453968,0.24555262489191604,False
2606703417.jpg,3,0.0126027685,0.0129545648,0.0173719845,0.94923984,0.0078308538724,3,0.94923984,0.94923984,0.94923984,0.0173719845,0.9318678555,0.26926050720217176,False
602031471.jpg,3,0.0091240171,0.0104262841,0.938848852,0.0091105548,0.0324902896,2,0.938848852,0.0091105548,0.0091105548,0.938848852,-0.9297382972,0.30381825552524766,True
2002772795.jpg,3,0.013108719528,0.009787422712,0.01625295738,0.91966736,0.04118355278,3,0.91966736,0.91966736,0.91966736,0.04118355278,0.8784838072200001,0.37743601399378074,False
357655527.jpg,3,0.009086299536,0.008317172896,0.01535142616,0.959132898,0.00811218995538,3,0.959132898,0.959132898,0.959132898,0.01535142616,0.94378147184,0.22574072703207704,False
201201648.jpg,3,0.0085634644,0.0114381693,0.171889482,0.796599558,0.01150932048,3,0.796599558,0.796599558,0.796599558,0.171889482,0.6247100760000001,0.627116544391304,False
481152398.jpg,3,0.008953828116,0.0088281283308,0.0123937918,0.9541115,0.0157127908,3,0.9541115,0.9541115,0.9541115,0.0157127908,0.9383987092,0.2484731671833495,False
3506387687.jpg,3,0.0090731107236,0.008188300152,0.136372304,0.83428908,0.0120772176,3,0.83428908,0.83428908,0.83428908,0.136372304,0.697916776,0.5582053961812987,False
2856136124.jpg,3,0.011020057084,0.0112903295724,0.011524684172,0.957230824,0.008934057282,3,0.957230824,0.957230824,0.957230824,0.011524684172,0.945706139828,0.2357313278236964,False
3449080403.jpg,3,0.009580899618,0.0171480143,0.02155059542,0.835757444,0.1159630764,3,0.835757444,0.835757444,0.835757444,0.1159630764,0.7197943675999999,0.5967402231167338,False
2844800744.jpg,3,0.009606964848,0.01173092182,0.008396440466,0.96012785,0.010137816232,3,0.96012785,0.96012785,0.96012785,0.01173092182,0.94839692818,0.22252567298827805,False
3720115396.jpg,3,0.00772485654,0.01245367338,0.0139615098,0.958766884,0.007093018756,3,0.958766884,0.958766884,0.958766884,0.0139615098,0.9448053742,0.2272947890060364,False
2270423003.jpg,3,0.01272663774,0.010832765778,0.0757470608,0.61483182,0.2858617519999999,3,0.61483182,0.61483182,0.61483182,0.2858617519999999,0.3289700680000001,0.9570420681507339,False
742622446.jpg,2,0.009224879868,0.0170606194,0.8684712800000001,0.01978550178,0.0854577031999999,2,0.8684712800000001,0.8684712800000001,0.8684712800000001,0.0854577031999999,0.7830135768000002,0.5229702539946172,False
379034771.jpg,3,0.007672447982,0.008337622148,0.00939461784,0.9661405,0.0084548169166,3,0.9661405,0.9661405,0.9661405,0.00939461784,0.95674588216,0.1947629234605795,False
609857978.jpg,2,0.009536747036,0.02420806292,0.935976484,0.01853927604,0.01173940876,2,0.935976484,0.935976484,0.935976484,0.02420806292,0.91176842108,0.32249087310818364,False
1046631452.jpg,2,0.0074311438,0.1558724355999999,0.7508771599999999,0.0329655234,0.0528537648,2,0.7508771599999999,0.7508771599999999,0.7508771599999999,0.1558724355999999,0.5950047244000001,0.8091771056247536,False
2501671666.jpg,3,0.0095960859278,0.0098121067676,0.00913001474,0.952744392,0.01871740204,3,0.952744392,0.952744392,0.952744392,0.01871740204,0.93402698996,0.2534205740436305,False
4088464085.jpg,0,0.1130096912,0.0125720864,0.406347004,0.457134734,0.0109364778404,3,0.457134734,0.1130096912,0.1130096912,0.457134734,-0.3441250428,1.0745667115460835,True
897925605.jpg,3,0.01005417062,0.0425665722,0.277259768,0.6555693,0.0145501821,3,0.6555693,0.6555693,0.6555693,0.277259768,0.378309532,0.8746495424024872,False
3354494955.jpg,3,0.00667656894,0.00674884192,0.08236908,0.893146134,0.01105939678,3,0.893146134,0.893146134,0.893146134,0.08236908,0.810777054,0.42356218945620633,False
186024899.jpg,2,0.0165816895999999,0.0402478505999999,0.854887248,0.0251969856,0.0630862319999999,2,0.854887248,0.854887248,0.854887248,0.0630862319999999,0.7918010160000002,0.5983883016689197,False
2305707140.jpg,3,0.03080442698,0.105932186,0.106864481,0.637583872,0.1188149928,3,0.637583872,0.637583872,0.637583872,0.1188149928,0.5187688792,1.1240404434542766,False
3825350206.jpg,3,0.0081988968344,0.010868987544,0.01156659328,0.95036041,0.0190050984364,3,0.95036041,0.95036041,0.95036041,0.0190050984364,0.9313553115636001,0.263820868979903,False
3880993061.jpg,3,0.00855003187,0.00879569409,0.0175853442,0.95398328,0.0110856311,3,0.95398328,0.95398328,0.95398328,0.0175853442,0.9363979358,0.2482549927965776,False
1812275285.jpg,2,0.607079994,0.20029396,0.079278598,0.0157964181,0.09755104962,0,0.607079994,0.079278598,0.079278598,0.607079994,-0.527801396,1.1185727058068362,True
1620003976.jpg,3,0.007944950898,0.014711242736,0.014031477704,0.953134656,0.010177708912,3,0.953134656,0.953134656,0.953134656,0.014711242736,0.938423413264,0.2527894401227815,False
658285764.jpg,2,0.00962438792,0.0214439624,0.14887216,0.80712185,0.0129376366,3,0.80712185,0.14887216,0.14887216,0.80712185,-0.65824969,0.6398351860748058,True
307148103.jpg,3,0.00927226406,0.0112784097,0.0544504576,0.914581028,0.01041783238,3,0.914581028,0.914581028,0.914581028,0.0544504576,0.8601305704,0.38167085382952276,False
2163630051.jpg,3,0.010785551664,0.0118136222399999,0.01238478352,0.93115939,0.033856679,3,0.93115939,0.93115939,0.93115939,0.033856679,0.897302711,0.33671417817816585,False
2865479509.jpg,4,0.0914251319999999,0.151776916,0.01406540875,0.01925471116,0.723477864,4,0.723477864,0.723477864,0.723477864,0.151776916,0.571700948,0.8750727003759043,False
1118164655.jpg,4,0.0167026018,0.2809090502,0.132493672,0.0172128564,0.552681824,4,0.552681824,0.552681824,0.552681824,0.2809090502,0.2717727738,1.0904718135315319,False
4013206965.jpg,1,0.0060842070078,0.96145692,0.0094853778019999,0.01491299596,0.008060553916,1,0.96145692,0.96145692,0.96145692,0.01491299596,0.9465439240400001,0.2145905095856448,False
1264210768.jpg,3,0.0092724663788,0.008479804068,0.0153864602,0.95838848,0.00847279368,3,0.95838848,0.95838848,0.95838848,0.0153864602,0.9430020198,0.2292344328418823,False
467965750.jpg,3,0.006693901202,0.00889165695,0.011170537072,0.96384522,0.009398691468,3,0.96384522,0.96384522,0.96384522,0.011170537072,0.952674682928,0.2050698286778727,False
3575391896.jpg,0,0.41173408,0.3149317,0.0157601062,0.0258970626,0.2316770679999999,0,0.41173408,0.41173408,0.41173408,0.3149317,0.09680238000000002,1.2280694915568287,False
3412658650.jpg,3,0.0090726330576,0.01250181442,0.0650980968,0.905230296,0.008097174976,3,0.905230296,0.905230296,0.905230296,0.0650980968,0.8401321992,0.4044123496150746,False
4168229813.jpg,4,0.0638125956,0.087685746,0.005720801716,0.0409257784,0.801855054,4,0.801855054,0.801855054,0.801855054,0.087685746,0.714169308,0.7264369146193004,False
2673614730.jpg,3,0.0080700115,0.0072731235956,0.006989602298,0.966516316,0.011150929522,3,0.966516316,0.966516316,0.966516316,0.011150929522,0.955365386478,0.19244958610041732,False
3307925077.jpg,3,0.011861869718,0.01103745086,0.01756621508,0.445548764,0.51398574,4,0.51398574,0.445548764,0.445548764,0.51398574,-0.06843697599999998,0.8756306579883956,True
110949726.jpg,3,0.01155588584,0.012209879324,0.0070194273956,0.96188949,0.0073253463799,3,0.96188949,0.96188949,0.96188949,0.012209879324,0.949679610676,0.21353566858626286,False
78946276.jpg,2,0.006140169078,0.00590334452,0.948618272,0.02337790704,0.0159603491,2,0.948618272,0.948618272,0.948618272,0.02337790704,0.9252403649600001,0.26545200025770227,False
3208135631.jpg,4,0.1907535199999999,0.04001406298,0.006952981744,0.011942287676,0.750337144,4,0.750337144,0.750337144,0.750337144,0.1907535199999999,0.5595836240000001,0.7477658532340672,False
2914141395.jpg,4,0.473008648,0.0242782092,0.0126984913,0.0122554322,0.4777591799999999,4,0.4777591799999999,0.4777591799999999,0.4777591799999999,0.473008648,0.0047505319999999185,0.906671561565003,False
3111312039.jpg,0,0.530773528,0.158984512,0.0191307670199999,0.01021837558,0.280892796,0,0.530773528,0.530773528,0.530773528,0.280892796,0.249880732,1.1077661671969152,False
680707413.jpg,4,0.009986691056,0.00788671622,0.032632483,0.506633468,0.442860648,3,0.506633468,0.442860648,0.442860648,0.506633468,-0.06377281999999995,0.9010830106573332,True
1281155236.jpg,3,0.00926933912,0.008791499,0.0639468075999999,0.910079944,0.00791238129,3,0.910079944,0.910079944,0.910079944,0.0639468075999999,0.8461331364000001,0.384884548224308,False
1358076537.jpg,0,0.4744010239999999,0.0559779198,0.00781805176,0.02140179436,0.440401208,0,0.4744010239999999,0.4744010239999999,0.4744010239999999,0.440401208,0.033999815999999905,0.9964967615469569,False
2832723542.jpg,4,0.0176684805,0.01021055917,0.01768119118,0.01515878556,0.939280978,4,0.939280978,0.939280978,0.939280978,0.01768119118,0.92159978682,0.31180614927938616,False
3456403702.jpg,3,0.010566919416,0.0085769868102,0.01068008628,0.959518324,0.01065766958,3,0.959518324,0.959518324,0.959518324,0.01068008628,0.94883823772,0.22542830261223917,False
1419991978.jpg,1,0.008098548,0.92508494,0.00664168924,0.0134191435999999,0.046755658,1,0.92508494,0.92508494,0.92508494,0.046755658,0.8783292819999999,0.3453983669579233,False
3402978861.jpg,3,0.01079654124,0.026766816,0.0319276712,0.90411318,0.02639575904,3,0.90411318,0.90411318,0.90411318,0.0319276712,0.8721855088,0.44284411752047736,False
3458185025.jpg,3,0.00760124163,0.007746610652,0.007620553756,0.97032604,0.0067055593752,3,0.97032604,0.97032604,0.97032604,0.007746610652,0.962579429348,0.17469633050643651,False
2064086293.jpg,3,0.008932764226,0.00931507652,0.0093383786,0.964496244,0.0079175056878,3,0.964496244,0.964496244,0.964496244,0.0093383786,0.9551578654,0.20252369976241488,False
1735461481.jpg,3,0.009937611674,0.01016904286,0.008196709444,0.961656436,0.010040171013,3,0.961656436,0.961656436,0.961656436,0.01016904286,0.95148739314,0.215658786333181,False
2718731433.jpg,3,0.011148510776,0.0079207738844,0.195705958,0.7707143700000001,0.01451042952,3,0.7707143700000001,0.7707143700000001,0.7707143700000001,0.195705958,0.5750084120000001,0.6698196235362007,False
1360403534.jpg,3,0.0078701439839999,0.009214060482,0.0128253349,0.963431762,0.006658682854,3,0.963431762,0.963431762,0.963431762,0.0128253349,0.9506064271,0.20644980393759876,False
3809113008.jpg,3,0.01139105838,0.012459731298,0.0104301892,0.958699204,0.00701981538076,3,0.958699204,0.958699204,0.958699204,0.012459731298,0.9462394727019999,0.2284540333691163,False
2982657452.jpg,4,0.039969357,0.155775626,0.0438351558,0.375110664,0.385309182,4,0.385309182,0.385309182,0.385309182,0.375110664,0.01019851799999999,1.2906949271726054,False
1241495841.jpg,3,0.0159355766,0.00601665371,0.0057165606,0.96343568,0.0088955203999999,3,0.96343568,0.96343568,0.96343568,0.0159355766,0.9475001034,0.20414163023054127,False
3498150363.jpg,2,0.0140580376,0.0197296918,0.538314396,0.281120718,0.1467771308,2,0.538314396,0.538314396,0.538314396,0.281120718,0.257193678,1.1091635705627652,False
3200925121.jpg,3,0.00911161484,0.0283040153999999,0.02646913,0.92910758,0.007007661678,3,0.92910758,0.92910758,0.92910758,0.0283040153999999,0.9008035646000001,0.342916214567864,False
3552954566.jpg,3,0.00866022529,0.019795686949,0.0080982956149999,0.944085128,0.01936068784,3,0.944085128,0.944085128,0.944085128,0.019795686949,0.924289441051,0.288464295672853,False
2306755781.jpg,3,0.009887843898,0.008826157646,0.00920178222,0.957329502,0.0147547173999999,3,0.957329502,0.957329502,0.957329502,0.0147547173999999,0.9425747846000001,0.23449162550689134,False
117031981.jpg,3,0.0091336886319999,0.0093499883079999,0.0149158166,0.95508212,0.01151838808,3,0.95508212,0.95508212,0.95508212,0.0149158166,0.9401663034000001,0.24461204277298157,False
369175053.jpg,1,0.009950957332,0.953022528,0.012264433753,0.01510523432,0.009656862228,1,0.953022528,0.953022528,0.953022528,0.01510523432,0.93791729368,0.25384811881482394,False
2730840788.jpg,3,0.01288901588,0.01121909704,0.014506580712,0.95383428,0.00755102890792,3,0.95383428,0.95383428,0.95383428,0.014506580712,0.9393276992880001,0.2498470318453293,False
3027251380.jpg,3,0.0097794806,0.0094280766,0.0239343076,0.76780567,0.189052498,3,0.76780567,0.76780567,0.76780567,0.189052498,0.578753172,0.6963398782229853,False
354906125.jpg,3,0.0614911744,0.212521232,0.31261582,0.3392062999999999,0.0741654784,3,0.3392062999999999,0.3392062999999999,0.3392062999999999,0.31261582,0.026590479999999916,1.4237984260435141,False
1794793176.jpg,3,0.0087527659704,0.009867350498,0.352392944,0.611923422,0.01706351054,3,0.611923422,0.611923422,0.611923422,0.352392944,0.25953047800000006,0.8246027827912832,False
4040452479.jpg,4,0.0187416833,0.01752654636,0.01076599942,0.027484834,0.925480958,4,0.925480958,0.925480958,0.925480958,0.027484834,0.897996124,0.36465310171885934,False
2886723600.jpg,4,0.470499016,0.070642085,0.03690533384,0.138687846,0.28326572,0,0.470499016,0.28326572,0.28326572,0.470499016,-0.187233296,1.2949989738669103,True
392227472.jpg,3,0.0075172555,0.0204366106,0.02256172836,0.9350769,0.01440749648,3,0.9350769,0.9350769,0.9350769,0.02256172836,0.91251517164,0.325669819180611,False
1578495019.jpg,1,0.007146221678,0.96189937,0.010968385228,0.01213738034,0.007848689924,1,0.96189937,0.96189937,0.96189937,0.01213738034,0.94976198966,0.21376300080925528,False
1783305105.jpg,3,0.0073402912356,0.0067226447462,0.031335966,0.93816764,0.0164334816,3,0.93816764,0.93816764,0.93816764,0.031335966,0.906831674,0.3056135200908314,False
1234375577.jpg,1,0.0222310756,0.81999793,0.0686816972,0.0760887007999999,0.01300058676,1,0.81999793,0.81999793,0.81999793,0.0760887007999999,0.7439092292000001,0.6837490155340907,False
15196864.jpg,3,0.01363847198,0.046870163,0.2313185224,0.70047478,0.007698082276,3,0.70047478,0.70047478,0.70047478,0.2313185224,0.46915625759999996,0.8274883095493769,False
3378948686.jpg,2,0.0141842302,0.0281344256,0.46846164,0.081887592,0.407332126,2,0.46846164,0.46846164,0.46846164,0.407332126,0.061129513999999996,1.0868109159975576,False
1770789243.jpg,3,0.00814174876,0.0150064552,0.0207518718,0.934946988,0.021152915,3,0.934946988,0.934946988,0.934946988,0.021152915,0.9137940729999999,0.3270549129589436,False
4036105950.jpg,3,0.0068708987542,0.00794072596,0.007822442036,0.97004872,0.007317241439,3,0.97004872,0.97004872,0.97004872,0.00794072596,0.96210799404,0.17604527499484496,False
70700352.jpg,3,0.0186229744,0.0081286650039999,0.0128812638,0.95259672,0.0077703459666,3,0.95259672,0.95259672,0.95259672,0.0186229744,0.9339737455999999,0.25336462178298536,False
983014273.jpg,4,0.464255756,0.156953956,0.017281462598,0.0231500056,0.338358826,0,0.464255756,0.338358826,0.338358826,0.464255756,-0.12589693000000002,1.170849964340164,True
4148349078.jpg,3,0.008615299632,0.00844319476,0.01120543612,0.95398886,0.0177472136,3,0.95398886,0.95398886,0.95398886,0.0177472136,0.9362416464000001,0.24808211586263057,False
3250352507.jpg,3,0.009507923166,0.0082439915624,0.00891551152,0.96491862,0.00841395636968,3,0.96491862,0.96491862,0.96491862,0.009507923166,0.9554106968339999,0.20056259309409175,False
3344007463.jpg,1,0.0801096694,0.8789809799999999,0.013028248438,0.01471632104,0.0131647655,1,0.8789809799999999,0.8789809799999999,0.8789809799999999,0.0801096694,0.7988713105999999,0.49124935338220144,False
2816524205.jpg,4,0.0140933738,0.0106614968,0.0403587772,0.0097221004,0.92516426,4,0.92516426,0.92516426,0.92516426,0.0403587772,0.8848054827999999,0.3550401668097276,False
3578870027.jpg,3,0.01039640466,0.1928869508,0.0623177771999999,0.70031431,0.0340845614,3,0.70031431,0.70031431,0.70031431,0.1928869508,0.5074273592,0.9025000587851723,False
3913747475.jpg,1,0.0429419907999999,0.3816735099999999,0.050404888,0.4765526819999999,0.048426919,3,0.4765526819999999,0.3816735099999999,0.3816735099999999,0.4765526819999999,-0.09487917200000001,1.153226385209405,True
1894282232.jpg,3,0.009100826674,0.009789119002,0.008510265942,0.96262392,0.009975870616,3,0.96262392,0.96262392,0.96262392,0.009975870616,0.9526480493839999,0.21125497282130967,False
1104298311.jpg,3,0.010589015918,0.009667378916,0.0163048894,0.954132336,0.0093063795,3,0.954132336,0.954132336,0.954132336,0.0163048894,0.9378274466000001,0.24844652819408955,False
2846218827.jpg,3,0.009381448172,0.00725774308,0.0254459902,0.94705747,0.010857359956,3,0.94705747,0.94705747,0.94705747,0.0254459902,0.9216114797999999,0.27359134195396395,False
1691885163.jpg,2,0.0117704443,0.011790608,0.92988707,0.0233884356,0.0231634179999999,2,0.92988707,0.92988707,0.92988707,0.0233884356,0.9064986344,0.34728739047104373,False
1149189284.jpg,3,0.006694252638,0.0542074592,0.0215288809,0.906274264,0.0112951177999999,3,0.906274264,0.906274264,0.906274264,0.0542074592,0.8520668048,0.4139915235576455,False
3240850732.jpg,3,0.0084746424,0.008758759014,0.038952302,0.93393604,0.00987822046,3,0.93393604,0.93393604,0.93393604,0.038952302,0.894983738,0.3177865900953215,False
4152070738.jpg,1,0.01457496708,0.405171542,0.309833032,0.24972012,0.02070036752,1,0.405171542,0.405171542,0.405171542,0.309833032,0.09533850999999999,1.217450854516979,False
3357188995.jpg,2,0.02077468626,0.0131632581114,0.319648106,0.6123329279999999,0.0340810151,3,0.6123329279999999,0.319648106,0.319648106,0.6123329279999999,-0.29268482199999996,0.9175492429164475,True
2644582117.jpg,3,0.010088810818,0.01215435898,0.01042488274,0.95543316,0.01189878875,3,0.95543316,0.95543316,0.95543316,0.01215435898,0.9432788010200001,0.24383357673154255,False
1685687504.jpg,3,0.011306467412,0.0078545493108,0.0562178776,0.913680158,0.01094095604,3,0.913680158,0.913680158,0.913680158,0.0562178776,0.8574622804,0.38245581990320937,False
4103433070.jpg,4,0.0397381022,0.38472836,0.137453903,0.145361104,0.292718528,1,0.38472836,0.292718528,0.292718528,0.38472836,-0.09200983200000001,1.4083965013342374,True
1134422280.jpg,0,0.8076574400000001,0.060688636,0.00617257636,0.0081268012,0.1173545076,0,0.8076574400000001,0.8076574400000001,0.8076574400000001,0.1173545076,0.6903029324000001,0.6645324472130238,False
2710440557.jpg,3,0.0082149868428,0.012238834422,0.01736512062,0.95223915,0.0099419153349,3,0.95223915,0.95223915,0.95223915,0.01736512062,0.9348740293800001,0.25616572266560494,False
3961136833.jpg,0,0.45356092,0.0648053082,0.01948021402,0.0119711498,0.450182438,0,0.45356092,0.45356092,0.45356092,0.450182438,0.0033784819999999605,1.0249151525596336,False
3606039415.jpg,3,0.00659840901,0.0134522039,0.0141311098,0.941593616,0.0242246582,3,0.941593616,0.941593616,0.941593616,0.0242246582,0.9173689578,0.298071732654816,False
3011889571.jpg,3,0.008792061762,0.00915826944,0.022049175,0.931371424,0.0286290936,3,0.931371424,0.931371424,0.931371424,0.0286290936,0.9027423304,0.33665409383203204,False
2961796760.jpg,2,0.00765587398,0.0329177488,0.118896804,0.824644502,0.015885084,3,0.824644502,0.118896804,0.118896804,0.824644502,-0.7057476979999999,0.6276608046251552,True
1759297979.jpg,3,0.007220016838,0.00810794674,0.008170451462,0.969126722,0.007374881658,3,0.969126722,0.969126722,0.969126722,0.008170451462,0.960956270538,0.1805174457846529,False
1682299649.jpg,3,0.012182092,0.01002792688,0.0599300408,0.907727876,0.010132063314,3,0.907727876,0.907727876,0.907727876,0.0599300408,0.8477978352000001,0.40293082595997487,False
2760970275.jpg,3,0.0104043895,0.0097362368,0.008042946698,0.96423283,0.007583612224,3,0.96423283,0.96423283,0.96423283,0.0104043895,0.9538284405,0.2035307925971406,False
938751255.jpg,2,0.01306740294,0.01150225638,0.393595612,0.57128768,0.01054703913,3,0.57128768,0.393595612,0.393595612,0.57128768,-0.17769206799999998,0.8428941379351766,True
738553844.jpg,3,0.01423254716,0.02152164648,0.685964822,0.262243358,0.01603760772,2,0.685964822,0.262243358,0.262243358,0.685964822,-0.423721464,0.8189836597298982,True
163705693.jpg,2,0.0100633248558,0.009480939914,0.94074916,0.02619103132,0.01351551179,2,0.94074916,0.94074916,0.94074916,0.02619103132,0.91455812868,0.30147250478291704,False
2016298412.jpg,3,0.013735570648,0.01766866042,0.231130504,0.72129238,0.01617289078,3,0.72129238,0.72129238,0.72129238,0.231130504,0.49016187599999994,0.7711163613052185,False
1909629301.jpg,1,0.01065259004,0.0427039328,0.85015586,0.07783405,0.018653579,2,0.85015586,0.0427039328,0.0427039328,0.85015586,-0.8074519272,0.5940567545040487,True
2806638310.jpg,0,0.69088228,0.1404222829999999,0.01060415848,0.009719286422,0.148371978,0,0.69088228,0.69088228,0.69088228,0.148371978,0.5425103019999999,0.9074878214455802,False
4074847622.jpg,3,0.008858759568,0.010237146844,0.0103980471,0.960995386,0.0095106687116,3,0.960995386,0.960995386,0.960995386,0.0103980471,0.9505973389,0.21876161560791418,False
1335214678.jpg,3,0.009669260377,0.008232375868,0.01661954872,0.95847312,0.0070056986199999,3,0.95847312,0.95847312,0.95847312,0.01661954872,0.9418535712799999,0.22786772380977768,False
389430257.jpg,3,0.007135598,0.0436975568,0.0333791188,0.58106773,0.3347199959999999,3,0.58106773,0.58106773,0.58106773,0.3347199959999999,0.2463477340000001,0.9673382014031581,False
2809017753.jpg,2,0.00776124622,0.009746353172,0.950172204,0.01291252972,0.0194076429,2,0.950172204,0.950172204,0.950172204,0.0194076429,0.9307645611,0.2640785756914076,False
1258508279.jpg,3,0.00811496253,0.01085974404,0.0095571567,0.9612993,0.010168779922,3,0.9612993,0.9612993,0.9612993,0.01085974404,0.95043955596,0.21722704828039155,False
235457255.jpg,1,0.141978516,0.214970026,0.0343203722,0.0134140349,0.59531706,4,0.59531706,0.214970026,0.214970026,0.59531706,-0.3803470339999999,1.0899481283025336,True
744419664.jpg,3,0.009870551264,0.0074565621624,0.596695544,0.377006878,0.008970440722,2,0.596695544,0.377006878,0.377006878,0.596695544,-0.21968866600000003,0.8002662407663024,True
794665522.jpg,3,0.01028393088,0.0123481808,0.01827408362,0.946428968,0.01266486428,3,0.946428968,0.946428968,0.946428968,0.01827408362,0.9281548843799999,0.2819117183718555,False
1455218947.jpg,2,0.0090243660999999,0.00880394728,0.926917176,0.0477574568,0.007497037274,2,0.926917176,0.926917176,0.926917176,0.0477574568,0.8791597192,0.3364399471434631,False
3168618201.jpg,3,0.00954022138,0.01026815648,0.0591551243999999,0.90678424,0.014252309512,3,0.90678424,0.90678424,0.90678424,0.0591551243999999,0.8476291156000001,0.4079785779396073,False
218932775.jpg,3,0.01015552672,0.0347744524,0.1525741584,0.63151852,0.1709773136,3,0.63151852,0.63151852,0.63151852,0.1709773136,0.46054120639999996,1.042517411957788,False
3732011479.jpg,3,0.0137485984,0.00937881609,0.01004905424,0.9414306,0.0253929526,3,0.9414306,0.9414306,0.9414306,0.0253929526,0.9160376474,0.29905392415004817,False
1893906773.jpg,0,0.7843372,0.1384507004,0.0147699000159999,0.0172215246,0.0452206459,0,0.7843372,0.7843372,0.7843372,0.1384507004,0.6458864996,0.7364952933955429,False
4192717491.jpg,3,0.0072278765799999,0.00780287918,0.11646504,0.725511876,0.142992328,3,0.725511876,0.725511876,0.725511876,0.142992328,0.582519548,0.8348360861103293,False
718957379.jpg,0,0.8732354019999999,0.043503996,0.01512333728,0.01005791788,0.05807936236,0,0.8732354019999999,0.8732354019999999,0.8732354019999999,0.05807936236,0.8151560396399999,0.5296886579161978,False
483986538.jpg,3,0.0074285517612,0.009492058542,0.008724296244,0.960948958,0.01340612142,3,0.960948958,0.960948958,0.960948958,0.01340612142,0.94754283658,0.2180789872329249,False
1378330885.jpg,2,0.013053725952,0.010573400282,0.939048844,0.02504035014,0.0122836688,2,0.939048844,0.939048844,0.939048844,0.02504035014,0.9140084938599999,0.3101656987194698,False
1009126931.jpg,4,0.066925112,0.042720206,0.01403217884,0.00867041648,0.86765205,4,0.86765205,0.86765205,0.86765205,0.066925112,0.800726938,0.5398864349096946,False
237807134.jpg,3,0.009776471182,0.0075494149361999,0.01086809526,0.843392544,0.12841349,3,0.843392544,0.843392544,0.843392544,0.12841349,0.714979054,0.5384942464054173,False
573039129.jpg,2,0.1240368636,0.01799222972,0.478771744,0.0419490296,0.337250158,2,0.478771744,0.478771744,0.478771744,0.337250158,0.14152158599999998,1.183407041417375,False
2924782662.jpg,3,0.008141158698,0.007785347,0.0605451722,0.91286089,0.01066743682,3,0.91286089,0.91286089,0.91286089,0.0605451722,0.8523157178,0.37842159105146206,False
2872930552.jpg,2,0.0120056933,0.00807416416,0.754641616,0.2097296879999999,0.01554883027,2,0.754641616,0.754641616,0.754641616,0.2097296879999999,0.5449119280000001,0.696770729098241,False
813110259.jpg,3,0.009358827866,0.008634519524,0.01359952804,0.956092324,0.01231479691,3,0.956092324,0.956092324,0.956092324,0.01359952804,0.94249279596,0.2402741507585008,False
1164692375.jpg,2,0.0076562684362,0.008194385776,0.953122956,0.0230327785999999,0.0079935685572,2,0.953122956,0.953122956,0.953122956,0.0230327785999999,0.9300901774000001,0.24788691256566775,False
2177936917.jpg,3,0.00953522408,0.007617777198,0.01218331038,0.96293166,0.00773206403,3,0.96293166,0.96293166,0.96293166,0.01218331038,0.95074834962,0.2091882170725224,False
49703968.jpg,4,0.0222764630999999,0.0296929322,0.0242537255999999,0.67019932,0.253577552,3,0.67019932,0.253577552,0.253577552,0.67019932,-0.41662176800000006,0.8955047847760389,True
567206056.jpg,3,0.01046298286,0.0112645392,0.044444674,0.887930576,0.0458972138,3,0.887930576,0.887930576,0.887930576,0.0458972138,0.8420333622,0.48358939537818374,False
3743858641.jpg,3,0.0134758917559999,0.0239244798,0.100893466,0.848770676,0.012935493308,3,0.848770676,0.848770676,0.848770676,0.100893466,0.74787721,0.5741740176644653,False
1926533316.jpg,3,0.00782449418,0.007448623304,0.01040083242,0.946808036,0.0275180008,3,0.946808036,0.946808036,0.946808036,0.0275180008,0.9192900352,0.27255907004194513,False
3690344678.jpg,3,0.00865141315,0.007611279944,0.0250108088,0.945551864,0.01317460536,3,0.945551864,0.945551864,0.945551864,0.0250108088,0.9205410552000001,0.2804514665434449,False
3952521277.jpg,2,0.011200583,0.0326688128,0.499144268,0.285027178,0.171959166,2,0.499144268,0.499144268,0.499144268,0.285027178,0.21411709,1.1694086178049343,False
195648573.jpg,3,0.0222793404,0.0171336936,0.420886198,0.207100024,0.332600736,2,0.420886198,0.207100024,0.207100024,0.420886198,-0.213786174,1.2108834497514191,True
3343910675.jpg,4,0.0170554655,0.022851654,0.025920247,0.01534257242,0.91883006,4,0.91883006,0.91883006,0.91883006,0.025920247,0.892909813,0.3923381602735866,False
2069119194.jpg,4,0.0762890173999999,0.109253136,0.00889311336,0.0798658256,0.725698916,4,0.725698916,0.725698916,0.725698916,0.109253136,0.61644578,0.9147295671201989,False
1431172246.jpg,4,0.01223636204,0.006502418012,0.006877459474,0.010246819924,0.96413692,4,0.96413692,0.96413692,0.96413692,0.01223636204,0.95190055796,0.2030213861809918,False
3575986967.jpg,3,0.009757608182,0.010609894292,0.029140722,0.940547724,0.0099440297104,3,0.940547724,0.940547724,0.940547724,0.029140722,0.911407002,0.29993625017686615,False
811928525.jpg,3,0.0085917195,0.009036709658,0.0155340852,0.95882746,0.00801002776,3,0.95882746,0.95882746,0.95882746,0.0155340852,0.9432933748,0.22707440875010607,False
1891182946.jpg,3,0.00775286059,0.006777898184,0.0114589568,0.95905276,0.0149575254,3,0.95905276,0.95905276,0.95905276,0.0149575254,0.9440952346,0.22569266577276037,False
1996117049.jpg,3,0.0092138737459999,0.0158129307464,0.01175252795,0.947304936,0.0159157362,3,0.947304936,0.947304936,0.947304936,0.0159157362,0.9313891998,0.2781653586300919,False
825527127.jpg,3,0.0086391181688,0.00911144720696,0.008307082646,0.95985122,0.0140911528,3,0.95985122,0.95985122,0.95985122,0.0140911528,0.9457600672,0.22304353133226212,False
1087450558.jpg,3,0.008698862614,0.00981513292,0.007965902146,0.96508928,0.0084308208552,3,0.96508928,0.96508928,0.96508928,0.00981513292,0.95527414708,0.19971025943888376,False
469559658.jpg,3,0.00696759762628,0.0074795918854,0.008767559266,0.96901964,0.0077656088243,3,0.96901964,0.96901964,0.96901964,0.008767559266,0.9602520807339999,0.1809718099352598,False
496924131.jpg,3,0.0116728245,0.0103492815,0.076638608,0.888057376,0.013281862174,3,0.888057376,0.888057376,0.888057376,0.076638608,0.811418768,0.45893766291243604,False
719222576.jpg,3,0.0079336235929999,0.0087852345696,0.0368424094,0.937316732,0.0091220103676,3,0.937316732,0.937316732,0.937316732,0.0368424094,0.9004743226,0.30511107207302424,False
3283266203.jpg,3,0.01524575816,0.1139540652,0.0268400712,0.82678524,0.01717485138,3,0.82678524,0.82678524,0.82678524,0.1139540652,0.7128311748,0.6354541591647194,False
885374983.jpg,3,0.0086340073,0.010944869,0.0200098982,0.95078715,0.00962405744,3,0.95078715,0.95078715,0.95078715,0.0200098982,0.9307772518,0.2613840427337003,False
137383741.jpg,3,0.01148394196,0.00878123758,0.0198354126,0.948808724,0.01109066292,3,0.948808724,0.948808724,0.948808724,0.0198354126,0.9289733114000001,0.27042176133975937,False
2018156221.jpg,1,0.0086089767652,0.963448856,0.0075868329859999,0.0125068476,0.007848454154,1,0.963448856,0.963448856,0.963448856,0.0125068476,0.9509420084,0.20668742198013876,False
1064129080.jpg,3,0.054050004,0.0145610340079999,0.0147203476,0.8999242599999999,0.01674431308,3,0.8999242599999999,0.8999242599999999,0.8999242599999999,0.054050004,0.8458742559999999,0.4447636263321779,False
3112835749.jpg,3,0.0075270420479999,0.008137609952,0.00929949292,0.96271784,0.01231802888,3,0.96271784,0.96271784,0.96271784,0.01231802888,0.95039981112,0.21019183589690563,False
2649504439.jpg,3,0.0116296487838,0.01101335089,0.0177419912,0.94941607,0.01019894260912,3,0.94941607,0.94941607,0.94941607,0.0177419912,0.9316740788,0.2690379846379173,False
3494142100.jpg,4,0.02783403116,0.0250921964,0.0143760103,0.5938113979999999,0.338886378,3,0.5938113979999999,0.338886378,0.338886378,0.5938113979999999,-0.25492501999999995,0.9293393683914828,True
1191199977.jpg,3,0.009197791664,0.010967507092,0.0239621494,0.94443358,0.01143899762,3,0.94443358,0.94443358,0.94443358,0.0239621494,0.9204714306,0.28716420558105815,False
843529789.jpg,3,0.00958816433,0.00844253259,0.00959792984,0.964279296,0.008092066196,3,0.964279296,0.964279296,0.964279296,0.00959792984,0.95468136616,0.20351441025639966,False
3161462315.jpg,1,0.010631445134,0.94978029,0.01256020676,0.01686895938,0.010159127916,1,0.94978029,0.94978029,0.94978029,0.01686895938,0.93291133062,0.26771243569612313,False
2240906425.jpg,3,0.01048453745,0.008945611368,0.01118482388,0.960338592,0.0090464585056,3,0.960338592,0.960338592,0.960338592,0.01118482388,0.9491537681200001,0.22166673835632178,False
907691648.jpg,3,0.011072243838,0.0100182652,0.01266666587,0.95415307,0.0120897858084,3,0.95415307,0.95415307,0.95415307,0.01266666587,0.9414864041300001,0.24947790993770724,False
1629563382.jpg,2,0.01069117284,0.006614228182,0.956453928,0.02001802874,0.0062226330548,2,0.956453928,0.956453928,0.956453928,0.02001802874,0.9364358992599999,0.2341989355210868,False
1622568975.jpg,1,0.007459086312,0.89758234,0.01151813622,0.01307161326,0.0703688268,1,0.89758234,0.89758234,0.89758234,0.0703688268,0.8272135132,0.4283910686292086,False
2552436757.jpg,3,0.007092794394,0.009152676808,0.006869878778,0.9684321,0.00845253277,3,0.9684321,0.9684321,0.9684321,0.009152676808,0.959279423192,0.18368680927996714,False
1034548842.jpg,2,0.0225409044,0.0706773256,0.8058498999999999,0.0275292134,0.0734026508,2,0.8058498999999999,0.8058498999999999,0.8058498999999999,0.0734026508,0.7324472491999999,0.7373140261713026,False
1834239430.jpg,3,0.00979939664,0.0689217808,0.215449796,0.6849787,0.020850341,3,0.6849787,0.6849787,0.6849787,0.215449796,0.469528904,0.900271158033135,False
690221576.jpg,4,0.0709026944,0.0598484064,0.02802169,0.0311876834,0.8100395300000001,4,0.8100395300000001,0.8100395300000001,0.8100395300000001,0.0709026944,0.7391368356000001,0.7351444011915425,False
1574270134.jpg,3,0.01179343912,0.0116252866,0.01687581722,0.94148046,0.0182249984,3,0.94148046,0.94148046,0.94148046,0.0182249984,0.9232554615999999,0.30279927366303777,False
4200249723.jpg,3,0.00825533782,0.01238063408,0.0103815472,0.959564916,0.009417566152,3,0.959564916,0.959564916,0.959564916,0.01238063408,0.94718428192,0.22493207701472234,False
2215510200.jpg,3,0.0085565123999999,0.00989382526,0.0295174962,0.943989848,0.0080423146182,3,0.943989848,0.943989848,0.943989848,0.0295174962,0.9144723518,0.28358970268426925,False
3337851974.jpg,1,0.008554083216,0.94856864,0.010778842156,0.02045358966,0.011644849292,1,0.94856864,0.94856864,0.94856864,0.02045358966,0.92811505034,0.27105390169931143,False
1542373427.jpg,3,0.00846689824,0.00801784178,0.1100536976,0.85364574,0.0198158251999999,3,0.85364574,0.85364574,0.85364574,0.1100536976,0.7435920424,0.5347437575952265,False
3954487465.jpg,3,0.011296517668,0.0128368008,0.02162386708,0.94103574,0.0132070699,3,0.94103574,0.94103574,0.94103574,0.02162386708,0.91941187292,0.3037978163639627,False
1301053588.jpg,3,0.009740877624,0.013470309276,0.01366379924,0.95159626,0.0115287641685,3,0.95159626,0.95159626,0.95159626,0.01366379924,0.9379324607599999,0.26045786628992207,False
1802754219.jpg,3,0.00935583638,0.0148945817999999,0.1121243444,0.8519433700000001,0.01168184998,3,0.8519433700000001,0.8519433700000001,0.8519433700000001,0.1121243444,0.7398190256000001,0.5402028819076355,False
2986428474.jpg,3,0.0086337501399999,0.0247655021999999,0.00849787038,0.92123576,0.036867125,3,0.92123576,0.92123576,0.92123576,0.036867125,0.884368635,0.37039100158270094,False
1652379583.jpg,4,0.1199315052,0.115846052,0.00945235468,0.01215984094,0.742610276,4,0.742610276,0.742610276,0.742610276,0.1199315052,0.6226787708,0.8227314059178984,False
3548684702.jpg,3,0.012994363,0.0139041305,0.0120688429,0.95363158,0.00740111235388,3,0.95363158,0.95363158,0.95363158,0.0139041305,0.9397274495000001,0.2507825065769868,False
1854709315.jpg,1,0.0159343903999999,0.508741056,0.033875226,0.03924747,0.40220183,1,0.508741056,0.508741056,0.508741056,0.40220183,0.10653922599999999,1.0178463663617436,False
2616119185.jpg,3,0.010805827488,0.0170018794,0.1237875656,0.7972444999999999,0.0511602672,3,0.7972444999999999,0.7972444999999999,0.7972444999999999,0.1237875656,0.6734569343999999,0.7095533055927913,False
2499785298.jpg,3,0.0094325098,0.0223853648,0.1739031928,0.732423,0.061855912,3,0.732423,0.732423,0.732423,0.1739031928,0.5585198072,0.8334565987234477,False
2229847111.jpg,1,0.002016005234,0.835737544,0.00975113888,0.02358364942,0.128911663,1,0.835737544,0.835737544,0.835737544,0.128911663,0.706825881,0.5600940184777485,False
1761652043.jpg,4,0.0738091596,0.04486276502,0.012506488802,0.00711557951,0.861706,4,0.861706,0.861706,0.861706,0.0738091596,0.7878968404,0.5498718508127161,False
4276075687.jpg,1,0.0166755356,0.93148278,0.0167634497,0.0250033468,0.01007490622,1,0.93148278,0.93148278,0.93148278,0.0250033468,0.9064794331999999,0.34147163905773315,False
127742871.jpg,4,0.0502679968,0.00725201478,0.01270632177,0.01078237574,0.91899132,4,0.91899132,0.91899132,0.91899132,0.0502679968,0.8687233231999999,0.3679966121882298,False
2764996971.jpg,2,0.009757619716,0.02104511656,0.9000994199999999,0.01889707098,0.0502007508,2,0.9000994199999999,0.9000994199999999,0.9000994199999999,0.0502007508,0.8498986691999999,0.4463520274505167,False
1247856048.jpg,3,0.009543583572,0.009073600914,0.1664495479999999,0.782196272,0.0327370306,3,0.782196272,0.782196272,0.782196272,0.1664495479999999,0.6157467240000001,0.689599998136107,False
2575222166.jpg,1,0.060445078,0.78602529,0.0109971436,0.0266172789999999,0.11591517,1,0.78602529,0.78602529,0.78602529,0.11591517,0.67011012,0.7547615964984206,False
4107485206.jpg,1,0.247299106,0.2770528319999999,0.00778180734,0.0187865732,0.449079696,4,0.449079696,0.2770528319999999,0.2770528319999999,0.449079696,-0.17202686400000006,1.1730964642622885,True
2982179908.jpg,3,0.00922475993,0.008647082156,0.0173060373,0.953334142,0.0114879879238,3,0.953334142,0.953334142,0.953334142,0.0173060373,0.9360281047,0.251379847295007,False
4018307313.jpg,3,0.010270330914,0.009913296216,0.00966976322,0.96090568,0.0092409156263,3,0.96090568,0.96090568,0.96090568,0.010270330914,0.950635349086,0.2192225249556123,False
27094452.jpg,0,0.814586684,0.100689222,0.04080770484,0.0190705216,0.02484589396,0,0.814586684,0.814586684,0.814586684,0.100689222,0.713897462,0.6960629341404831,False
4035576240.jpg,3,0.0064090334222,0.011459598824,0.01012082126,0.96407436,0.0079361995684,3,0.96407436,0.96407436,0.96407436,0.011459598824,0.952614761176,0.20371904321873838,False
948186989.jpg,1,0.0075293427794,0.946091264,0.01527688664,0.01886787044,0.0122346779,1,0.946091264,0.946091264,0.946091264,0.01886787044,0.9272233935599999,0.2819045530905969,False
1570036364.jpg,4,0.0419383308,0.0283757112,0.10637579,0.288720254,0.5345899,4,0.5345899,0.5345899,0.5345899,0.288720254,0.24586964599999994,1.1659208633547642,False
1588291384.jpg,3,0.0060588508482,0.00824493644,0.01111835932,0.965704468,0.00887339767,3,0.965704468,0.965704468,0.965704468,0.01111835932,0.9545861086799999,0.19614637812691124,False
1812865076.jpg,3,0.012458511686,0.01376642546,0.01081542298,0.949572636,0.013387029732,3,0.949572636,0.949572636,0.949572636,0.01376642546,0.93580621054,0.26946885393726877,False
559509734.jpg,3,0.01030185834,0.0210957578,0.237224196,0.67232212,0.0590560482,3,0.67232212,0.67232212,0.67232212,0.237224196,0.435097924,0.9038527031249564,False
2621308755.jpg,3,0.00618235040236,0.0071347586648,0.0839000316,0.8949942399999999,0.0077885972,3,0.8949942399999999,0.8949942399999999,0.8949942399999999,0.0839000316,0.8110942083999999,0.41172767402242655,False
887272418.jpg,3,0.01937677,0.00949400258,0.0146935857,0.94953732,0.00689832737432,3,0.94953732,0.94953732,0.94953732,0.01937677,0.93016055,0.2661390758910388,False
1599665158.jpg,4,0.012841870404,0.01000436306,0.0329978064,0.0136267193,0.930529224,4,0.930529224,0.930529224,0.930529224,0.0329978064,0.8975314176,0.3400966147145951,False
1754736431.jpg,3,0.0086322073824,0.009163063756,0.00968559552,0.96247978,0.010039369648,3,0.96247978,0.96247978,0.96247978,0.010039369648,0.952440410352,0.21193496003986184,False
816704728.jpg,3,0.0203419607,0.009675639548,0.02274239318,0.93392578,0.0133142196094,3,0.93392578,0.93392578,0.93392578,0.02274239318,0.91118338682,0.33150143416975486,False
2887678125.jpg,3,0.0081931783952,0.0087080433361999,0.00883893622,0.9669585,0.00730132939098,3,0.9669585,0.9669585,0.9669585,0.00883893622,0.9581195637800001,0.1908759704398882,False
851527428.jpg,3,0.0082415768564,0.007358043903,0.007482515936,0.9632479,0.013669977658,3,0.9632479,0.9632479,0.9632479,0.013669977658,0.949577922342,0.20706588477976262,False
1847901285.jpg,4,0.028687172,0.1025847729999999,0.0392565983999999,0.0776618719999999,0.7518095739999999,4,0.7518095739999999,0.7518095739999999,0.7518095739999999,0.1025847729999999,0.649224801,0.8754945628082558,False
1848550626.jpg,3,0.0077027065942,0.0078481756396,0.012935791244,0.961615928,0.009897386296,3,0.961615928,0.961615928,0.961615928,0.012935791244,0.9486801367559999,0.2150873198632805,False
693123459.jpg,4,0.0068975671,0.0356437062,0.279134,0.01385237698,0.6644723260000001,4,0.6644723260000001,0.6644723260000001,0.6644723260000001,0.279134,0.38533832600000006,0.8402511521395402,False
1480887420.jpg,3,0.0073532038774,0.009694685364,0.00890818082,0.959190838,0.0148531008,3,0.959190838,0.959190838,0.959190838,0.0148531008,0.9443377372,0.22561310471352447,False
2475211704.jpg,2,0.0071283585,0.00907783362,0.42949895,0.00885540906,0.545439456,4,0.545439456,0.42949895,0.42949895,0.545439456,-0.115940506,0.8133911160830666,True
2590675849.jpg,3,0.0114192074,0.0503665144,0.0339401948,0.8820587360000001,0.022215328,3,0.8820587360000001,0.8820587360000001,0.8820587360000001,0.0503665144,0.8316922216000001,0.5116821671906993,False
3774922516.jpg,3,0.01281032336,0.00932036218,0.37133592,0.59707736,0.0094560155156,3,0.59707736,0.59707736,0.59707736,0.37133592,0.22574144000000002,0.8192555412868368,False
825877957.jpg,1,0.02084104676,0.942897152,0.007531661824,0.00825376256,0.02047639402,1,0.942897152,0.942897152,0.942897152,0.02084104676,0.92205610524,0.29214838729621717,False
1169336431.jpg,4,0.1113859879999999,0.225367794,0.0480535828,0.011150721562,0.60404196,4,0.60404196,0.60404196,0.60404196,0.225367794,0.378674166,1.0807723982585675,False
3643332812.jpg,3,0.009632713676,0.009267940176,0.0229604383999999,0.92779078,0.0303481127999999,3,0.92779078,0.92779078,0.92779078,0.0303481127999999,0.8974426672000001,0.3503623689957074,False
3595436298.jpg,3,0.01727915138,0.110206228,0.0214039294,0.7822425040000001,0.0688681644,3,0.7822425040000001,0.7822425040000001,0.7822425040000001,0.110206228,0.672036276,0.7718250949369644,False
1911215310.jpg,3,0.007551979029,0.010032741798,0.01031745076,0.959276476,0.0128213578,3,0.959276476,0.959276476,0.959276476,0.0128213578,0.9464551182,0.22600033461096125,False
2196411231.jpg,4,0.5335762479999999,0.1298843684,0.0339585974,0.2037025479999999,0.0988782142,0,0.5335762479999999,0.0988782142,0.0988782142,0.5335762479999999,-0.43469803379999994,1.2680458195082653,True
248967809.jpg,3,0.008632808133,0.007000057989,0.62650421,0.347762128,0.01010078602,2,0.62650421,0.347762128,0.347762128,0.62650421,-0.278742082,0.7824447092625411,True
1345715941.jpg,3,0.01248563956,0.0266696386,0.0443738916,0.89815424,0.0183165798,3,0.89815424,0.89815424,0.89815424,0.0443738916,0.8537803483999999,0.4593521738267159,False
860103938.jpg,2,0.0382988323999999,0.0137389886,0.92015623,0.01742355628,0.010382397356,2,0.92015623,0.92015623,0.92015623,0.0382988323999999,0.8818573976000001,0.3784049845600346,False
2761443259.jpg,3,0.008795399236,0.008566003252,0.01147536766,0.96262278,0.008540430822,3,0.96262278,0.96262278,0.96262278,0.01147536766,0.95114741234,0.2110212588886473,False
1789291094.jpg,3,0.00737813854,0.00948053204,0.01431971164,0.95755682,0.011264802996,3,0.95755682,0.95755682,0.95755682,0.01431971164,0.94323710836,0.2332535632465307,False
53164927.jpg,2,0.0107332759288,0.021013609508,0.78436894,0.1752666176,0.0086175591776,2,0.78436894,0.78436894,0.78436894,0.1752666176,0.6091023224000001,0.6665250970961927,False
3073019381.jpg,0,0.802975896,0.127834272,0.0135993288559999,0.0217340694,0.0338564138,0,0.802975896,0.802975896,0.802975896,0.127834272,0.675141624,0.6954437105688447,False
1737787955.jpg,2,0.0452422284,0.0212979372,0.275192328,0.0131668407,0.6451006699999999,4,0.6451006699999999,0.275192328,0.275192328,0.6451006699999999,-0.36990834199999995,0.9169051598372491,True
1430257906.jpg,1,0.023586883,0.455983174,0.0554122188,0.0119285861999999,0.45308908,1,0.455983174,0.455983174,0.455983174,0.45308908,0.0028940940000000137,1.018294926415977,False
1381453836.jpg,1,0.100930298,0.185487452,0.01082441988,0.006689817148,0.69606799,4,0.69606799,0.185487452,0.185487452,0.69606799,-0.5105805379999999,0.8786481093919252,True
3944841972.jpg,0,0.876214984,0.053328791,0.018710498,0.0169337838,0.0348119364,0,0.876214984,0.876214984,0.876214984,0.053328791,0.822886193,0.5325056914576161,False
1766960814.jpg,3,0.01177035528462,0.016695934782,0.0361486115,0.91609466,0.01929041346,3,0.91609466,0.91609466,0.91609466,0.0361486115,0.8799460484999999,0.39707703347215634,False
3015759657.jpg,3,0.008678632323,0.01044233268,0.0401525788,0.922528912,0.018197553,3,0.922528912,0.922528912,0.922528912,0.0401525788,0.8823763332,0.3652240417642301,False
2059527883.jpg,3,0.008016404794,0.011436664,0.0151898098,0.945335146,0.0200219568,3,0.945335146,0.945335146,0.945335146,0.0200219568,0.9253131892,0.2848706692415523,False
1260599331.jpg,2,0.018036596,0.0227270409999999,0.251689354,0.01533149056,0.692215516,4,0.692215516,0.251689354,0.251689354,0.692215516,-0.440526162,0.8243370188463666,True
4186416539.jpg,2,0.01482642893,0.01842301786,0.930356748,0.01826124846,0.018132538876,2,0.930356748,0.930356748,0.930356748,0.01842301786,0.91193373014,0.34899502815271527,False
3347580987.jpg,3,0.0072647669,0.007693582188,0.020668387,0.94218786,0.0221854,3,0.94218786,0.94218786,0.94218786,0.0221854,0.92000246,0.29399718184714274,False
360692391.jpg,3,0.01218088178,0.0232617862,0.202218442,0.4311774559999999,0.331161436,3,0.4311774559999999,0.4311774559999999,0.4311774559999999,0.331161436,0.10001601999999993,1.193110175201885,False
1907370084.jpg,3,0.0330655515,0.0515234507999999,0.0108038202,0.682638096,0.221969132,3,0.682638096,0.682638096,0.682638096,0.221969132,0.460668964,0.9091877389993677,False
1519657958.jpg,2,0.00987195874,0.011011245,0.9417997,0.028274144,0.009043000892,2,0.9417997,0.9417997,0.9417997,0.028274144,0.913525556,0.29508439120236296,False
1822682006.jpg,3,0.01474541968298,0.0117170990362,0.025311257358,0.880900056,0.0673261574199999,3,0.880900056,0.880900056,0.880900056,0.0673261574199999,0.8135738985800001,0.500706087041888,False
2848438957.jpg,3,0.0099358404699999,0.0079940233362,0.0134696179,0.955435314,0.0131651943,3,0.955435314,0.955435314,0.955435314,0.0134696179,0.9419656961,0.24300598909337517,False
4178245302.jpg,3,0.0097120376044,0.008238646492,0.009131677126,0.961833986,0.0110836461199999,3,0.961833986,0.961833986,0.961833986,0.0110836461199999,0.9507503398800001,0.2147583445561813,False
3660919522.jpg,3,0.0063940931244,0.008073523272,0.008059917594,0.969467124,0.008005323204,3,0.969467124,0.969467124,0.969467124,0.008073523272,0.9613936007280001,0.1787775220160051,False
1045989131.jpg,3,0.007371277496,0.024661514,0.3909812559999999,0.566301292,0.010684647776,3,0.566301292,0.566301292,0.566301292,0.3909812559999999,0.17532003600000012,0.8651849247815911,False
2439590243.jpg,3,0.011068738764,0.0123095736,0.0250041885999999,0.94264184,0.00897565665992,3,0.94264184,0.94264184,0.94264184,0.0250041885999999,0.9176376514000001,0.29419781781570103,False
1813889006.jpg,0,0.6623338160000001,0.0934605016,0.0321472656,0.078221382,0.1338369922,0,0.6623338160000001,0.6623338160000001,0.6623338160000001,0.1338369922,0.5284968238000001,1.0733861446724897,False
1149596528.jpg,4,0.123421982,0.0258142457999999,0.0193807352,0.0249012922,0.806481778,4,0.806481778,0.806481778,0.806481778,0.123421982,0.683059796,0.6944521677940771,False
3798348479.jpg,0,0.611452388,0.0164651328,0.101504497,0.263636176,0.0069417842,0,0.611452388,0.611452388,0.611452388,0.263636176,0.347816212,0.9865836632471348,False
296985472.jpg,3,0.007426731044,0.012857147,0.193139048,0.77510185,0.011475227,3,0.77510185,0.77510185,0.77510185,0.193139048,0.581962802,0.6587080914083298,False
2847223266.jpg,3,0.04858991142,0.02704150454,0.0248087494,0.88575101,0.0138088354528,3,0.88575101,0.88575101,0.88575101,0.04858991142,0.83716109858,0.5028839337898564,False
1228648727.jpg,1,0.0258170396,0.92747274,0.007215316264,0.00965827324,0.0298366206,1,0.92747274,0.92747274,0.92747274,0.0298366206,0.8976361194,0.3494201327426789,False
231478617.jpg,3,0.008848286078,0.01065295544,0.0492148614,0.91984082,0.01144307878,3,0.91984082,0.91984082,0.91984082,0.0492148614,0.8706259586,0.3664406628620005,False
3119633613.jpg,4,0.188421144,0.103451592,0.010224070548,0.01335675316,0.68454646,4,0.68454646,0.68454646,0.68454646,0.188421144,0.496125316,0.9131282256609088,False
3453883090.jpg,3,0.0076292278898,0.0131175958,0.0787240172,0.89181848,0.00871069076,3,0.89181848,0.89181848,0.89181848,0.0787240172,0.8130944628,0.43757191356341674,False
3171724304.jpg,3,0.008657533136,0.0086856389,0.00857400572,0.967525476,0.00655733711636,3,0.967525476,0.967525476,0.967525476,0.0086856389,0.9588398371000001,0.18805036099515113,False
542875481.jpg,3,0.01462869138,0.0185581472,0.012534228444,0.94459926,0.00967968323,3,0.94459926,0.94459926,0.94459926,0.0185581472,0.9260411128,0.28941108045455505,False
3142476527.jpg,3,0.008284906622,0.007607319716,0.0229081594,0.8470113239999999,0.1141882984,3,0.8470113239999999,0.8470113239999999,0.8470113239999999,0.1141882984,0.7328230255999999,0.5517495448220349,False
3328736018.jpg,1,0.1240137676,0.734005498,0.008807417524,0.00952014288,0.123653168,1,0.734005498,0.734005498,0.734005498,0.1240137676,0.6099917304,0.8303018971039715,False
1763396057.jpg,4,0.0140405906,0.011248037,0.109219748,0.0548811996,0.8106104199999999,4,0.8106104199999999,0.8106104199999999,0.8106104199999999,0.109219748,0.7013906719999999,0.6817254680191261,False
1042550484.jpg,3,0.007543130438,0.00712869006,0.013222051,0.964375,0.0077311069888,3,0.964375,0.964375,0.964375,0.013222051,0.951152949,0.20187791311926714,False
1772713207.jpg,0,0.854649642,0.046307039,0.016152137402,0.00805786928,0.0748333364,0,0.854649642,0.854649642,0.854649642,0.0748333364,0.7798163056,0.5760025693607285,False
686316627.jpg,3,0.01230395141,0.008202261754,0.007387706156,0.9633382,0.008767859968,3,0.9633382,0.9633382,0.9633382,0.01230395141,0.9510342485900001,0.2072792285227466,False
3882450563.jpg,1,0.05073482,0.237489458,0.067415446,0.065730918,0.5786293440000001,4,0.5786293440000001,0.237489458,0.237489458,0.5786293440000001,-0.3411398860000001,1.1699775821877083,True
3788064831.jpg,4,0.528477852,0.0339323264,0.01327622742,0.0067638553,0.4175496959999999,0,0.528477852,0.4175496959999999,0.4175496959999999,0.528477852,-0.11092815600000006,0.9076832592656369,True
3589093765.jpg,4,0.0097263972,0.00942096212,0.0152377349999999,0.0069339886239999,0.95868091,4,0.95868091,0.95868091,0.95868091,0.0152377349999999,0.9434431750000001,0.22768752491620997,False
3977561724.jpg,3,0.009579717282,0.0080688911,0.120760318,0.8519222399999999,0.009668848502,3,0.8519222399999999,0.8519222399999999,0.8519222399999999,0.120760318,0.731161922,0.5200798592903908,False
1425848299.jpg,2,0.0114200112116,0.01140095592,0.94930594,0.01469694453,0.01317613061,2,0.94930594,0.94930594,0.94930594,0.01469694453,0.93460899547,0.27053696191404053,False
3203412332.jpg,0,0.1633759296,0.0655134976,0.1914,0.0191823202,0.560528242,4,0.560528242,0.1633759296,0.1633759296,0.560528242,-0.39715231239999993,1.1913227497044003,True
1331106068.jpg,1,0.098809018,0.422899184,0.00988962238,0.0180367174,0.45036547,4,0.45036547,0.422899184,0.422899184,0.45036547,-0.027466286000000006,1.0699876405660333,True
3456476470.jpg,1,0.02171944624,0.706900564,0.0522821059999999,0.1690830599999999,0.0500148754,1,0.706900564,0.706900564,0.706900564,0.1690830599999999,0.5378175040000002,0.933003327216352,False
3460883505.jpg,4,0.0333992262,0.0980334055999999,0.486336562,0.0373477256,0.344883056,2,0.486336562,0.344883056,0.344883056,0.486336562,-0.14145350599999995,1.1817118723622277,True
3266592297.jpg,3,0.0073762934,0.0226342190979999,0.0379792836,0.916144548,0.01586567484,3,0.916144548,0.916144548,0.916144548,0.0379792836,0.8781652644,0.39215616215318017,False
3522543975.jpg,2,0.315206152,0.0162752623,0.6316438200000001,0.0185584663,0.0183162816,2,0.6316438200000001,0.6316438200000001,0.6316438200000001,0.315206152,0.31643766800000006,0.8683875579667445,False
297915316.jpg,4,0.113281736,0.0987287496,0.05422638558,0.0255723896,0.7081907599999999,4,0.7081907599999999,0.7081907599999999,0.7081907599999999,0.113281736,0.5949090239999999,0.9714657364111088,False
2761327617.jpg,4,0.01449517932,0.0618463694,0.0562635727999999,0.02588884902,0.841506044,4,0.841506044,0.841506044,0.841506044,0.0618463694,0.7796596746,0.6352149991845226,False
1434278066.jpg,3,0.0175411144,0.008932123736,0.01185135658,0.95419386,0.00748155146,3,0.95419386,0.95419386,0.95419386,0.0175411144,0.9366527456,0.2469947026355551,False
1966385524.jpg,4,0.0144930187,0.10933769,0.6074439979999999,0.13443387,0.134291424,2,0.6074439979999999,0.134291424,0.134291424,0.6074439979999999,-0.47315257399999994,1.1455601610654071,True
2647337220.jpg,3,0.01051395732,0.00956341818,0.01621876032,0.95079632,0.01290753915,3,0.95079632,0.95079632,0.95079632,0.01621876032,0.93457755968,0.26332661341477387,False
4017647533.jpg,2,0.0140892993,0.0399194421999999,0.84166914,0.052815486,0.0515066696,2,0.84166914,0.84166914,0.84166914,0.052815486,0.7888536540000001,0.6418054463840999,False
1080179563.jpg,3,0.009130464162,0.009960025168,0.00890975992,0.963140418,0.00885933744,3,0.963140418,0.963140418,0.963140418,0.009960025168,0.9531803928320001,0.20888841856229726,False
198179397.jpg,1,0.01235868452,0.59517938,0.01556557124,0.366941276,0.009955088032,1,0.59517938,0.59517938,0.59517938,0.366941276,0.22823810400000005,0.8416933150148324,False
3731008076.jpg,0,0.7618607660000001,0.02015628954,0.032459486116,0.01884555286,0.1666779157,0,0.7618607660000001,0.7618607660000001,0.7618607660000001,0.1666779157,0.5951828503000001,0.7706581929039922,False
3858530439.jpg,2,0.0267113572,0.0219516382,0.91825473,0.020513227696,0.0125690205,2,0.91825473,0.91825473,0.91825473,0.0267113572,0.8915433728000001,0.39364394872893854,False
723977410.jpg,3,0.01027968716,0.0429045526,0.167200858,0.760499548,0.019115355932,3,0.760499548,0.760499548,0.760499548,0.167200858,0.5932986899999999,0.7650555846699427,False
3511001525.jpg,3,0.01549872252,0.01657109314,0.0167304702,0.93162618,0.0195735342199999,3,0.93162618,0.93162618,0.93162618,0.0195735342199999,0.9120526457800001,0.3439377478403711,False
4286284700.jpg,3,0.00931556545,0.0167389928,0.00911568046,0.95612642,0.0087033397039,3,0.95612642,0.95612642,0.95612642,0.0167389928,0.9393874272,0.23903202338171878,False
1240401949.jpg,3,0.0136260760199999,0.022318946,0.008875279768,0.93233596,0.02284377331,3,0.93233596,0.93233596,0.93233596,0.02284377331,0.90949218669,0.33697912539039593,False
1375249760.jpg,3,0.0100225458842,0.0097286249648,0.01145623312,0.956081412,0.012711209138,3,0.956081412,0.956081412,0.956081412,0.012711209138,0.943370202862,0.24083063534385915,False
3797759745.jpg,3,0.00806781662,0.01172781122,0.01086550986,0.96028514,0.00905372942,3,0.96028514,0.96028514,0.96028514,0.01172781122,0.94855732878,0.22167040482468647,False
3946349421.jpg,3,0.0080333988338,0.00955729994,0.012896472476,0.958883136,0.0106296729,3,0.958883136,0.958883136,0.958883136,0.012896472476,0.945986663524,0.22787213355286906,False
2995137559.jpg,3,0.00621932167,0.0061916307959999,0.027977562,0.952936712,0.0066747814526,3,0.952936712,0.952936712,0.952936712,0.027977562,0.92495915,0.242508854688363,False
672149291.jpg,4,0.0274311124,0.062909906,0.097348124,0.01415849822,0.79815232,4,0.79815232,0.79815232,0.79815232,0.097348124,0.700804196,0.7396522385648616,False
52729180.jpg,1,0.04568526388,0.6751820720000001,0.0216672194,0.2453076,0.01215786418,1,0.6751820720000001,0.6751820720000001,0.6751820720000001,0.2453076,0.4298744720000002,0.8875349268766151,False
3395914437.jpg,3,0.009506350784,0.00846225254,0.5122222759999999,0.461842758,0.007966361942,2,0.5122222759999999,0.461842758,0.461842758,0.5122222759999999,-0.0503795179999999,0.8226030598650977,True
587329916.jpg,3,0.0087090893192,0.0080432389906,0.0100175427,0.95952988,0.01370022346,3,0.95952988,0.95952988,0.95952988,0.01370022346,0.94582965654,0.2246360348203725,False
728569501.jpg,3,0.0154634708,0.00959974106,0.010837472502,0.950252658,0.013846675288,3,0.950252658,0.950252658,0.950252658,0.0154634708,0.9347891872,0.2658574981641688,False
1074333151.jpg,1,0.005925837098,0.947931056,0.0092598944,0.0296266608,0.0072565345516,1,0.947931056,0.947931056,0.947931056,0.0296266608,0.9183043952000001,0.2644380917708425,False
1425588144.jpg,3,0.007287049867,0.00796632481,0.0251215836,0.95170836,0.007916682046,3,0.95170836,0.95170836,0.95170836,0.0251215836,0.9265867764,0.2523239600707372,False
3461338622.jpg,3,0.0079805988276,0.0108200014,0.1098759439999999,0.8646923200000001,0.006631162374,3,0.8646923200000001,0.8646923200000001,0.8646923200000001,0.1098759439999999,0.7548163760000002,0.48914986510665875,False
2054648855.jpg,3,0.00770361538,0.015976806,0.0180956954399999,0.947983284,0.0102405783932,3,0.947983284,0.947983284,0.947983284,0.0180956954399999,0.9298875885600001,0.273733544071968,False
2149970580.jpg,0,0.667297384,0.135292172,0.081061804,0.03060777572,0.0857408722,0,0.667297384,0.667297384,0.667297384,0.135292172,0.5320052120000001,1.0615636634894647,False
1137582859.jpg,3,0.0086594948206,0.012075757024,0.009704641256,0.96164796,0.007912166509,3,0.96164796,0.96164796,0.96164796,0.012075757024,0.949572202976,0.21533731079263085,False
1928188434.jpg,1,0.0180150407639999,0.93984028,0.012087054285,0.011735818116,0.018321812118,1,0.93984028,0.93984028,0.93984028,0.018321812118,0.921518467882,0.309490899786027,False
3976294368.jpg,4,0.0121858685,0.122921272,0.455726548,0.0147813257,0.394384964,2,0.455726548,0.394384964,0.394384964,0.455726548,-0.061341584000000005,1.0987572299206183,True
3647297248.jpg,3,0.0124510714,0.010760195038,0.010341982642,0.95437747,0.012069258824,3,0.95437747,0.95437747,0.95437747,0.0124510714,0.9419263985999999,0.24852940085297212,False
269713568.jpg,1,0.0282972644578,0.740309188,0.01612114712,0.01323003344,0.202042389,1,0.740309188,0.740309188,0.740309188,0.202042389,0.5382667990000001,0.77036841631392,False
4237027288.jpg,0,0.944148108,0.03291543658,0.007949609172,0.00841070448,0.00657616276,0,0.944148108,0.944148108,0.944148108,0.03291543658,0.9112326714200001,0.2782919891161246,False
2546131574.jpg,3,0.0087793472462,0.0078770742336,0.00937786852,0.965672944,0.0082927195,3,0.965672944,0.965672944,0.965672944,0.00937786852,0.95629507548,0.1969901815399095,False
1992344836.jpg,3,0.009858407912,0.008566540202,0.0273771436,0.94118892,0.01300898442,3,0.94118892,0.94118892,0.94118892,0.0273771436,0.9138117764,0.2983535551120911,False
904785196.jpg,3,0.02616209,0.0140680876,0.2857278076,0.6652899800000001,0.008752044796,3,0.6652899800000001,0.6652899800000001,0.6652899800000001,0.2857278076,0.37956217240000006,0.8258383856100451,False
1908392634.jpg,3,0.0104198315,0.00810031803,0.560065328,0.410100892,0.01131363984,2,0.560065328,0.410100892,0.410100892,0.560065328,-0.14996443599999998,0.8274865522289521,True
1583439213.jpg,3,0.01233158276,0.041734915,0.0298647318,0.879988756,0.0360800216,3,0.879988756,0.879988756,0.879988756,0.041734915,0.838253841,0.5239910598345459,False
138133533.jpg,3,0.023086449,0.0122595532,0.0406426478,0.9167533,0.0072580257496,3,0.9167533,0.9167533,0.9167533,0.0406426478,0.8761106522,0.3865689682997757,False
54600142.jpg,3,0.00812717949,0.008015145556,0.19759293,0.775162202,0.01110250148,3,0.775162202,0.775162202,0.775162202,0.19759293,0.577569272,0.645591312478437,False
2117358649.jpg,1,0.0456253652,0.791858258,0.03538367986,0.1067569377999999,0.02037576958,1,0.791858258,0.791858258,0.791858258,0.1067569377999999,0.6851013202,0.7620596545172491,False
2154740842.jpg,3,0.010222902604,0.009374291461,0.007505675044,0.963633432,0.0092636897,3,0.963633432,0.963633432,0.963633432,0.010222902604,0.9534105293959999,0.20641375723357513,False
2527554377.jpg,3,0.007844090756,0.063429516,0.0289695702,0.8914528,0.00830405091,3,0.8914528,0.8914528,0.8914528,0.063429516,0.828023284,0.45776689807805454,False
2418298019.jpg,3,0.00827636924,0.00878889521,0.0185602994,0.9526591,0.011715351044,3,0.9526591,0.9526591,0.9526591,0.0185602994,0.9340988006,0.25358237450650484,False
261186049.jpg,3,0.008152554025,0.0092854001508,0.010002771818,0.96437666,0.008182631046,3,0.96437666,0.96437666,0.96437666,0.010002771818,0.954373888182,0.20302483488094386,False
1447520990.jpg,3,0.007472841345,0.00875255352,0.0628387132,0.9108202,0.0101156906,3,0.9108202,0.9108202,0.9108202,0.0628387132,0.8479814868,0.38349770346825396,False
2138515969.jpg,1,0.0230201858,0.91105072,0.0143387798,0.0095533722,0.0420369496,1,0.91105072,0.91105072,0.91105072,0.0420369496,0.8690137703999999,0.41020868798845567,False
4075237855.jpg,4,0.142736502,0.0247727732,0.0697082084,0.0505621286,0.71222037,4,0.71222037,0.71222037,0.71222037,0.142736502,0.5694838680000001,0.9477564583824842,False
3138454359.jpg,1,0.007927839258,0.94901806,0.00931009682,0.0242569806,0.009487033566,1,0.94901806,0.94901806,0.94901806,0.0242569806,0.9247610794,0.26595166983572077,False
2015754935.jpg,2,0.0158611714,0.01347479704,0.6880605599999999,0.2643691476,0.01823431653,2,0.6880605599999999,0.6880605599999999,0.6880605599999999,0.2643691476,0.4236914123999999,0.8057503363774944,False
1126995294.jpg,3,0.0101564782799999,0.009140945744,0.0106485774,0.9355764,0.0344775878,3,0.9355764,0.9355764,0.9355764,0.0344775878,0.9010988122,0.31630436880377133,False
4034653549.jpg,3,0.011833905,0.00998395266,0.0157798723,0.9489364,0.01346590998,3,0.9489364,0.9489364,0.9489364,0.0157798723,0.9331565277,0.271712104110051,False
760745341.jpg,2,0.01094457198,0.0394669656,0.91383174,0.016061328952,0.01969541678,2,0.91383174,0.91383174,0.91383174,0.0394669656,0.8743647744,0.403032800073166,False
1436718296.jpg,4,0.0111665447999999,0.00685551948,0.0201979302,0.0149669362,0.946813082,4,0.946813082,0.946813082,0.946813082,0.0201979302,0.9266151518,0.277803094747455,False
2738985524.jpg,3,0.007436080792,0.00904641998,0.00942555864,0.965914204,0.0081776977356,3,0.965914204,0.965914204,0.965914204,0.00942555864,0.95648864536,0.19578110237230686,False
2268242314.jpg,3,0.0057242722336,0.006289065867,0.0679234408,0.913231936,0.006831321764,3,0.913231936,0.913231936,0.913231936,0.0679234408,0.8453084952,0.3610575473965907,False
982241079.jpg,1,0.021309936,0.0571677887999999,0.026413245,0.0292861718,0.865822876,4,0.865822876,0.0571677887999999,0.0571677887999999,0.865822876,-0.8086550872,0.569738897968991,True
2167697247.jpg,3,0.007513750856,0.0165448734,0.0246387172,0.94324222,0.008060427342,3,0.94324222,0.94324222,0.94324222,0.0246387172,0.9186035028,0.2898328914551805,False
2530732959.jpg,3,0.0099612806,0.064761483,0.230033304,0.671935756,0.0233081548,3,0.671935756,0.671935756,0.671935756,0.230033304,0.441902452,0.9159790758690944,False
905336234.jpg,1,0.0104332004934,0.926495868,0.0314765413384,0.018873765408,0.01272062893,1,0.926495868,0.926495868,0.926495868,0.0314765413384,0.8950193266616,0.3576482874490467,False
3107093993.jpg,3,0.0133727357,0.01170881756,0.009754709664,0.957394994,0.00776874780568,3,0.957394994,0.957394994,0.957394994,0.0133727357,0.9440222583000001,0.2343575409973275,False
2347169881.jpg,3,0.01702670415,0.01138748366,0.010631984308,0.952947854,0.0080059997362,3,0.952947854,0.952947854,0.952947854,0.01702670415,0.9359211498500001,0.25319846144538016,False
4210844423.jpg,2,0.00821261946,0.01148775406,0.94578122,0.02536397744,0.00915441461,2,0.94578122,0.94578122,0.94578122,0.02536397744,0.92041724256,0.2796335277826338,False
3410015128.jpg,1,0.00984624864,0.95555787,0.0121617496199999,0.01302389242,0.00941021914,1,0.95555787,0.95555787,0.95555787,0.01302389242,0.94253397758,0.24300659140915418,False
1044411903.jpg,3,0.0564004656,0.01701163248,0.066274622,0.8452771480000001,0.01503612872,3,0.8452771480000001,0.8452771480000001,0.8452771480000001,0.066274622,0.7790025260000001,0.6165302548890889,False
3277367101.jpg,3,0.00981988616,0.1238003496,0.0298175354,0.8280229800000001,0.0085392722,3,0.8280229800000001,0.8280229800000001,0.8280229800000001,0.1238003496,0.7042226304000001,0.6057020853128093,False
3269415052.jpg,3,0.0078666343774,0.007813160788,0.01011934836,0.962997918,0.01120291842,3,0.962997918,0.962997918,0.962997918,0.01120291842,0.95179499958,0.20913283866623378,False
3475526281.jpg,3,0.01037667602,0.008629351244,0.024530678,0.94616328,0.01029999132,3,0.94616328,0.94616328,0.94616328,0.024530678,0.9216326020000001,0.2788595725088595,False
3234850846.jpg,3,0.0236695846,0.209233872,0.36635326,0.357654962,0.0430883072,2,0.36635326,0.357654962,0.357654962,0.36635326,-0.008698297999999993,1.287017344790582,True
2092563525.jpg,4,0.044971597,0.0294336312,0.01138271922,0.25721098,0.6570010879999999,4,0.6570010879999999,0.6570010879999999,0.6570010879999999,0.25721098,0.3997901079999999,0.9194487063106503,False
1075008577.jpg,3,0.00981161032,0.2979643576,0.01255849442,0.67043326,0.00923230156,3,0.67043326,0.67043326,0.67043326,0.2979643576,0.3724689024,0.7724273150437314,False
3244391551.jpg,3,0.0091166789628,0.00859876966,0.01389132578,0.95978896,0.0086042841604,3,0.95978896,0.95978896,0.95978896,0.01389132578,0.9458976342200001,0.22343915564834319,False
3356818703.jpg,4,0.013082341158,0.01011855348,0.0286008697999999,0.01260566552,0.9355926,4,0.9355926,0.9355926,0.9355926,0.0286008697999999,0.9069917302000001,0.3222859375119859,False
2326411546.jpg,4,0.031126012,0.1026170198,0.008003454874,0.0179067288,0.8403467819999999,4,0.8403467819999999,0.8403467819999999,0.8403467819999999,0.1026170198,0.7377297621999999,0.598473146256917,False
2420114493.jpg,4,0.0131844223,0.0405542683999999,0.0204429891999999,0.0458350609999999,0.87998324,4,0.87998324,0.87998324,0.87998324,0.0458350609999999,0.8341481790000002,0.5203823106736829,False
2181796105.jpg,1,0.449146436,0.061329931,0.01196936136,0.0233164176,0.454237862,4,0.454237862,0.061329931,0.061329931,0.454237862,-0.392907931,1.0297623394789854,True
809489252.jpg,3,0.00943392052,0.009532247204,0.01520270922,0.95763003,0.0082011285708,3,0.95763003,0.95763003,0.95763003,0.01520270922,0.94242732078,0.2328450327706129,False
3362743829.jpg,4,0.01999483474,0.03752980778,0.012163042678,0.01797121,0.9123411,4,0.9123411,0.9123411,0.9123411,0.03752980778,0.87481129222,0.4109780691436743,False
783577117.jpg,3,0.02166500404,0.7746063999999999,0.01378907792,0.0121426888,0.177796801,1,0.7746063999999999,0.0121426888,0.0121426888,0.7746063999999999,-0.7624637111999999,0.7005640085860774,True
1035014017.jpg,4,0.0659013215999999,0.006682873044,0.0138386343424,0.00815725704,0.905419892,4,0.905419892,0.905419892,0.905419892,0.0659013215999999,0.8395185704000001,0.40111394924092325,False
1105255922.jpg,0,0.864782324,0.0485548928,0.0085336033,0.0171273588,0.0610017816,0,0.864782324,0.864782324,0.864782324,0.0610017816,0.8037805424,0.5534380244198683,False
2821817333.jpg,2,0.128937688,0.03592811204,0.349828264,0.244618564,0.240687364,2,0.349828264,0.349828264,0.349828264,0.244618564,0.10520969999999999,1.4382907718201428,False
87470037.jpg,3,0.01401019252,0.01026283178,0.0522139998,0.8790316300000001,0.0444813424,3,0.8790316300000001,0.8790316300000001,0.8790316300000001,0.0522139998,0.8268176302000001,0.5127416105192093,False
1123691141.jpg,1,0.0083763501999999,0.957738172,0.009232700704,0.00959796005,0.01505483278,1,0.957738172,0.957738172,0.957738172,0.01505483278,0.94268333922,0.23243477208401164,False
2019819944.jpg,3,0.008853830006,0.0086562334822,0.01028593752,0.957559304,0.0146446852,3,0.957559304,0.957559304,0.957559304,0.0146446852,0.9429146188,0.23342379296505,False
1386425795.jpg,3,0.00751131834,0.00844750992,0.02563185,0.947960176,0.01044914694,3,0.947960176,0.947960176,0.947960176,0.02563185,0.922328326,0.26930355632094094,False
2694111993.jpg,3,0.00825392321672,0.009081725214,0.0087128479644,0.957512282,0.01643924824,3,0.957512282,0.957512282,0.957512282,0.01643924824,0.9410730337600001,0.232722788961794,False
982426232.jpg,2,0.00908605184,0.01119748151,0.94758894,0.02273380744,0.0093936767239999,2,0.94758894,0.94758894,0.94758894,0.02273380744,0.9248551325600001,0.2738959923393215,False
4034498053.jpg,4,0.0118612526,0.0211402072,0.0338267229,0.00929312846,0.923878684,4,0.923878684,0.923878684,0.923878684,0.0338267229,0.8900519611,0.365307031963548,False
1674972630.jpg,2,0.01053019052,0.131044616,0.609902982,0.01583826782,0.232683956,2,0.609902982,0.609902982,0.609902982,0.232683956,0.377219026,1.0207555306637077,False
3151779462.jpg,3,0.01855572604,0.01673223344,0.0086718881639999,0.93951719,0.0165229296999999,3,0.93951719,0.93951719,0.93951719,0.01855572604,0.92096146396,0.3100037101160441,False
3315008356.jpg,3,0.007937471816,0.0441394756,0.1441767828,0.7941928,0.00955348612,3,0.7941928,0.7941928,0.7941928,0.1441767828,0.6500160172,0.6827859853333094,False
243035153.jpg,3,0.0068211798996,0.01219340258,0.01151700798,0.95896676,0.0105016464438,3,0.95896676,0.95896676,0.95896676,0.01219340258,0.94677335742,0.2271953625962651,False
460888118.jpg,3,0.0104800279399999,0.01433287118,0.012299529,0.94974206,0.01314552724,3,0.94974206,0.94974206,0.94974206,0.01433287118,0.93540918882,0.2686280006503551,False
1060477140.jpg,3,0.02702823768,0.0358670126,0.1018138164,0.810534152,0.0247567712,3,0.810534152,0.810534152,0.810534152,0.1018138164,0.7087203356,0.711392564203023,False
1557930579.jpg,3,0.0087978390259999,0.0088286022,0.0236110396,0.949643642,0.009118874136,3,0.949643642,0.949643642,0.949643642,0.0236110396,0.9260326024,0.26374916392239567,False
1298895601.jpg,2,0.012390978668,0.012193029022,0.94308564,0.01634277996,0.015987599484,2,0.94308564,0.94308564,0.94308564,0.01634277996,0.92674286004,0.2967600710040557,False
3996497470.jpg,1,0.0541137982,0.696092876,0.01139977118,0.01776794996,0.2206255919999999,1,0.696092876,0.696092876,0.696092876,0.2206255919999999,0.47546728400000016,0.8660514535119258,False
3350526163.jpg,3,0.00878956825,0.009072248076,0.0135254696,0.94880918,0.0198035678,3,0.94880918,0.94880918,0.94880918,0.0198035678,0.9290056122,0.27000168850120443,False
1526199104.jpg,3,0.00795074304,0.01376773672,0.0723827871999999,0.8833532040000001,0.0225454896,3,0.8833532040000001,0.8833532040000001,0.8833532040000001,0.0723827871999999,0.8109704168000001,0.4825600820618232,False
945680317.jpg,3,0.00828895648,0.00927060111,0.009215838264,0.96648479,0.0067398263428,3,0.96648479,0.96648479,0.96648479,0.00927060111,0.95721418889,0.19295992020194647,False
1118064801.jpg,3,0.0211121194,0.0262519833999999,0.033731093,0.7691393,0.149765484,3,0.7691393,0.7691393,0.7691393,0.149765484,0.619373816,0.7775757325250695,False
438352262.jpg,3,0.008483574708,0.0117381112516,0.0166680722,0.95105366,0.012056534446,3,0.95105366,0.95105366,0.95105366,0.0166680722,0.9343855878,0.26187777133284323,False
2733426429.jpg,3,0.00910269998,0.00943605143,0.01542953836,0.8580067280000001,0.1080250012,3,0.8580067280000001,0.8580067280000001,0.8580067280000001,0.1080250012,0.7499817268000001,0.522937556901282,False
204116012.jpg,4,0.0676156748,0.0196536013999999,0.0099452238,0.09969112,0.803094368,4,0.803094368,0.803094368,0.803094368,0.09969112,0.703403248,0.7111943808504592,False
3547680343.jpg,4,0.0088988722,0.02189945336,0.5461038,0.01283934078,0.41025856,2,0.5461038,0.41025856,0.41025856,0.5461038,-0.13584524000000003,0.8775121806256597,True
83335504.jpg,2,0.01747044558,0.0659021239999999,0.2072083708,0.249773508,0.459645532,4,0.459645532,0.2072083708,0.2072083708,0.459645532,-0.25243716120000004,1.2798541529574874,True
2151059050.jpg,3,0.008647892804,0.0177304681,0.0176503498,0.947881042,0.0080902216038,3,0.947881042,0.947881042,0.947881042,0.0177304681,0.9301505739,0.2735412770368396,False
2839558739.jpg,4,0.0132631547,0.6828390799999999,0.0409442774,0.0386942772,0.224259224,1,0.6828390799999999,0.224259224,0.224259224,0.6828390799999999,-0.45857985599999995,0.9097662991273845,True
2922966449.jpg,1,0.01289768764,0.960417854,0.0085022848,0.00821091286,0.00997126288,1,0.960417854,0.960417854,0.960417854,0.01289768764,0.94752016636,0.22081550865157737,False
1850706779.jpg,2,0.00940533752,0.00685843402,0.7218033,0.186761282,0.0751716688,2,0.7218033,0.7218033,0.7218033,0.186761282,0.5350420180000001,0.8212842613506748,False
1635136764.jpg,0,0.7945136199999999,0.1314772062,0.012390368,0.01097730555,0.0506414979999999,0,0.7945136199999999,0.7945136199999999,0.7945136199999999,0.1314772062,0.6630364137999999,0.7045107109233842,False
424246187.jpg,3,0.009465893194,0.028312859142,0.011759381976,0.939397736,0.01106411142,3,0.939397736,0.939397736,0.939397736,0.028312859142,0.911084876858,0.30584023291110407,False
180526120.jpg,3,0.007213330311,0.009135880922,0.0084369592299999,0.8849154239999999,0.0902983604,3,0.8849154239999999,0.8849154239999999,0.8849154239999999,0.0902983604,0.7946170635999998,0.44408771207064657,False
2324445131.jpg,3,0.008437523268,0.008698199216,0.01042377232,0.96372756,0.00871292616,3,0.96372756,0.96372756,0.96372756,0.01042377232,0.95330378768,0.2060616159985218,False
3514164612.jpg,4,0.0373867088,0.01071421732,0.0090358952,0.6832739400000001,0.2595892039999999,3,0.6832739400000001,0.2595892039999999,0.2595892039999999,0.6832739400000001,-0.4236847360000002,0.8243262902445072,True
445321069.jpg,1,0.00830915096,0.914931502,0.01039350876,0.0568109976,0.0095548545,1,0.914931502,0.914931502,0.914931502,0.0568109976,0.8581205044,0.3759820350114192,False
2462747672.jpg,3,0.00903882494,0.00868715818,0.0189479951999999,0.95412022,0.00920583976,3,0.95412022,0.95412022,0.95412022,0.0189479951999999,0.9351722248000001,0.2468830936875091,False
2368100826.jpg,2,0.0072762307044,0.007654652535,0.9683528,0.008316008392,0.0084003142276,2,0.9683528,0.9683528,0.9683528,0.0084003142276,0.9599524857724,0.18423914054279375,False
2453300950.jpg,1,0.0102181056599999,0.5992605639999999,0.336699708,0.0299077921999999,0.0239138692,1,0.5992605639999999,0.5992605639999999,0.5992605639999999,0.336699708,0.26256085599999995,0.9144544399508511,False
2653833670.jpg,2,0.007715016264,0.019214685,0.949680724,0.012308081,0.01108149974,2,0.949680724,0.949680724,0.949680724,0.019214685,0.930466039,0.26651881001383215,False
3037338569.jpg,3,0.011084349318,0.008634917218,0.0163916742,0.95275639,0.011132699086,3,0.95275639,0.95275639,0.95275639,0.0163916742,0.9363647158,0.25450573080452,False
2238900239.jpg,3,0.009673515142,0.0261346872,0.0474387856,0.8995241799999999,0.017228856,3,0.8995241799999999,0.8995241799999999,0.8995241799999999,0.0474387856,0.8520853943999999,0.4499446338265314,False
3880085819.jpg,2,0.008063389156,0.00921311214,0.96016388,0.01489059136,0.007669048374,2,0.96016388,0.96016388,0.96016388,0.01489059136,0.9452732886399999,0.2210815577224329,False
618816554.jpg,3,0.01031193802,0.0091195455,0.030663204,0.942288576,0.007616750292,3,0.942288576,0.942288576,0.942288576,0.030663204,0.911625372,0.2900239639863489,False
3028257069.jpg,3,0.006567620664,0.0521723562,0.01524136322,0.88602593,0.0399927472,3,0.88602593,0.88602593,0.88602593,0.0521723562,0.8338535737999999,0.48680383328731675,False
3429167683.jpg,3,0.010994010696,0.0089557525599999,0.1506382116,0.819918594,0.0094933885472,3,0.819918594,0.819918594,0.819918594,0.1506382116,0.6692803824,0.5839643598605209,False
678943117.jpg,3,0.008254946126,0.006920375666,0.0298786902,0.947687692,0.007258272964,3,0.947687692,0.947687692,0.947687692,0.0298786902,0.9178090018,0.26557888880598285,False
2182495047.jpg,3,0.0513564418,0.02394718296,0.0096411455,0.8986169399999999,0.016438284718,3,0.8986169399999999,0.8986169399999999,0.8986169399999999,0.0513564418,0.8472604981999999,0.450187080667051,False
2436214521.jpg,0,0.44538937,0.417761022,0.01528438314,0.0314124992,0.090152738,0,0.44538937,0.44538937,0.44538937,0.417761022,0.027628348000000025,1.1144120587848874,False
1060644080.jpg,4,0.102117985,0.591373072,0.0615477816,0.0196014956,0.225359668,1,0.591373072,0.225359668,0.225359668,0.591373072,-0.366013404,1.1281147339479853,True
215392148.jpg,3,0.02354523636,0.05979034,0.0473056772,0.800586184,0.0687725724,3,0.800586184,0.800586184,0.800586184,0.0687725724,0.7318136116,0.7631867408780113,False
3337505387.jpg,3,0.010856108944,0.376406347,0.0266944392,0.577771694,0.0082713975104,3,0.577771694,0.577771694,0.577771694,0.376406347,0.20136534699999997,0.8702187297281243,False
2235889305.jpg,4,0.00690132167,0.01284362396,0.3305573619999999,0.00775142242,0.64194627,4,0.64194627,0.64194627,0.64194627,0.3305573619999999,0.31138890800000013,0.7784069157299716,False
212585211.jpg,4,0.011493907,0.0425190276,0.00524988376,0.0279905058,0.912746684,4,0.912746684,0.912746684,0.912746684,0.0425190276,0.8702276564,0.39657924254253685,False
1351433725.jpg,3,0.0096936544104,0.012507446332,0.0120563443,0.956671692,0.009070855142,3,0.956671692,0.956671692,0.956671692,0.012507446332,0.9441642456680001,0.2380431433190249,False
1319252065.jpg,4,0.081434298,0.0623507148,0.061542036,0.115482508,0.67919042,4,0.67919042,0.67919042,0.67919042,0.115482508,0.5637079119999999,1.060869277894475,False
2407217275.jpg,3,0.0075664432276,0.0290407063999999,0.0165543207,0.939817204,0.0070213272272,3,0.939817204,0.939817204,0.939817204,0.0290407063999999,0.9107764976000001,0.30077424574940026,False
3964576371.jpg,3,0.007571417392,0.00687056036,0.0215103736,0.957657252,0.0063904011534,3,0.957657252,0.957657252,0.957657252,0.0215103736,0.9361468784,0.22749981437474145,False
2520567878.jpg,3,0.0079080193999999,0.01604643472,0.02513756932,0.697446312,0.25346167,3,0.697446312,0.697446312,0.697446312,0.25346167,0.443984642,0.7963711484058084,False
2736497961.jpg,4,0.89483358,0.0119034847,0.0229195486,0.01154744848,0.058795946,0,0.89483358,0.058795946,0.058795946,0.89483358,-0.836037634,0.4568395196630055,True
1329871144.jpg,2,0.008611723858,0.0095744165756,0.95234302,0.01553207632,0.01393873882,2,0.95234302,0.95234302,0.95234302,0.01553207632,0.9368109436800001,0.2562068139950008,False
1279007002.jpg,3,0.0078306232479999,0.0447341482,0.32286699,0.6112476,0.0133206408,3,0.6112476,0.6112476,0.6112476,0.32286699,0.28838061,0.9003849686658429,False
2884361.jpg,3,0.0076096379584,0.010148637778,0.0087642766839999,0.93052554,0.042951859,3,0.93052554,0.93052554,0.93052554,0.042951859,0.887573681,0.3274275717972383,False
122601029.jpg,2,0.00739086464,0.00971313098,0.95120652,0.02530909596,0.00638039152,2,0.95120652,0.95120652,0.95120652,0.02530909596,0.9258974240400001,0.2541683708287249,False
2700385487.jpg,0,0.7815329759999999,0.0378309874,0.0164518262719999,0.00837396416,0.15581026,0,0.7815329759999999,0.7815329759999999,0.7815329759999999,0.15581026,0.625722716,0.7138204698928285,False
2801552324.jpg,3,0.009234309008,0.01260910876,0.0085678115,0.90129432,0.068294412,3,0.90129432,0.90129432,0.90129432,0.068294412,0.832999908,0.41614843337649365,False
1744706562.jpg,3,0.0091981575744,0.009709531214,0.01032860868,0.9604359,0.01032780864,3,0.9604359,0.9604359,0.9604359,0.01032860868,0.95010729132,0.2213582866543522,False
778751547.jpg,4,0.0213288097,0.0167812066,0.115556438,0.172747582,0.673585956,4,0.673585956,0.673585956,0.673585956,0.172747582,0.500838374,0.9695223764626075,False
1623430367.jpg,4,0.0205691689999999,0.02531416554,0.00981684172,0.008108928954,0.936190878,4,0.936190878,0.936190878,0.936190878,0.02531416554,0.91087671246,0.3191157096596956,False
3937945582.jpg,3,0.0087935859002,0.010702408908,0.011089243,0.91836585,0.051048888,3,0.91836585,0.91836585,0.91836585,0.051048888,0.8673169620000001,0.370184217052574,False
1376107939.jpg,4,0.03397934576,0.0248336575,0.020349100044,0.03898456598,0.881853306,4,0.881853306,0.881853306,0.881853306,0.03898456598,0.84286874002,0.5233103413255676,False
1414081718.jpg,3,0.0094409641359999,0.008287915002,0.0318912603999999,0.941178,0.009201937778,3,0.941178,0.941178,0.941178,0.0318912603999999,0.9092867396000001,0.29382172140274704,False
2319594231.jpg,1,0.0593586696,0.6214301280000001,0.050026562,0.2445862936,0.0245983168,1,0.6214301280000001,0.6214301280000001,0.6214301280000001,0.2445862936,0.3768438344000001,1.0486738239328233,False
3339979490.jpg,3,0.010534662136,0.0094273718399999,0.1333445648,0.835276656,0.01141675218,3,0.835276656,0.835276656,0.835276656,0.1333445648,0.7019320912,0.562007660309645,False
3074689383.jpg,3,0.0061129840398,0.0082456260559999,0.01157772944,0.91723886,0.056824796,3,0.91723886,0.91723886,0.91723886,0.056824796,0.860414064,0.36454336706327467,False
824811574.jpg,1,0.240108106,0.282183948,0.0602938742,0.312891876,0.104522198,3,0.312891876,0.282183948,0.282183948,0.312891876,-0.030707927999999995,1.4685055812743375,True
2964319583.jpg,2,0.008169188838,0.00914968336,0.0885762599999999,0.885485338,0.008619528586,3,0.885485338,0.0885762599999999,0.0885762599999999,0.885485338,-0.7969090780000001,0.4455876646734905,True
3590711392.jpg,3,0.008552563618,0.007274957542,0.0433787392,0.92615922,0.01463447964,3,0.92615922,0.92615922,0.92615922,0.0433787392,0.8827804807999999,0.3455197395884329,False
2464064424.jpg,3,0.008497167424,0.008936159374,0.0130710436,0.958771802,0.0107238534,3,0.958771802,0.958771802,0.958771802,0.0130710436,0.9457007584,0.2283682374776342,False
4060977828.jpg,3,0.00435730522112,0.0060145704784,0.006539681808,0.9428585,0.040229968,3,0.9428585,0.9428585,0.9428585,0.040229968,0.902628532,0.27207709138349834,False
1147474861.jpg,4,0.183337922,0.0305458588,0.00860715848,0.008162216798,0.76934686,4,0.76934686,0.76934686,0.76934686,0.183337922,0.586008938,0.6994862674415263,False
3843547968.jpg,4,0.0253210361999999,0.01569945736,0.009434725064,0.0203254482,0.92921932,4,0.92921932,0.92921932,0.92921932,0.0253210361999999,0.9038982838,0.3496982186725952,False
3143201252.jpg,4,0.0183091279,0.01499954716,0.022123327,0.0082270503,0.93634094,4,0.93634094,0.93634094,0.93634094,0.022123327,0.914217613,0.32163280302126995,False
790574591.jpg,3,0.00902606908,0.0238442816,0.0829412792,0.8520774799999999,0.03211086776,3,0.8520774799999999,0.8520774799999999,0.8520774799999999,0.0829412792,0.7691362008,0.5848850717477464,False
936438569.jpg,1,0.0235109946399999,0.9199991,0.007042431596,0.033841544,0.0156059292199999,1,0.9199991,0.9199991,0.9199991,0.033841544,0.8861575559999999,0.3792977800162909,False
3581438236.jpg,0,0.91476492,0.01420307282,0.006291853438,0.0129301824,0.0518099668,0,0.91476492,0.91476492,0.91476492,0.0518099668,0.8629549531999999,0.383398427517729,False
2016976059.jpg,3,0.216812456,0.0714981296,0.0330470554,0.65685412,0.0217882534,3,0.65685412,0.65685412,0.65685412,0.216812456,0.440041664,0.9921903989345995,False
3644532063.jpg,3,0.00938192376,0.0161249536,0.01159209902,0.950127448,0.01277353879,3,0.950127448,0.950127448,0.950127448,0.0161249536,0.9340024944,0.2663340284566379,False
1056943297.jpg,3,0.01243785754,0.006971121262,0.116019536,0.856308316,0.00826317296,3,0.856308316,0.856308316,0.856308316,0.116019536,0.74028878,0.5115535305409243,False
3409149175.jpg,3,0.019402613864,0.011115487938,0.01669306438,0.894562224,0.05822659998,3,0.894562224,0.894562224,0.894562224,0.05822659998,0.83633562402,0.46006091017758016,False
1935147807.jpg,3,0.0210028852,0.01516802102,0.16556943,0.789820904,0.00843878287,3,0.789820904,0.789820904,0.789820904,0.16556943,0.624251474,0.6690746093921262,False
3613383486.jpg,1,0.01180771256,0.395990916,0.115179148,0.463080768,0.0139414724,3,0.463080768,0.395990916,0.395990916,0.463080768,-0.06708985199999995,1.084253862434645,True
623631977.jpg,4,0.02042428116,0.0626373342,0.0975391836,0.01359617052,0.805803022,4,0.805803022,0.805803022,0.805803022,0.0975391836,0.7082638384,0.7124457695707266,False
4183847559.jpg,2,0.01196715608,0.01159894446,0.8157225079999999,0.145470411,0.01524095362,2,0.8157225079999999,0.8157225079999999,0.8157225079999999,0.145470411,0.6702520969999999,0.6150035404559934,False
3010385016.jpg,3,0.00996124412,0.008238213006,0.0176199384,0.943562702,0.020617967,3,0.943562702,0.943562702,0.943562702,0.020617967,0.9229447350000001,0.2914533501560187,False
2807050588.jpg,3,0.009594970694,0.0084904544,0.0105449658,0.93970396,0.03166563,3,0.93970396,0.93970396,0.93970396,0.03166563,0.90803833,0.3008412678780498,False
2367376740.jpg,3,0.009508610144,0.00869567218,0.008885836516,0.96386436,0.0090455059748799,3,0.96386436,0.96386436,0.96386436,0.009508610144,0.954355749856,0.20553692925181744,False
4065661474.jpg,3,0.010371520711,0.007880553788,0.0100339006076,0.96397518,0.007738844752,3,0.96397518,0.96397518,0.96397518,0.010371520711,0.953603659289,0.20471688434448845,False
3093623574.jpg,2,0.01336228172,0.0287651496,0.876482896,0.0334176996,0.0479719864,2,0.876482896,0.876482896,0.876482896,0.0479719864,0.8285109096,0.5345653500609926,False
1330845250.jpg,1,0.009305638252,0.8540456399999999,0.0154448928,0.1104282516,0.010775581048,1,0.8540456399999999,0.8540456399999999,0.8540456399999999,0.1104282516,0.7436173883999999,0.5348145249375311,False
1975167712.jpg,2,0.01257106795,0.01253811756,0.938246726,0.02365444402,0.01298963496,2,0.938246726,0.938246726,0.938246726,0.02365444402,0.9145922819800001,0.314714602237402,False
1535573498.jpg,3,0.0285619728,0.01227901222,0.092229364,0.839137332,0.0277923638,3,0.839137332,0.839137332,0.839137332,0.092229364,0.7469079679999999,0.6221582650940279,False
3080364100.jpg,3,0.01170971886,0.0132494714,0.1877685899999999,0.7777017100000001,0.009570509728,3,0.7777017100000001,0.7777017100000001,0.7777017100000001,0.1877685899999999,0.5899331200000002,0.6634341837604553,False
25132460.jpg,1,0.104658038,0.607009876,0.052553996,0.1635809948,0.07219709378,1,0.607009876,0.607009876,0.607009876,0.1635809948,0.4434288812,1.1799786061389028,False
2673180218.jpg,3,0.00942250738,0.0190763904,0.032204134,0.91885437,0.0204425679999999,3,0.91885437,0.91885437,0.91885437,0.032204134,0.886650236,0.38740927147925625,False
2656330377.jpg,0,0.8053214,0.0254103712,0.00641134494,0.0139320744,0.148924818,0,0.8053214,0.8053214,0.8053214,0.148924818,0.656396582,0.6431997191264902,False
732560190.jpg,2,0.00937876484,0.00905408316,0.94954174,0.02215788602,0.009867516982,2,0.94954174,0.94954174,0.94954174,0.02215788602,0.92738385398,0.26553593214871696,False
703444371.jpg,0,0.696507542,0.203541284,0.039485338424,0.0155359949999999,0.0449298426,0,0.696507542,0.696507542,0.696507542,0.203541284,0.492966258,0.9076377155516107,False
546602360.jpg,3,0.008793979848,0.01616891544,0.00901526428,0.955348124,0.01067370746,3,0.955348124,0.955348124,0.955348124,0.01616891544,0.93917920856,0.24286884616292503,False
1260451249.jpg,3,0.0087528156099999,0.0112320145,0.01647436,0.93072708,0.0328137123,3,0.93072708,0.93072708,0.93072708,0.0328137123,0.8979133677000001,0.33847503991843997,False
772317210.jpg,3,0.007257281124,0.007164148738,0.0089038526,0.959569764,0.0171049174,3,0.959569764,0.959569764,0.959569764,0.0171049174,0.9424648466000001,0.22235754767112365,False
2532502018.jpg,3,0.0104228639964,0.05468411032,0.0137883244,0.90864274,0.01246191356,3,0.90864274,0.90864274,0.90864274,0.05468411032,0.85395862968,0.4072550501503415,False
3083765507.jpg,3,0.0090381899743,0.0202057182,0.01193715388,0.951374216,0.007444734442,3,0.951374216,0.951374216,0.951374216,0.0202057182,0.9311684978000001,0.25813872370434243,False
2443920111.jpg,1,0.00771234596,0.915816236,0.00683826118,0.00977562094,0.0598575356,1,0.915816236,0.915816236,0.915816236,0.0598575356,0.8559587004,0.3659331298742995,False
3765788774.jpg,4,0.160192824,0.441995498,0.0272805408,0.0179414194,0.3525897283999999,1,0.441995498,0.3525897283999999,0.3525897283999999,0.441995498,-0.08940576960000007,1.192189505610918,True
1311435294.jpg,3,0.00936266765,0.00832397898,0.01255196654,0.95819635,0.011565018178,3,0.95819635,0.95819635,0.95819635,0.01255196654,0.94564438346,0.23103932851138642,False
2878808214.jpg,3,0.0081695013393,0.0077909356136,0.01308124424,0.962387004,0.008571302164,3,0.962387004,0.962387004,0.962387004,0.01308124424,0.94930575976,0.21151511992681485,False
3816972306.jpg,3,0.009222700604,0.0160220668,0.0089986690559999,0.953798076,0.01195849941518,3,0.953798076,0.953798076,0.953798076,0.0160220668,0.9377760092,0.24988990015318893,False
1234042950.jpg,3,0.0079109037218,0.0085940579764,0.00867234156,0.96509344,0.009729237536,3,0.96509344,0.96509344,0.96509344,0.009729237536,0.955364202464,0.19969906388531225,False
3457037921.jpg,3,0.00813986228,0.0098972562759999,0.0237725588,0.8369595000000001,0.121230808,3,0.8369595000000001,0.8369595000000001,0.8369595000000001,0.121230808,0.7157286920000001,0.5784982791642314,False
1160633739.jpg,4,0.036659135,0.0244367408,0.02505357404,0.099713252,0.814137296,4,0.814137296,0.814137296,0.814137296,0.099713252,0.7144240439999999,0.7015581266072072,False
4061563490.jpg,3,0.0099054082604,0.0082285796316,0.0093470984,0.952481244,0.0200376324,3,0.952481244,0.952481244,0.952481244,0.0200376324,0.9324436116,0.25360610063206934,False
2825938398.jpg,3,0.0088933806,0.00891111356,0.085586971,0.878786604,0.01782192488,3,0.878786604,0.878786604,0.878786604,0.085586971,0.793199633,0.47978035339270664,False
3484288413.jpg,3,0.0063848557172,0.020846549,0.01818507762,0.9289746,0.0256089525,3,0.9289746,0.9289746,0.9289746,0.0256089525,0.9033656475,0.3481195133895711,False
3407973340.jpg,3,0.0070556468522,0.0078320882278,0.007057397242,0.939717916,0.0383369796,3,0.939717916,0.939717916,0.939717916,0.0383369796,0.9013809363999999,0.29135256064499326,False
1119134814.jpg,2,0.0098115984,0.00628210424,0.911605788,0.01271790724,0.059582593,2,0.911605788,0.911605788,0.911605788,0.059582593,0.852023195,0.3851449077405019,False
2052664728.jpg,1,0.01894682956,0.8887729200000001,0.01928941602,0.0259471124,0.0470437258,1,0.8887729200000001,0.8887729200000001,0.8887729200000001,0.0470437258,0.8417291942,0.49465060639021496,False
851691285.jpg,2,0.01241580538,0.0179182718,0.8941863560000001,0.060271309,0.015208286,2,0.8941863560000001,0.8941863560000001,0.8941863560000001,0.060271309,0.8339150470000001,0.45951979026287665,False
743999758.jpg,2,0.0158007322,0.015771273032,0.925609862,0.02725532922,0.01556277866,2,0.925609862,0.925609862,0.925609862,0.02725532922,0.89835453278,0.365505881736214,False
3424914349.jpg,3,0.00936952764,0.025919073,0.00845671854,0.94767148,0.0085831654066,3,0.94767148,0.94767148,0.94767148,0.025919073,0.921752407,0.27057033336240627,False
2155661206.jpg,2,0.0134174325999999,0.074791496,0.84812282,0.01537534272,0.048292876,2,0.84812282,0.84812282,0.84812282,0.074791496,0.773331324,0.6020366063402905,False
2679180771.jpg,3,0.013361698896,0.0113254712999999,0.009490805016,0.95336312,0.01245894316,3,0.95336312,0.95336312,0.95336312,0.013361698896,0.940001421104,0.2527778877819923,False
2946421028.jpg,3,0.015942947422,0.01194138968,0.0150004696,0.923151636,0.0339635648,3,0.923151636,0.923151636,0.923151636,0.0339635648,0.8891880712000001,0.37055167451914767,False
138459723.jpg,3,0.0077613896162,0.008289741502,0.010247032736,0.966339298,0.0073625768599999,3,0.966339298,0.966339298,0.966339298,0.010247032736,0.9560922652639999,0.19362712928234557,False
2260577745.jpg,4,0.601597048,0.100536644,0.034048438,0.00648724584,0.2573306039999999,0,0.601597048,0.2573306039999999,0.2573306039999999,0.601597048,-0.3442664440000001,1.0337319778340284,True
3657702836.jpg,3,0.0083628576888,0.009542365164,0.0104557146959999,0.961283664,0.0103554397,3,0.961283664,0.961283664,0.961283664,0.0104557146959999,0.950827949304,0.2173670260443502,False
2533412019.jpg,1,0.0100866640884,0.956074308,0.01014535248,0.00968397214,0.01400966859,1,0.956074308,0.956074308,0.956074308,0.01400966859,0.9420646394100001,0.24058564395929002,False
3125021346.jpg,3,0.0177638518,0.0241839032,0.080014827,0.8423722219999998,0.035665201,3,0.8423722219999998,0.8423722219999998,0.8423722219999998,0.080014827,0.7623573949999999,0.6270815189861525,False
1469175825.jpg,4,0.0484951702,0.3316901,0.0268230442,0.01964661956,0.5733450360000001,4,0.5733450360000001,0.5733450360000001,0.5733450360000001,0.3316901,0.2416549360000001,1.005999045608789,False
3795401018.jpg,3,0.011790800715,0.01211023727,0.0069598979632,0.960080796,0.009058257331,3,0.960080796,0.960080796,0.960080796,0.01211023727,0.9479705587299999,0.22210358623242366,False
1098348421.jpg,3,0.01061327764,0.195439148,0.00957203518,0.777235016,0.007140562122,3,0.777235016,0.777235016,0.777235016,0.195439148,0.5817958679999999,0.6429607328171509,False
4286158151.jpg,1,0.7880377300000001,0.1030530604,0.0512621424,0.020937291,0.0367097884,0,0.7880377300000001,0.1030530604,0.1030530604,0.7880377300000001,-0.6849846696000002,0.7764603975208078,True
1695184578.jpg,4,0.03161825724,0.022447862662,0.037444535,0.0814311392,0.8270582020000001,4,0.8270582020000001,0.8270582020000001,0.8270582020000001,0.0814311392,0.7456270628000001,0.6787071933745212,False
3524748781.jpg,2,0.011579152,0.02445099558,0.91866382,0.033869015,0.01143706868,2,0.91866382,0.91866382,0.91866382,0.033869015,0.8847948050000001,0.38608998213949414,False
3489780896.jpg,0,0.942432822,0.01765179256,0.01180506998,0.01089503024,0.017215274,0,0.942432822,0.942432822,0.942432822,0.01765179256,0.92478102944,0.29870891058786725,False
1133979561.jpg,3,0.00833261103,0.00998223822,0.00830952064,0.964344,0.00903161298,3,0.964344,0.964344,0.964344,0.00998223822,0.95436176178,0.2032108744604217,False
3653286071.jpg,0,0.648401202,0.263381698,0.0271034056,0.00800844992,0.0531052582,0,0.648401202,0.648401202,0.648401202,0.263381698,0.38501950399999996,0.9246478686717665,False
2444345873.jpg,3,0.0106229343,0.0077293601699999,0.006320703238,0.966999068,0.0083279067979999,3,0.966999068,0.966999068,0.966999068,0.0106229343,0.9563761337,0.19019734588912812,False
2879960954.jpg,3,0.00880867552,0.0092956796399999,0.0116082355,0.93162272,0.0386647104,3,0.93162272,0.93162272,0.93162272,0.0386647104,0.8929580096,0.32865070286017006,False
1589109993.jpg,1,0.0109430769004,0.8593103799999999,0.01746333275,0.09482263174,0.017460619586,1,0.8593103799999999,0.8593103799999999,0.8593103799999999,0.09482263174,0.7644877482599999,0.5444423984522024,False
2859716069.jpg,3,0.02709653458,0.0474530239999999,0.0337952344,0.818473156,0.0731820327999999,3,0.818473156,0.818473156,0.818473156,0.0731820327999999,0.7452911232000001,0.7121994295029794,False
3214097805.jpg,3,0.00755422222,0.00747565686,0.0596981988,0.8669956200000001,0.0582762984,3,0.8669956200000001,0.8669956200000001,0.8669956200000001,0.0596981988,0.8072974212,0.5311581096264157,False
2279465716.jpg,2,0.011786813041,0.011151059268,0.7881834399999998,0.1720508,0.016827908512,2,0.7881834399999998,0.7881834399999998,0.7881834399999998,0.1720508,0.6161326399999998,0.6616278139880518,False
3271797853.jpg,1,0.12547332,0.40502094,0.0239469046,0.1115671476,0.333991714,1,0.40502094,0.40502094,0.40502094,0.333991714,0.071029226,1.326822151181827,False
36120366.jpg,3,0.00941449647,0.008944573538,0.0084868836499999,0.96534098,0.007813083364,3,0.96534098,0.96534098,0.96534098,0.00941449647,0.95592648353,0.1985483172087706,False
1696821568.jpg,3,0.0132469091,0.0129662661,0.009446518108,0.945500684,0.01883957938,3,0.945500684,0.945500684,0.945500684,0.01883957938,0.92666110462,0.28547732397983705,False
1788069223.jpg,3,0.00968877662,0.01010418753,0.01164978288,0.958841764,0.0097155171704,3,0.958841764,0.958841764,0.958841764,0.01164978288,0.94719198112,0.2285432293749001,False
1040699059.jpg,1,0.0107936059799999,0.614124518,0.016433595,0.351072122,0.00757614532,1,0.614124518,0.614124518,0.614124518,0.351072122,0.263052396,0.8203013395871903,False
2325628787.jpg,3,0.0083441972052,0.0092631596962,0.0121157846,0.95948547,0.01079134568,3,0.95948547,0.95948547,0.95948547,0.0121157846,0.9473696854,0.22533089592615038,False
301297241.jpg,1,0.0398341716,0.8672898840000001,0.0340566662,0.01897041068,0.0398488632,1,0.8672898840000001,0.8672898840000001,0.8672898840000001,0.0398488632,0.8274410208,0.5706102253608247,False
3524470850.jpg,2,0.00818018048,0.01028528832,0.61713236,0.351053212,0.0133489677,2,0.61713236,0.61713236,0.61713236,0.351053212,0.26607914800000004,0.8093698264166693,False
2080389783.jpg,3,0.007661749798,0.007082801814,0.009907085922,0.96862843,0.00671994273078,3,0.96862843,0.96862843,0.96862843,0.009907085922,0.958721344078,0.18259305009630528,False
1805228807.jpg,3,0.008365243717,0.009544054016,0.0187829318,0.951823368,0.011484377756,3,0.951823368,0.951823368,0.951823368,0.0187829318,0.9330404362,0.2573675562837809,False
1962378954.jpg,3,0.008464590452,0.009663146944,0.069690106,0.9002419719999999,0.0119401942,3,0.9002419719999999,0.9002419719999999,0.9002419719999999,0.069690106,0.8305518659999999,0.4183340252312772,False
4250668297.jpg,3,0.0094064384664,0.00874106404138,0.00867539713,0.96392418,0.009252912398,3,0.96392418,0.96392418,0.96392418,0.0094064384664,0.9545177415336,0.20525527670820384,False
3253799470.jpg,2,0.0212650624,0.1742694344,0.213572982,0.0150802662,0.57581226,4,0.57581226,0.213572982,0.213572982,0.57581226,-0.362239278,1.0971548205640513,True
1339337700.jpg,3,0.008565322336,0.008370478758,0.00837755054,0.9444135,0.030273122,3,0.9444135,0.9444135,0.9444135,0.030273122,0.914140378,0.28076292607233444,False
426170022.jpg,3,0.008644113976,0.00987256932,0.0131044128,0.95826474,0.01011413668,3,0.95826474,0.95826474,0.95826474,0.0131044128,0.9451603272,0.23077819081702122,False
2451005866.jpg,4,0.0181400168,0.0114717716,0.0301329714,0.0143446276,0.925910616,4,0.925910616,0.925910616,0.925910616,0.0301329714,0.8957776446,0.3616773272540763,False
2893323611.jpg,4,0.00960388388,0.0855305036,0.6496936959999999,0.0314412304,0.223730718,2,0.6496936959999999,0.223730718,0.223730718,0.6496936959999999,-0.42596297799999994,0.9788781926730004,True
4195244088.jpg,3,0.01319794526,0.01228006964,0.01302973704,0.92009563,0.0413966232,3,0.92009563,0.92009563,0.92009563,0.0413966232,0.8786990068,0.3761553771139268,False
236939570.jpg,3,0.0255955808,0.0194803419999999,0.0366070926,0.890732588,0.02758438438,3,0.890732588,0.890732588,0.890732588,0.0366070926,0.8541254953999999,0.4937246917014898,False
3457201271.jpg,4,0.197589932,0.346203684,0.0064371484,0.01311409834,0.4366551384,4,0.4366551384,0.4366551384,0.4366551384,0.346203684,0.09045145439999996,1.138766758161076,False
3976477069.jpg,4,0.2372873919999999,0.37814696,0.1470519264,0.0445937208,0.192920016,1,0.37814696,0.192920016,0.192920016,0.37814696,-0.18522694399999998,1.4471051273757145,True
409474529.jpg,3,0.012627032302,0.01135083108,0.01171818328,0.95402017,0.010283732435,3,0.95402017,0.95402017,0.95402017,0.012627032302,0.9413931376979999,0.2501216314692864,False
207069305.jpg,3,0.007956137842,0.007754336692,0.00771020274,0.96995204,0.006627281142,3,0.96995204,0.96995204,0.96995204,0.007956137842,0.961995902158,0.1764905425013485,False
792936600.jpg,4,0.70477118,0.14259153,0.01030253578,0.0297723684,0.112562424,0,0.70477118,0.112562424,0.112562424,0.70477118,-0.592208756,0.9219498264525564,True
1983266061.jpg,3,0.01036791623,0.00939217871,0.007079346382,0.96529436,0.0078661963684,3,0.96529436,0.96529436,0.96529436,0.01036791623,0.95492644377,0.19846923721825482,False
1391377544.jpg,0,0.65680866,0.0373703262,0.02024810644,0.01044147778,0.275131412,0,0.65680866,0.65680866,0.65680866,0.275131412,0.381677248,0.8805834443777838,False
3060454334.jpg,3,0.009794467218,0.01100299742,0.0094882525,0.95830718,0.011407108076,3,0.95830718,0.95830718,0.95830718,0.011407108076,0.946900071924,0.23096226329627312,False
2250996072.jpg,2,0.49220138,0.271863566,0.20023061,0.0100430776,0.0256613971,0,0.49220138,0.20023061,0.20023061,0.49220138,-0.29197077000000005,1.1652221585922926,True
2171124892.jpg,1,0.0124861442,0.92921572,0.01093216602,0.01518651762,0.032179456,1,0.92921572,0.92921572,0.92921572,0.032179456,0.8970362639999999,0.3464899805760653,False
1437038533.jpg,3,0.00885759968,0.01135911698,0.054767593,0.8857626599999999,0.0392529978,3,0.8857626599999999,0.8857626599999999,0.8857626599999999,0.054767593,0.8309950669999999,0.486348474973049,False
2607724475.jpg,3,0.008888446636,0.01002214996,0.0162809277,0.955712064,0.0090963962564,3,0.955712064,0.955712064,0.955712064,0.0162809277,0.9394311363,0.2411970210029986,False
2318255553.jpg,0,0.6710987420000001,0.22477745,0.04327885246,0.0264776165999999,0.034367345,0,0.6710987420000001,0.6710987420000001,0.6710987420000001,0.22477745,0.4463212920000001,0.9510652358492722,False
2753076252.jpg,0,0.525363984,0.01021968942,0.009025289942,0.009164520502,0.4462265199999999,0,0.525363984,0.525363984,0.525363984,0.4462265199999999,0.07913746400000005,0.8305644277689828,False
1091869695.jpg,1,0.0129087394,0.1040506288,0.8386849599999999,0.0258991424,0.01845652818,2,0.8386849599999999,0.1040506288,0.1040506288,0.8386849599999999,-0.7346343311999999,0.6074548849504465,True
3218303848.jpg,3,0.01206824728,0.06027628212,0.0333800054799999,0.8146647679999999,0.079610686,3,0.8146647679999999,0.8146647679999999,0.8146647679999999,0.079610686,0.7350540819999999,0.7045500740854023,False
444154867.jpg,3,0.009725288924,0.0094499578756,0.0089527126919999,0.96046962,0.01140239586,3,0.96046962,0.96046962,0.96046962,0.01140239586,0.94906722414,0.22108208997393058,False
829746450.jpg,3,0.01238029648,0.01017209888,0.0262873359999999,0.93422016,0.01694011188,3,0.93422016,0.93422016,0.93422016,0.0262873359999999,0.9079328240000001,0.3293417426010251,False
1054935979.jpg,1,0.0091739178839999,0.0455513328,0.019304868,0.91681044,0.009159445884,3,0.91681044,0.0455513328,0.0455513328,0.91681044,-0.8712591072,0.3825607997773446,True
1277789680.jpg,3,0.006663338367,0.00893540824264,0.0173673097,0.959829426,0.007204528679,3,0.959829426,0.959829426,0.959829426,0.0173673097,0.9424621163,0.22083132021141666,False
1245945074.jpg,3,0.0133936173599999,0.0108872247,0.007850478024,0.960088822,0.0077798498169,3,0.960088822,0.960088822,0.960088822,0.0133936173599999,0.9466952046400001,0.2219156680236033,False
1048372814.jpg,3,0.006683493588,0.00752370814,0.0218728122,0.953345646,0.01057434072,3,0.953345646,0.953345646,0.953345646,0.0218728122,0.9314728338,0.2475242298727578,False
3668890746.jpg,2,0.006998277622,0.01845242628,0.910014884,0.01600560864,0.0485288279999999,2,0.910014884,0.910014884,0.910014884,0.0485288279999999,0.8614860560000001,0.40721667528130495,False
1632014154.jpg,4,0.0508600223999999,0.0294070888,0.032355058,0.6839624160000001,0.2034154348,3,0.6839624160000001,0.2034154348,0.2034154348,0.6839624160000001,-0.48054698120000006,0.9499548058216067,True
4084470563.jpg,3,0.008435167678,0.010449286,0.0240694308,0.927582206,0.0294638838,3,0.927582206,0.927582206,0.927582206,0.0294638838,0.8981183222,0.35122265390298935,False
4153074724.jpg,3,0.6562432199999999,0.1806606459999999,0.012866064244,0.1300057999999999,0.0202242724999999,0,0.6562432199999999,0.1300057999999999,0.1300057999999999,0.6562432199999999,-0.52623742,0.9856950937530845,True
3547244996.jpg,3,0.014601432132,0.0319006818,0.6902866259999999,0.250353974,0.01285726643,2,0.6902866259999999,0.250353974,0.250353974,0.6902866259999999,-0.4399326519999999,0.8301591115687983,True
382224277.jpg,3,0.01410742794,0.01300293284,0.01784297684,0.94561729,0.0094293749319999,3,0.94561729,0.94561729,0.94561729,0.01784297684,0.92777431316,0.28527152041284964,False
242444737.jpg,1,0.01580793768,0.606708,0.0475519794,0.316028056,0.0139040163199999,1,0.606708,0.606708,0.606708,0.316028056,0.290679944,0.9370641752948974,False
1556792485.jpg,3,0.2962879419999999,0.0776218424,0.0284935206,0.171866642,0.4257300599999999,4,0.4257300599999999,0.171866642,0.171866642,0.4257300599999999,-0.2538634179999999,1.3264034885552412,True
758535635.jpg,4,0.00810512574,0.01970749924,0.041604309,0.01724636158,0.913336684,4,0.913336684,0.913336684,0.913336684,0.041604309,0.871732375,0.4015153575795343,False
4044997961.jpg,3,0.010349004786,0.010671419914,0.01301569504,0.890506566,0.0754573229999999,3,0.890506566,0.890506566,0.890506566,0.0754573229999999,0.8150492430000001,0.45052639886363766,False
180644120.jpg,3,0.0091060823,0.007823589892,0.0139572252,0.96191178,0.0072013055636,3,0.96191178,0.96191178,0.96191178,0.0139572252,0.9479545548,0.21323992558183946,False
1256156533.jpg,3,0.0096383043248,0.010685641472,0.01173552422,0.95486524,0.013075277812,3,0.95486524,0.95486524,0.95486524,0.013075277812,0.9417899621879999,0.24621606853945696,False
3713301383.jpg,4,0.0164438102,0.01396924696,0.035472375,0.80121822,0.132896368,3,0.80121822,0.132896368,0.132896368,0.80121822,-0.668321852,0.6914285710734034,True
2526462874.jpg,2,0.01121626218,0.0108079858,0.940138324,0.01746144212,0.02037599272,2,0.940138324,0.940138324,0.940138324,0.02037599272,0.91976233128,0.3073429100878108,False
2672394448.jpg,4,0.00866093644,0.054167672,0.01413394698,0.01879295946,0.904244476,4,0.904244476,0.904244476,0.904244476,0.054167672,0.850076804,0.42496982363380054,False
1907583116.jpg,3,0.01222003924,0.0124507214,0.0254919606,0.93730562,0.0125316952,3,0.93730562,0.93730562,0.93730562,0.0254919606,0.9118136593999999,0.31754307877242743,False
3956778160.jpg,0,0.8510917119999999,0.07045590278,0.03096364556,0.02329194556,0.0241968172,0,0.8510917119999999,0.8510917119999999,0.8510917119999999,0.07045590278,0.7806358092199999,0.609344930937019,False
3099609782.jpg,0,0.8215213399999999,0.05724272,0.0134959315399999,0.05419420048,0.053545804,0,0.8215213399999999,0.8215213399999999,0.8215213399999999,0.05724272,0.7642786199999999,0.6980802395077478,False
1114918862.jpg,3,0.00853147004,0.01132245138,0.0406296546,0.920906664,0.018609767,3,0.920906664,0.920906664,0.920906664,0.0406296546,0.8802770094,0.3715487950907992,False
1715574145.jpg,3,0.01164135084,0.0150367445999999,0.127296482,0.780329738,0.0656956864,3,0.780329738,0.780329738,0.780329738,0.127296482,0.6530332560000001,0.7497654857094307,False
361728700.jpg,3,0.0076188819,0.0129143244,0.0504875828,0.914861956,0.0141172683559999,3,0.914861956,0.914861956,0.914861956,0.0504875828,0.8643743732,0.38563629807982575,False
2722061896.jpg,3,0.01159881104,0.01820149462,0.0754800499999999,0.81840332,0.076316346,3,0.81840332,0.81840332,0.81840332,0.076316346,0.742086974,0.6800057965756737,False
203075136.jpg,2,0.011135182398,0.01614303372,0.947041724,0.01108585693,0.0145942057,2,0.947041724,0.947041724,0.947041724,0.01614303372,0.9308986902799999,0.279824207872684,False
3486801022.jpg,3,0.0068466065124,0.008726853332,0.01515068112,0.857862444,0.1114134,3,0.857862444,0.857862444,0.857862444,0.1114134,0.746449044,0.5149952793807987,False
273150716.jpg,3,0.0859674758,0.036421231,0.085176926,0.659769708,0.132664686,3,0.659769708,0.659769708,0.659769708,0.132664686,0.527105022,1.083735975585995,False
836320036.jpg,3,0.0077807443,0.0172998362,0.0766802964,0.856999544,0.0412395544,3,0.856999544,0.856999544,0.856999544,0.0766802964,0.7803192476,0.5686308179204929,False
2601706592.jpg,3,0.01059085792,0.0223832792,0.01129121942,0.945975396,0.0097592740152,3,0.945975396,0.945975396,0.945975396,0.0223832792,0.9235921168,0.28155463593029345,False
1510579448.jpg,0,0.669922332,0.0301159927999999,0.02833002778,0.1019363319999999,0.169695354,0,0.669922332,0.669922332,0.669922332,0.169695354,0.5002269779999999,1.0085766077806366,False
599867773.jpg,3,0.00813687257,0.00858641746,0.144683976,0.8280084000000001,0.01058435602,3,0.8280084000000001,0.8280084000000001,0.8280084000000001,0.144683976,0.683324424,0.564116722484597,False
1104322555.jpg,3,0.00952421276,0.00904646836,0.0189828252,0.95041074,0.012035765991,3,0.95041074,0.95041074,0.95041074,0.0189828252,0.9314279148,0.2636795126758562,False
542786109.jpg,2,0.0351395820799999,0.01833090478,0.300369,0.00812705882,0.63803344,4,0.63803344,0.300369,0.300369,0.63803344,-0.33766443999999995,0.8780591138995342,True
629637059.jpg,4,0.4881171119999999,0.198455362,0.009845683058,0.0208166598,0.282765176,0,0.4881171119999999,0.282765176,0.282765176,0.4881171119999999,-0.2053519359999999,1.154285679843925,True
4130203885.jpg,3,0.008093347001,0.010403423404,0.009899356,0.96416774,0.0074361541904,3,0.96416774,0.96416774,0.96416774,0.010403423404,0.953764316596,0.20379981905012906,False
3675661095.jpg,1,0.04590643,0.795410992,0.0444648812,0.0238290576,0.0903886419999999,1,0.795410992,0.795410992,0.795410992,0.0903886419999999,0.7050223500000001,0.7682399584340488,False
369335156.jpg,3,0.0084436408486,0.012569337675,0.01365250072,0.950899256,0.0144352752,3,0.950899256,0.950899256,0.950899256,0.0144352752,0.9364639808,0.2629969524757075,False
2282200395.jpg,2,0.00676599506,0.0107035872,0.793015644,0.0255767742,0.163938012,2,0.793015644,0.793015644,0.793015644,0.163938012,0.629077632,0.6564859775388701,False
3597319965.jpg,3,0.0076777206858,0.009949070188,0.00948899544,0.965012136,0.007872088758,3,0.965012136,0.965012136,0.965012136,0.009949070188,0.9550630658120001,0.19995458350375273,False
690564008.jpg,3,0.0091252862496,0.008909994464,0.01104678327,0.94745384,0.0234641039,3,0.94745384,0.94745384,0.94745384,0.0234641039,0.9239897361,0.27387645063766564,False
3083319765.jpg,3,0.009185774814,0.00789573604,0.0204790044,0.95274788,0.00969163338,3,0.95274788,0.95274788,0.95274788,0.0204790044,0.9322688755999999,0.2519914193360026,False
3408953915.jpg,1,0.0910134719999999,0.242630442,0.01114711998,0.014978670078,0.640230334,4,0.640230334,0.242630442,0.242630442,0.640230334,-0.39759989199999995,0.9603007287470043,True
2393813374.jpg,3,0.008820476484,0.01017883956,0.01025614476,0.961085822,0.0096587293832,3,0.961085822,0.961085822,0.961085822,0.01025614476,0.95082967724,0.21835607677474514,False
1859104179.jpg,4,0.0366811624,0.0145766441999999,0.0851237956,0.0129317316,0.850686668,4,0.850686668,0.850686668,0.850686668,0.0851237956,0.7655628724000001,0.5863931738126148,False
2885109951.jpg,3,0.03592547738,0.02597724706,0.0141700599599999,0.89975034,0.024176839525,3,0.89975034,0.89975034,0.89975034,0.03592547738,0.86382486262,0.45968935900418145,False
799030211.jpg,1,0.0071800562,0.872263936,0.0114732726,0.0270610244,0.082021758,1,0.872263936,0.872263936,0.872263936,0.082021758,0.790242178,0.5087086470766473,False
1726210111.jpg,3,0.014843227716,0.009243140302,0.21448936,0.75139024,0.0100340687064,3,0.75139024,0.75139024,0.75139024,0.21448936,0.53690088,0.6969365993535536,False
432656934.jpg,4,0.04645873,0.17092274,0.0263515552,0.063857004,0.69240996,4,0.69240996,0.69240996,0.69240996,0.17092274,0.52148722,0.9705450560289088,False
1932263546.jpg,4,0.0158059442,0.4159049999999999,0.03160681414,0.01329725094,0.523385,4,0.523385,0.523385,0.523385,0.4159049999999999,0.10748000000000008,0.935913975245493,False
3626614655.jpg,3,0.00726753142,0.0239333207999999,0.0301911448,0.931660416,0.0069476294859,3,0.931660416,0.931660416,0.931660416,0.0301911448,0.9014692712000001,0.3312683381890544,False
3558035737.jpg,1,0.01697028804,0.0486190976,0.0204138654,0.8827464460000001,0.0312502875999999,3,0.8827464460000001,0.0486190976,0.0486190976,0.8827464460000001,-0.8341273484,0.5140273674635534,True
456278844.jpg,3,0.022267896098,0.0207676,0.01043628634,0.913383722,0.03314451906,3,0.913383722,0.913383722,0.913383722,0.03314451906,0.8802392029399999,0.40846819838619075,False
476487552.jpg,3,0.0081279900558,0.0085450113397999,0.009150311742,0.963257672,0.01091900941,3,0.963257672,0.963257672,0.963257672,0.01091900941,0.95233866259,0.2081443710709706,False
4254996610.jpg,1,0.01351374142,0.294046638,0.0601153988,0.0126490702439999,0.619675128,4,0.619675128,0.294046638,0.294046638,0.619675128,-0.32562849,0.9389259342688177,True
1812322752.jpg,3,0.0431403342,0.0142959472119999,0.0573172904,0.8738687839999999,0.0113776671918,3,0.8738687839999999,0.8738687839999999,0.8738687839999999,0.0573172904,0.8165514935999999,0.528954814192604,False
963450221.jpg,4,0.41425157,0.0862650348,0.01326613872,0.01075896436,0.475458284,4,0.475458284,0.475458284,0.475458284,0.41425157,0.061206713999999995,1.0360453704240067,False
548717343.jpg,3,0.00931899072,0.00955480364,0.032023472,0.94033973,0.0087630046924,3,0.94033973,0.94033973,0.94033973,0.032023472,0.908316258,0.2975677359075117,False
206432986.jpg,4,0.02407975922,0.01257291512,0.00806299072,0.012324916792,0.94295945,4,0.94295945,0.94295945,0.94295945,0.02407975922,0.91887969078,0.29318341136667325,False
535314273.jpg,4,0.0344506708,0.0591298536,0.1462879819999999,0.087891254,0.67224025,4,0.67224025,0.67224025,0.67224025,0.1462879819999999,0.5259522680000001,1.045143954878761,False
547059239.jpg,3,0.0099749248,0.0183381878,0.045821413,0.9169244,0.00894110356,3,0.9169244,0.9169244,0.9169244,0.045821413,0.871102987,0.3822601784191907,False
3126169965.jpg,1,0.0075551475778,0.95981724,0.00928920973,0.01332693402,0.010011472,1,0.95981724,0.95981724,0.95981724,0.01332693402,0.9464903059800001,0.22337689865197213,False
1483039132.jpg,3,0.078184092,0.0126668887,0.0341681791999999,0.782794596,0.0921862608,3,0.782794596,0.782794596,0.782794596,0.0921862608,0.6906083352,0.7814346072146232,False
2247604933.jpg,3,0.0078816430832,0.007735800415,0.0151629453999999,0.95993355,0.009286046442,3,0.95993355,0.95993355,0.95993355,0.0151629453999999,0.9447706046000002,0.22200376567239766,False
2112871300.jpg,3,0.0107591914,0.0099664694,0.01018473814,0.961863958,0.00722565807,3,0.961863958,0.961863958,0.961863958,0.0107591914,0.9511047666,0.21443015893504816,False
1001749118.jpg,3,0.008751394998,0.01001425238,0.014807787,0.93917394,0.0272526414,3,0.93917394,0.93917394,0.93917394,0.0272526414,0.9119212986,0.30706920375296093,False
3634357776.jpg,4,0.0141883758,0.1176412438,0.118422499,0.0212764046,0.728471478,4,0.728471478,0.728471478,0.728471478,0.118422499,0.610048979,0.8774983176692134,False
752382759.jpg,3,0.0089248423999999,0.011018518438,0.00968589242,0.9616038,0.008766953976,3,0.9616038,0.9616038,0.9616038,0.011018518438,0.9505852815620001,0.21587978795047724,False
791667524.jpg,2,0.01201895686,0.0194855524,0.90491296,0.0506134882199999,0.012969066458,2,0.90491296,0.90491296,0.90491296,0.0506134882199999,0.8542994717800001,0.42765076776683436,False
544761733.jpg,2,0.00702936164,0.00875746422,0.948107144,0.0265967562,0.00950924172,2,0.948107144,0.948107144,0.948107144,0.0265967562,0.9215103877999999,0.26759895216649127,False
1433930335.jpg,3,0.007746604884,0.01435313618,0.519696192,0.44913223,0.009071828718,2,0.519696192,0.44913223,0.44913223,0.519696192,-0.07056396199999992,0.84087433013314,True
1676052292.jpg,3,0.0101586749192,0.009314225473,0.01654867936,0.95209024,0.01188817478,3,0.95209024,0.95209024,0.95209024,0.01654867936,0.9355415606399999,0.25748556780904464,False
1870630420.jpg,4,0.00888343614,0.0093982024,0.0851911576,0.0070645356399999,0.8894626640000001,4,0.8894626640000001,0.8894626640000001,0.8894626640000001,0.0851911576,0.8042715064000001,0.4348167857449774,False
3718305933.jpg,3,0.010439045168,0.01092903708,0.01143165502,0.95715144,0.01004883592,3,0.95715144,0.95715144,0.95715144,0.01143165502,0.94571978498,0.23624414828707685,False
4251001492.jpg,3,0.01044668856,0.0751924212,0.0535739851999999,0.84502666,0.01576023988,3,0.84502666,0.84502666,0.84502666,0.0751924212,0.7698342388,0.606723349330202,False
1860678801.jpg,3,0.0076829855756,0.008778352796,0.011144943958,0.96089924,0.01149443722,3,0.96089924,0.96089924,0.96089924,0.01149443722,0.9494048027800001,0.21875142992561697,False
190054871.jpg,3,0.00803607501,0.0138975097,0.00857474322,0.95731064,0.01218107386,3,0.95731064,0.95731064,0.95731064,0.0138975097,0.9434131303,0.23445509135382123,False
1700900480.jpg,3,0.00919825248,0.009553119612,0.0100777828,0.963142014,0.008028856978,3,0.963142014,0.963142014,0.963142014,0.0100777828,0.9530642312,0.20879769494074477,False
670541081.jpg,2,0.012754818972,0.0163791066,0.93945086,0.016520945178,0.01489426324,2,0.93945086,0.93945086,0.93945086,0.016520945178,0.922929914822,0.3121036102378657,False
3319077836.jpg,1,0.01036452596,0.7318702100000001,0.0858158126,0.1526663232,0.01928311426,1,0.7318702100000001,0.7318702100000001,0.7318702100000001,0.1526663232,0.5792038868,0.8496156393210518,False
1285436512.jpg,3,0.019955065596,0.0196151790599999,0.0262925944,0.8527765,0.0813606878,3,0.8527765,0.8527765,0.8527765,0.0813606878,0.7714158122000001,0.5908245678227338,False
1476024263.jpg,3,0.009116699412,0.02107311956,0.006806353698,0.951366972,0.01163682238,3,0.951366972,0.951366972,0.951366972,0.02107311956,0.93029385244,0.2573834969092061,False
9548002.jpg,3,0.01050515713,0.0171231334959999,0.01746590288,0.938560088,0.01634570762,3,0.938560088,0.938560088,0.938560088,0.01746590288,0.92109418512,0.3149544015263752,False
2013583726.jpg,3,0.009406294709,0.008422483804,0.008160849104,0.96637698,0.007633367493,3,0.96637698,0.96637698,0.96637698,0.009406294709,0.956970685291,0.1936326553101516,False
1316173298.jpg,2,0.010148371058,0.01178999418,0.1721775599999999,0.79529976,0.010584302506,3,0.79529976,0.1721775599999999,0.1721775599999999,0.79529976,-0.6231222000000001,0.632132667217952,True
807322814.jpg,3,0.011531675983,0.0138291374859999,0.0976182284,0.825434636,0.0515862834,3,0.825434636,0.825434636,0.825434636,0.0976182284,0.7278164076,0.649074787263191,False
3719374465.jpg,0,0.6746682079999999,0.0413172592,0.10808715408,0.02647545896,0.149451932,0,0.6746682079999999,0.6746682079999999,0.6746682079999999,0.149451932,0.5252162759999999,1.017857564469033,False
4163993800.jpg,3,0.0085992336824,0.009698537716,0.01523787844,0.956686364,0.009777953093,3,0.956686364,0.956686364,0.956686364,0.01523787844,0.9414484855599999,0.23722424886965182,False
2779488398.jpg,4,0.342772492,0.07617513162,0.0576023204,0.0318124156,0.4916376719999999,4,0.4916376719999999,0.4916376719999999,0.4916376719999999,0.342772492,0.14886517999999993,1.1862955263813189,False
2316686282.jpg,3,0.007258329294,0.01157416376,0.0170619144,0.95505838,0.00904720946,3,0.95505838,0.95505838,0.95505838,0.0170619144,0.9379964655999999,0.24330418239512921,False
4280698838.jpg,3,0.010324824662,0.01729642328,0.16309449,0.792907852,0.01637640312,3,0.792907852,0.792907852,0.792907852,0.16309449,0.629813362,0.6644845059397697,False
3584687840.jpg,3,0.009500484304,0.00861024589,0.02279476502,0.949807586,0.00928688759088,3,0.949807586,0.949807586,0.949807586,0.02279476502,0.92701282098,0.2637362243311382,False
2863889323.jpg,3,0.0094317334136,0.010469343458,0.009138544602,0.958459296,0.012501067404,3,0.958459296,0.958459296,0.958459296,0.012501067404,0.945958228596,0.23007188141002174,False
542215511.jpg,3,0.009344112942,0.0157397768,0.01491192286,0.9486389,0.0113652985,3,0.9486389,0.9486389,0.9486389,0.0157397768,0.9328991231999999,0.2726268579972692,False
3717608172.jpg,2,0.005720262924,0.009822841692,0.9408765,0.00833216672,0.0352482321999999,2,0.9408765,0.9408765,0.9408765,0.0352482321999999,0.9056282678,0.2900982590856931,False
3287884137.jpg,3,0.179267166,0.088553235,0.0266787722,0.533211318,0.172289476,3,0.533211318,0.533211318,0.533211318,0.179267166,0.35394415199999996,1.2577736444670284,False
1855493278.jpg,3,0.012049275716,0.02819095678,0.010039543164,0.93853908,0.011181166334,3,0.93853908,0.93853908,0.93853908,0.02819095678,0.9103481232199999,0.30981863359659756,False
1167578241.jpg,3,0.008335887578,0.01245402702,0.01198456656,0.956641904,0.0105835882,3,0.956641904,0.956641904,0.956641904,0.01245402702,0.9441878769800001,0.23808972821006213,False
3270798775.jpg,3,0.0108632572,0.0500906656,0.525127616,0.3858867,0.0280317547399999,2,0.525127616,0.3858867,0.3858867,0.525127616,-0.139240916,1.0049801002646923,True
221132537.jpg,3,0.007270812072,0.0125706109,0.01021215344,0.9601886,0.009757874962,3,0.9601886,0.9601886,0.9601886,0.0125706109,0.9476179891,0.22181295734460882,False
3377803887.jpg,3,0.010000809978,0.008473620802,0.01009495132,0.961648684,0.0097819538064,3,0.961648684,0.961648684,0.961648684,0.01009495132,0.95155373268,0.21574364993796288,False
616889374.jpg,3,0.0098931214696,0.25896839,0.0271332422,0.69172769,0.012277549004,3,0.69172769,0.69172769,0.69172769,0.25896839,0.4327593,0.8023805330909318,False
1816576622.jpg,3,0.0109242291,0.01361711362,0.0259693956,0.940250596,0.00923867658628,3,0.940250596,0.940250596,0.940250596,0.0259693956,0.9142812004,0.30386223020552805,False
2353499787.jpg,3,0.009505547936,0.0078547552,0.030903593,0.91871603,0.0330200576,3,0.91871603,0.91871603,0.91871603,0.0330200576,0.8856959724,0.3802806264119632,False
2391557874.jpg,4,0.0707494878,0.0711040065999999,0.028631082,0.0355681402,0.793947296,4,0.793947296,0.793947296,0.793947296,0.0711040065999999,0.7228432894000001,0.7789530534151193,False
3001378465.jpg,3,0.007533322204,0.0112288841,0.064962414,0.90559162,0.010683733,3,0.90559162,0.90559162,0.90559162,0.064962414,0.840629206,0.4031377042612839,False
1018973237.jpg,0,0.8913760399999999,0.0403263185999999,0.0329579971,0.00945053652,0.0258891178,0,0.8913760399999999,0.8913760399999999,0.8913760399999999,0.0403263185999999,0.8510497214,0.48309848614931045,False
1902246685.jpg,2,0.01225750224,0.0153670249,0.7362487799999999,0.129045414,0.1070813134,2,0.7362487799999999,0.7362487799999999,0.7362487799999999,0.129045414,0.6072033659999999,0.8470180071101044,False
3615932083.jpg,4,0.01458435068,0.0098209029,0.01243875356,0.0163752548,0.946780714,4,0.946780714,0.946780714,0.946780714,0.0163752548,0.9304054592,0.2807443783914674,False
3989450757.jpg,0,0.7655406360000001,0.084623853,0.0084527718396,0.01218765036,0.12919511,0,0.7655406360000001,0.7655406360000001,0.7655406360000001,0.12919511,0.6363455260000002,0.7719649429561395,False
2908770842.jpg,1,0.005727472616,0.14502100698,0.0268452952,0.005147525302,0.8172586999999999,4,0.8172586999999999,0.14502100698,0.14502100698,0.8172586999999999,-0.6722376930199999,0.5987489351783396,True
849182498.jpg,4,0.0191805089,0.01274591864,0.211096766,0.278215446,0.4787613739999999,4,0.4787613739999999,0.4787613739999999,0.4787613739999999,0.278215446,0.20054592799999993,1.1683604458676455,False
703096302.jpg,2,0.031043861,0.01681335416,0.4869084779999999,0.27505311,0.19018121,2,0.4869084779999999,0.4869084779999999,0.4869084779999999,0.27505311,0.21185536799999993,1.197600145253785,False
107350755.jpg,1,0.0150142774,0.666828828,0.188253769,0.0130932166,0.1168098616,1,0.666828828,0.666828828,0.666828828,0.188253769,0.47857505899999997,0.9552147776265612,False
2093492030.jpg,3,0.01246859986,0.01230927382,0.0110886034,0.850284126,0.113849432,3,0.850284126,0.850284126,0.850284126,0.113849432,0.7364346940000001,0.5440010891379251,False
2421584728.jpg,2,0.00765244582,0.0697121602,0.460619578,0.4548335839999999,0.0071822482879999,2,0.460619578,0.460619578,0.460619578,0.4548335839999999,0.005785994000000072,0.9738039487724842,False
3530853460.jpg,3,0.00862749048,0.0085973138,0.099253952,0.874849292,0.00867194778,3,0.874849292,0.874849292,0.874849292,0.099253952,0.77559534,0.4693221447121575,False
3634020849.jpg,4,0.171041535,0.0620627738,0.043526326944,0.010889856456,0.712479508,4,0.712479508,0.712479508,0.712479508,0.171041535,0.5414379730000001,0.9017270055076937,False
2873516336.jpg,4,0.00550929372,0.01626032882,0.008175726458,0.0153841956,0.954670454,4,0.954670454,0.954670454,0.954670454,0.01626032882,0.93841012518,0.2434359426709902,False
138293614.jpg,3,0.010972829686,0.03248213738,0.0103758856,0.89831683,0.047852307432,3,0.89831683,0.89831683,0.89831683,0.047852307432,0.850464522568,0.4500136261357398,False
1571798798.jpg,3,0.007599298911,0.008682883167,0.00929303814,0.96422778,0.01019699388,3,0.96422778,0.96422778,0.96422778,0.01019699388,0.95403078612,0.20365672399476553,False
3280151930.jpg,3,0.01190522112,0.0368734382,0.0201073322,0.91719948,0.0139145067144,3,0.91719948,0.91719948,0.91719948,0.0368734382,0.8803260418,0.3917500745022349,False
2433307411.jpg,1,0.004261039736,0.968447936,0.00729429787,0.0097640822,0.01023262278,1,0.968447936,0.968447936,0.968447936,0.01023262278,0.95821531322,0.18228557621153538,False
3141282286.jpg,2,0.0213088281999999,0.0368545916,0.91957054,0.01270384376,0.009562176288,2,0.91957054,0.91957054,0.91957054,0.0368545916,0.8827159484,0.38068985503516745,False
2369607903.jpg,3,0.0464237854,0.0589090904,0.0147883193,0.850524716,0.0293541018,3,0.850524716,0.850524716,0.850524716,0.0589090904,0.7916156256,0.6129237886358898,False
304370319.jpg,3,0.006863134033,0.0540435325,0.007972448238,0.92007189,0.0110490312682,3,0.92007189,0.92007189,0.92007189,0.0540435325,0.8660283575,0.35683309640086025,False
1643057033.jpg,3,0.00972628763,0.009622864996,0.0254386272,0.94481756,0.0103946418824,3,0.94481756,0.94481756,0.94481756,0.0254386272,0.9193789327999999,0.28424143158605714,False
1533023765.jpg,3,0.008562336106,0.00892377946,0.007948330896,0.96561608,0.008949445556,3,0.96561608,0.96561608,0.96561608,0.008949445556,0.956666634444,0.1972931129031496,False
3136654631.jpg,4,0.01019383622,0.00851631052,0.1304332676,0.01033023144,0.8405263519999999,4,0.8405263519999999,0.8405263519999999,0.8405263519999999,0.1304332676,0.7100930844,0.5462730715057222,False
1250233158.jpg,3,0.00950935122,0.00998417992,0.06212064,0.90852027,0.0098655557658,3,0.90852027,0.90852027,0.90852027,0.06212064,0.8463996300000001,0.39560622826652964,False
2035935927.jpg,3,0.007367597924,0.007028512922,0.00928723524,0.962280772,0.0140359101,3,0.962280772,0.962280772,0.962280772,0.0140359101,0.9482448618999999,0.21135949797159573,False
1170720367.jpg,4,0.363718864,0.0357541368,0.02497465866,0.014284302544,0.5612680800000001,4,0.5612680800000001,0.5612680800000001,0.5612680800000001,0.363718864,0.19754921600000008,0.9639621829676663,False
1734635287.jpg,1,0.0339890544,0.60717442,0.259908572,0.060054602,0.0388733308,1,0.60717442,0.60717442,0.60717442,0.259908572,0.347265848,1.0632345719877487,False
2324804154.jpg,3,0.00740929314,0.007348841048,0.0108743928,0.952574816,0.0217926608,3,0.952574816,0.952574816,0.952574816,0.0217926608,0.9307821552000001,0.25128111351134336,False
3229042253.jpg,3,0.024394115,0.01687032642,0.04835573274,0.8889731439999999,0.02140667398,3,0.8889731439999999,0.8889731439999999,0.8889731439999999,0.04835573274,0.8406174112599999,0.49284129765120055,False
2252569257.jpg,4,0.0301402462,0.034000695,0.2625180202,0.141796364,0.531544616,4,0.531544616,0.531544616,0.531544616,0.2625180202,0.26902659580000005,1.1845170319317824,False
2325740169.jpg,3,0.008334151282,0.00858587892,0.0196076271999999,0.9558902,0.007582156088,3,0.9558902,0.9558902,0.9558902,0.0196076271999999,0.9362825728000002,0.23797943970620003,False
2054174491.jpg,3,0.008432463508,0.00907455602,0.01828894902,0.93090816,0.033295823,3,0.93090816,0.93090816,0.93090816,0.033295823,0.897612337,0.33605541129227967,False
498240070.jpg,3,0.0098643286936,0.00815997617,0.00881041108,0.962626056,0.01053924146,3,0.962626056,0.962626056,0.962626056,0.01053924146,0.95208681454,0.21113645446438795,False
1432401820.jpg,2,0.01011733278,0.0141071416,0.93346548,0.0269746922,0.015335383296,2,0.93346548,0.93346548,0.93346548,0.0269746922,0.9064907877999999,0.3323765700037593,False
1960632681.jpg,1,0.0211532867999999,0.85310078,0.01115108656,0.099898602,0.0146962202,1,0.85310078,0.85310078,0.85310078,0.099898602,0.753202178,0.5593893955297795,False
1836597085.jpg,3,0.00960059704,0.01024610908,0.0223975878,0.944813278,0.0129424269304,3,0.944813278,0.944813278,0.944813278,0.0223975878,0.9224156902,0.28652268286512,False
2054452426.jpg,3,0.0080295241544,0.00925294743,0.01057670528,0.9510173,0.0211234656,3,0.9510173,0.9510173,0.9510173,0.0211234656,0.9298938344,0.2594278148837208,False
522535695.jpg,3,0.00680376052,0.0393270268,0.156199224,0.7851353799999999,0.0125346477,3,0.7851353799999999,0.7851353799999999,0.7851353799999999,0.156199224,0.628936156,0.6960278578231778,False
2026049227.jpg,3,0.01727699378,0.065651398,0.0331349498,0.843278444,0.0406582084,3,0.843278444,0.843278444,0.843278444,0.065651398,0.777627046,0.6357614230974356,False
4140015912.jpg,3,0.00727449666,0.556159182,0.065082364,0.36230614,0.009177835826,1,0.556159182,0.36230614,0.36230614,0.556159182,-0.19385304200000003,0.9508156534019714,True
3662919995.jpg,3,0.0086164163024,0.01135837798,0.01829327822,0.94863766,0.01309428976,3,0.94863766,0.94863766,0.94863766,0.01829327822,0.93034438178,0.27181062694385005,False
1667447724.jpg,1,0.1409576568,0.81958263,0.0122230232,0.0176059458,0.00963077156,1,0.81958263,0.81958263,0.81958263,0.1409576568,0.6786249732,0.6089106551416235,False
2113248932.jpg,3,0.0095242785,0.008824677826,0.0092171801,0.949329476,0.0231043954,3,0.949329476,0.949329476,0.949329476,0.0231043954,0.9262250806,0.26568139761298837,False
1373499412.jpg,4,0.01499016978,0.476472994,0.00855030092,0.046002066,0.453984468,1,0.476472994,0.453984468,0.453984468,0.476472994,-0.02248852600000001,0.9570609222186204,True
3850304158.jpg,3,0.00988701138,0.0113456467,0.017617897,0.952135896,0.00901354093812,3,0.952135896,0.952135896,0.952135896,0.017617897,0.934517999,0.2567607441573414,False
685596470.jpg,1,0.01270976692,0.934806396,0.02242336306,0.01149600572,0.01856448224,1,0.934806396,0.934806396,0.934806396,0.02242336306,0.91238303294,0.32900565467465004,False
4153020952.jpg,4,0.0124210647,0.29651869,0.242227618,0.1791372,0.2696954259999999,1,0.29651869,0.2696954259999999,0.2696954259999999,0.29651869,-0.02682326400000007,1.4198891914891918,True
3079888701.jpg,4,0.0416173236,0.0265174594,0.0131546359999999,0.01103392326,0.907676678,4,0.907676678,0.907676678,0.907676678,0.0416173236,0.8660593543999999,0.4231924217310095,False
3180077185.jpg,1,0.0647117858,0.3091472779999999,0.1116009342,0.0476403621999999,0.4668996399999999,4,0.4668996399999999,0.3091472779999999,0.3091472779999999,0.4668996399999999,-0.15775236199999998,1.285440409345445,True
943360126.jpg,3,0.01193555792,0.1848199532,0.0462606344,0.69915122,0.0578326592,3,0.69915122,0.69915122,0.69915122,0.1848199532,0.5143312668,0.9221315988057623,False
1196700830.jpg,3,0.15817638,0.0218675912,0.199244646,0.6078319560000001,0.01287938038,3,0.6078319560000001,0.6078319560000001,0.6078319560000001,0.199244646,0.40858731000000004,1.0553704225126026,False
3490424347.jpg,3,0.00761546686,0.00986778254,0.0099387556,0.961799358,0.01077861226,3,0.961799358,0.961799358,0.961799358,0.01077861226,0.9510207457400001,0.21484057998920336,False
3907855912.jpg,2,0.00636460489,0.01361950802,0.908525628,0.0082357283,0.0632545668,2,0.908525628,0.908525628,0.908525628,0.0632545668,0.8452710612000001,0.3920008204272868,False
3819024840.jpg,3,0.008905751239,0.0078076076244,0.0831099168,0.890856924,0.00931979602,3,0.890856924,0.890856924,0.890856924,0.0831099168,0.8077470072,0.4332091036239517,False
2858611026.jpg,3,0.00971746722,0.010282905781,0.0116269138,0.95653964,0.011833084782,3,0.95653964,0.95653964,0.95653964,0.011833084782,0.9447065552180001,0.2388917233641241,False
3738173464.jpg,3,0.00886689199404,0.0091621091696,0.008266753356,0.96444892,0.009255310182,3,0.96444892,0.96444892,0.96444892,0.009255310182,0.9551936098180001,0.20278808924439035,False
3579018611.jpg,2,0.00927491159,0.0115528739,0.95232992,0.00861489192,0.01822738276,2,0.95232992,0.95232992,0.95232992,0.01822738276,0.93410253724,0.25541639057003696,False
1202619622.jpg,3,0.00938033492,0.009539500218,0.0777547076,0.8960410160000001,0.007284455957,3,0.8960410160000001,0.8960410160000001,0.8960410160000001,0.0777547076,0.8182863084,0.4209914152505233,False
1164773152.jpg,4,0.4535934,0.053669557,0.0091300924,0.0108580079999999,0.472748898,4,0.472748898,0.472748898,0.472748898,0.4535934,0.019155497999999993,0.9617335941454189,False
3092716255.jpg,3,0.007257084172,0.0137880794,0.0579484256,0.91359072,0.0074157014088,3,0.91359072,0.91359072,0.91359072,0.0579484256,0.8556422944,0.3787943699218235,False
1931631736.jpg,3,0.0084063949946,0.013844782756,0.0118656393,0.958375064,0.007508127224,3,0.958375064,0.958375064,0.958375064,0.013844782756,0.9445302812440001,0.2295136143975497,False
1029779424.jpg,3,0.009317308618,0.00784878432,0.01063325842,0.957906352,0.01429430402,3,0.957906352,0.957906352,0.957906352,0.01429430402,0.94361204798,0.23184356853717303,False
3017336712.jpg,4,0.0468302596,0.0111440614,0.0103065436399999,0.0083400232,0.923379124,4,0.923379124,0.923379124,0.923379124,0.0468302596,0.8765488644,0.354151958204825,False
3070263575.jpg,1,0.0537813802,0.915139108,0.0067303918,0.00837911562,0.01597001468,1,0.915139108,0.915139108,0.915139108,0.0537813802,0.8613577278,0.3781446979281325,False
1067302519.jpg,4,0.14752911,0.179162666,0.0091079649,0.0098692006,0.65433108,4,0.65433108,0.65433108,0.65433108,0.179162666,0.475168414,0.9562972909061356,False
770913881.jpg,4,0.0142794634,0.0084212038,0.169195778,0.0303370198,0.777766542,4,0.777766542,0.777766542,0.777766542,0.169195778,0.608570764,0.703025326642655,False
263461197.jpg,3,0.0097725627458,0.0163220374,0.009583345322,0.95313008,0.011191984004,3,0.95313008,0.95313008,0.95313008,0.0163220374,0.9368080426,0.2529736019845389,False
1302324142.jpg,3,0.008237779352,0.0072636268,0.01214065786,0.963261376,0.0090965594004,3,0.963261376,0.963261376,0.963261376,0.01214065786,0.95112071814,0.20766846681942894,False
2126921679.jpg,3,0.00970393652,0.013405675872,0.0165594598,0.94525772,0.01507319068,3,0.94525772,0.94525772,0.94525772,0.0165594598,0.9286982602,0.2871386121583182,False
697821709.jpg,3,0.0102637578,0.0258931872,0.0174175375999999,0.92885874,0.0175667538,3,0.92885874,0.92885874,0.92885874,0.0258931872,0.9029655528,0.35170175803336634,False
2684339934.jpg,4,0.147144248,0.1962452063999999,0.05899578,0.018063549,0.57955122,4,0.57955122,0.57955122,0.57955122,0.1962452063999999,0.38330601360000016,1.1571680640858215,False
1871120832.jpg,3,0.010153116653,0.008456621719,0.0095245218,0.95932916,0.012536569444,3,0.95932916,0.95932916,0.95932916,0.012536569444,0.946792590556,0.2260216859823373,False
503037836.jpg,3,0.00708651188,0.00750967508,0.01054099062,0.90725018,0.0676126412,3,0.90725018,0.90725018,0.90725018,0.0676126412,0.8396375388,0.39025168220930373,False
3678880730.jpg,3,0.011879021456,0.0127309774,0.0224978078,0.939396956,0.013495212042,3,0.939396956,0.939396956,0.939396956,0.0224978078,0.9168991482,0.31040911432477103,False
1081331009.jpg,0,0.805431872,0.0378086126,0.07579507362,0.01901265754,0.0619517508,0,0.805431872,0.805431872,0.805431872,0.07579507362,0.72963679838,0.7412914133731021,False
1685392765.jpg,4,0.0354728537999999,0.0170134058,0.0199956236,0.142703792,0.784814324,4,0.784814324,0.784814324,0.784814324,0.142703792,0.642110532,0.7339884655733843,False
3506949016.jpg,2,0.0061100172316,0.008848297,0.945444864,0.03331668858,0.00628015499,2,0.945444864,0.945444864,0.945444864,0.03331668858,0.91212817542,0.2711934993413178,False
2574008677.jpg,2,0.009728514032,0.07460443788,0.89177894,0.0147064248,0.009181699468,2,0.89177894,0.89177894,0.89177894,0.07460443788,0.81717450212,0.44597134526411036,False
3721821118.jpg,3,0.00969731586,0.0144350068,0.4497814599999999,0.517576946,0.00850928278,3,0.517576946,0.517576946,0.517576946,0.4497814599999999,0.06779548600000013,0.8469402691499316,False
1648069139.jpg,3,0.0091381722872,0.009438858836,0.0176067308,0.954604036,0.0092122007344,3,0.954604036,0.954604036,0.954604036,0.0176067308,0.9369973052,0.24557027353182592,False
2185157799.jpg,3,0.00740081653292,0.0091828964044,0.00831393577,0.964375136,0.010727264888,3,0.964375136,0.964375136,0.964375136,0.010727264888,0.953647871112,0.20283388807323557,False
1250607039.jpg,3,0.0075589848324,0.00879898674,0.0217395303,0.954713504,0.007189016458,3,0.954713504,0.954713504,0.954713504,0.0217395303,0.9329739737,0.24152935780157941,False
533133014.jpg,3,0.01119746438,0.0093490938,0.0502093372,0.92168162,0.0075624603439999,3,0.92168162,0.92168162,0.92168162,0.0502093372,0.8714722828,0.3562945646309723,False
3755206002.jpg,3,0.01005450026,0.00882771254,0.505828824,0.45784744,0.0174415278,2,0.505828824,0.45784744,0.45784744,0.505828824,-0.04798138399999996,0.8610512882814308,True
4063439592.jpg,3,0.0201532166,0.0177438558,0.1764067071999999,0.77623928,0.00945694990966,3,0.77623928,0.77623928,0.77623928,0.1764067071999999,0.5998325728,0.6969793621233062,False
794333846.jpg,3,0.007936947446,0.0066629992856,0.011987206376,0.95682796,0.0165849064,3,0.95682796,0.95682796,0.95682796,0.0165849064,0.9402430536,0.23501708779708447,False
955794248.jpg,0,0.78341366,0.0904672836,0.0056914609399999,0.01272253078,0.107705094,0,0.78341366,0.78341366,0.78341366,0.107705094,0.675708566,0.7335481837774606,False
1040315063.jpg,0,0.952057544,0.01802160056,0.006709128744,0.00697482964,0.01623690668,0,0.952057544,0.952057544,0.952057544,0.01802160056,0.93403594344,0.25426367622126644,False
2238147414.jpg,3,0.0101406972,0.0102631674,0.0105441248,0.95681826,0.012233750238,3,0.95681826,0.95681826,0.95681826,0.012233750238,0.944584509762,0.23766151301688915,False
3135673078.jpg,3,0.0268937122,0.0318994092,0.0221100898,0.308390036,0.610706772,4,0.610706772,0.308390036,0.308390036,0.610706772,-0.30231673600000003,0.9553701559846096,True
181355439.jpg,3,0.02041378404,0.025971816136,0.381907344,0.551167454,0.020539596,3,0.551167454,0.551167454,0.551167454,0.381907344,0.16926011000000002,0.9500170816777388,False
4275116781.jpg,0,0.158222068,0.04979364792,0.01044171174,0.009424596944,0.77211794,4,0.77211794,0.158222068,0.158222068,0.77211794,-0.6138958720000001,0.7323757103000814,True
3964194408.jpg,2,0.00874883296,0.0581751972,0.758429398,0.1076497424,0.066996848,2,0.758429398,0.758429398,0.758429398,0.1076497424,0.6507796556,0.8376740912979249,False
1343301467.jpg,2,0.0290410685999999,0.2544069276,0.53310556,0.0571225815999999,0.1263238515999999,2,0.53310556,0.53310556,0.53310556,0.2544069276,0.2786986324,1.2112262726642973,False
1900666535.jpg,3,0.01377411464,0.01467776058,0.00796312244,0.956465116,0.007119881017,3,0.956465116,0.956465116,0.956465116,0.01467776058,0.9417873554199999,0.2372478796388536,False
1840283503.jpg,4,0.63920758,0.0792711775999999,0.04268186864,0.008257804222,0.2305815719999999,0,0.63920758,0.2305815719999999,0.2305815719999999,0.63920758,-0.4086260080000001,0.9995300543300789,True
2324130326.jpg,4,0.0718848048,0.0108283873799999,0.00836515796,0.0126320903,0.8962895559999999,4,0.8962895559999999,0.8962895559999999,0.8962895559999999,0.0718848048,0.8244047511999999,0.4316291362063202,False
3609593420.jpg,3,0.009386410088,0.0221458564,0.0102970814,0.9509391,0.0072315728725999,3,0.9509391,0.9509391,0.9509391,0.0221458564,0.9287932436,0.25880059834599595,False
1575866220.jpg,0,0.93223794,0.029154799,0.01469491398,0.0123738055,0.0115385576,0,0.93223794,0.93223794,0.93223794,0.029154799,0.9030831410000001,0.3363286105794574,False
3945098769.jpg,3,0.01273433334,0.01138151342,0.034134358,0.922045688,0.0197041,3,0.922045688,0.922045688,0.922045688,0.034134358,0.88791133,0.3740040505314148,False
3752024211.jpg,1,0.0784021544,0.52767906,0.025231475,0.0215803708,0.347106988,1,0.52767906,0.52767906,0.52767906,0.347106988,0.18057207199999997,1.0798387931625246,False
514638622.jpg,3,0.01000007468,0.088035328,0.0475761032,0.838937756,0.01545073884,3,0.838937756,0.838937756,0.838937756,0.088035328,0.750902428,0.616633075045484,False
144323754.jpg,3,0.007340872086,0.0041280779054,0.915977356,0.066939504,0.00561418471054,2,0.915977356,0.066939504,0.066939504,0.915977356,-0.8490378519999999,0.34922507063534874,True
2618467326.jpg,2,0.0102080818,0.130486834,0.766860436,0.01450442,0.077940236,2,0.766860436,0.766860436,0.766860436,0.130486834,0.6363736019999999,0.7763878775964053,False
2853035567.jpg,3,0.00947369544,0.01305864102,0.008023452508,0.9620989,0.00734531695808,3,0.9620989,0.9620989,0.9620989,0.01305864102,0.94904025898,0.21277504525590396,False
2105186227.jpg,0,0.931438182,0.0266885498,0.012452542694,0.0117153158,0.017705401,0,0.931438182,0.931438182,0.931438182,0.0266885498,0.9047496321999999,0.3409949828529551,False
3934102198.jpg,2,0.0187521082,0.01379092972,0.230869128,0.02305886796,0.7135289699999999,4,0.7135289699999999,0.230869128,0.230869128,0.7135289699999999,-0.4826598419999999,0.7998398182872131,True
2805717623.jpg,1,0.0119473997,0.265229812,0.616791758,0.0131848048,0.092846224,2,0.616791758,0.265229812,0.265229812,0.616791758,-0.35156194599999996,0.9806953549674207,True
1867813812.jpg,3,0.006994190722,0.01062258798,0.0189360138,0.92196288,0.041484315,3,0.92196288,0.92196288,0.92196288,0.041484315,0.880478565,0.36503154942786037,False
1840585647.jpg,3,0.007500814466,0.00919647612,0.0205037007999999,0.95021502,0.0125839972,3,0.95021502,0.95021502,0.95021502,0.0205037007999999,0.9297113192000002,0.2631059449914276,False
1334106792.jpg,3,0.01026986118,0.010069122734,0.01019522744,0.961391904,0.0080738843138,3,0.961391904,0.961391904,0.961391904,0.01026986118,0.95112204282,0.21683733229290394,False
2523038081.jpg,3,0.007913419264,0.00786695654,0.0097856931799999,0.96522935,0.0092045961162,3,0.96522935,0.96522935,0.96522935,0.0097856931799999,0.9554436568200001,0.19899807177581955,False
4172221636.jpg,3,0.216239764,0.04479854324,0.00972410608,0.67189248,0.057345100462,3,0.67189248,0.67189248,0.67189248,0.216239764,0.455652716,0.9464345119079896,False
4234605337.jpg,3,0.0608226888,0.0492038274,0.7821753,0.095853328,0.0119448678099999,2,0.7821753,0.095853328,0.095853328,0.7821753,-0.686321972,0.7882994780862385,True
1899098077.jpg,3,0.007414748468,0.00840150794,0.0268709317999999,0.87986331,0.0774495384,3,0.87986331,0.87986331,0.87986331,0.0774495384,0.8024137715999999,0.4844405612686198,False
2439113989.jpg,3,0.01046321262,0.007752773684,0.0225480396,0.95161854,0.0076174424822,3,0.95161854,0.95161854,0.95161854,0.0225480396,0.9290705004,0.2552362633590016,False
314170345.jpg,3,0.0079197758136,0.0088197105956,0.01080258816,0.96261424,0.0098436902186,3,0.96261424,0.96261424,0.96261424,0.01080258816,0.9518116518399999,0.211121749332831,False
2672830636.jpg,4,0.2631542699999999,0.0670557718,0.0471051106,0.0225299662,0.6001548879999999,4,0.6001548879999999,0.6001548879999999,0.6001548879999999,0.2631542699999999,0.33700061800000003,1.0683124326470343,False
3225476666.jpg,2,0.01230692747,0.01460508964,0.923775996,0.0305929604,0.01871900706,2,0.923775996,0.923775996,0.923775996,0.0305929604,0.8931830356,0.3702352421776852,False
2623882329.jpg,3,0.0075178808004,0.0076792937013,0.00994272092,0.9623494,0.01251067268,3,0.9623494,0.9623494,0.9623494,0.01251067268,0.9498387273200001,0.21174741735024233,False
640671691.jpg,3,0.009061940728,0.006978700414,0.0325382374,0.910232508,0.04118862424,3,0.910232508,0.910232508,0.910232508,0.04118862424,0.86904388376,0.4057144624654796,False
1276952217.jpg,3,0.00877638422,0.0084237848572,0.01112223946,0.96057245,0.0111051387114,3,0.96057245,0.96057245,0.96057245,0.01112223946,0.94945021054,0.22045377235857647,False
4270811965.jpg,3,0.0221277982,0.2722276,0.0402609168,0.640049324,0.025334357614,3,0.640049324,0.640049324,0.640049324,0.2722276,0.367821724,0.9465755516871769,False
2385678651.jpg,3,0.0210365528,0.0172507962,0.1100357979999999,0.8451104,0.006566448946,3,0.8451104,0.8451104,0.8451104,0.1100357979999999,0.7350746020000002,0.5693359134193158,False
647141648.jpg,3,0.01054780886,0.007897018396,0.0116153675,0.961982056,0.007957761589,3,0.961982056,0.961982056,0.961982056,0.0116153675,0.9503666885,0.21374554168881482,False
3656044201.jpg,3,0.0097824520688,0.007699809486,0.00728145959,0.96412892,0.0111073688594,3,0.96412892,0.96412892,0.96412892,0.0111073688594,0.9530215511405999,0.2037837008127515,False
4177084912.jpg,3,0.0075252927828,0.008429942716,0.00791916014,0.968545636,0.007579972356,3,0.968545636,0.968545636,0.968545636,0.008429942716,0.960115693284,0.1833342373217949,False
1658661727.jpg,3,0.014676732024,0.010849466068,0.01148021706,0.95068444,0.012309154746,3,0.95068444,0.95068444,0.95068444,0.014676732024,0.936007707976,0.2645278745829174,False
6442965.jpg,4,0.038310682,0.006128939,0.01666433844,0.0445674202,0.8943286340000001,4,0.8943286340000001,0.8943286340000001,0.8943286340000001,0.0445674202,0.8497612138,0.46294622841178235,False
1045708576.jpg,3,0.009825973192,0.04460856,0.0173819864,0.91764764,0.01053577045,3,0.91764764,0.91764764,0.91764764,0.04460856,0.87303908,0.3814186144569062,False
1643552654.jpg,3,0.009896870552,0.00928275852,0.01657452178,0.88023408,0.0840117515999999,3,0.88023408,0.88023408,0.88023408,0.0840117515999999,0.7962223284000001,0.4774419932583567,False
1277679675.jpg,4,0.01554620614,0.00753474435,0.0354433205999999,0.0212482926,0.920227424,4,0.920227424,0.920227424,0.920227424,0.0354433205999999,0.8847841034000001,0.3782792803364261,False
2390382955.jpg,3,0.0088840703884,0.010581520298,0.00782900332,0.963167824,0.0095375668312,3,0.963167824,0.963167824,0.963167824,0.010581520298,0.952586303702,0.2085845754906913,False
119785295.jpg,1,0.0094302192564,0.953893604,0.012604670832,0.01301260682,0.0110588999822,1,0.953893604,0.953893604,0.953893604,0.01301260682,0.94088099718,0.25045031052668365,False
1319890575.jpg,3,0.008232266328,0.00831012305,0.010452570036,0.96310766,0.009897378346,3,0.96310766,0.96310766,0.96310766,0.010452570036,0.9526550899640001,0.20887788211081143,False
905387859.jpg,3,0.01020469852,0.0125745438399999,0.0157658864,0.95382386,0.007631037549,3,0.95382386,0.95382386,0.95382386,0.0157658864,0.9380579736,0.24954035911734218,False
